run_id,run_name,state,tag,dataset,method,mode,N,seed,teacher_arch,epoch,test/mAP@R,test/recall@1,test/recall@2,test/recall@4,test/recall@8,test/R_precision,val/mAP@R,val/recall@1,val/recall@2,val/recall@4,val/recall@8,val/R_precision,train/graph_loss,train/loss_loss,lr
508d75df36e0269e,classic-rkd_dist-resnet18-cars196,finished,?,cars196,profile,off,8,0,resnet18,5.0,0.0019122830126434565,0.025827081874012947,0.04624277353286743,0.08363054692745209,0.1426638811826706,0.017032593488693237,0.009364168159663677,0.09421586245298386,0.1669648140668869,0.2856290936470032,0.44603458046913147,0.06421251595020294,0.0,0.3530487284064293,0.001
508d75df36e0269e,classic-rkd_dist-resnet18-cars196,finished,?,cars196,profile,off,8,0,resnet18,10.0,0.002972332527860999,0.03628090023994446,0.06050916388630867,0.10023367404937744,0.16418644785881042,0.020358042791485786,0.010577513836324215,0.09600476920604706,0.1729278415441513,0.27429935336112976,0.44901609420776367,0.0686965063214302,0.0,0.4651658380031586,0.000995347630045147
508d75df36e0269e,classic-rkd_dist-resnet18-cars196,finished,?,cars196,profile,off,8,0,resnet18,15.0,0.003202929627150297,0.03726479038596153,0.06358381360769272,0.10453818738460541,0.17341040074825287,0.021439416334033012,0.011196644976735115,0.09600476920604706,0.1657722145318985,0.287418007850647,0.4645199775695801,0.07004503160715103,0.0,0.5023393845558166,0.0009814771850302259
508d75df36e0269e,classic-rkd_dist-resnet18-cars196,finished,?,cars196,profile,off,8,0,resnet18,20.0,0.003669444238767028,0.040585413575172424,0.06641249358654022,0.10994957387447357,0.17660804092884064,0.02292841114103794,0.011810977943241596,0.09302325546741486,0.1788908839225769,0.3148479461669922,0.4907573163509369,0.0726136788725853,0.0,0.49568150073289874,0.0009586470451019739
508d75df36e0269e,classic-rkd_dist-resnet18-cars196,finished,?,cars196,profile,off,8,0,resnet18,25.0,0.004174274392426014,0.04402902349829674,0.07231582701206207,0.12064936757087708,0.193211168050766,0.025068700313568115,0.013358667492866516,0.11747167259454727,0.18902802467346191,0.3225998878479004,0.4961240291595459,0.07680531591176987,0.0,0.4870171520113945,0.0009272824925709711
508d75df36e0269e,classic-rkd_dist-resnet18-cars196,finished,?,cars196,profile,off,8,0,resnet18,30.0,0.004920524079352617,0.04919444024562836,0.08227770030498505,0.13134916126728058,0.20686262845993042,0.027371838688850403,0.013907389715313911,0.11568276584148407,0.21168753504753113,0.341085284948349,0.5241502523422241,0.07980602979660034,0.0,0.4817292699217796,0.0008879677897068578
508d75df36e0269e,classic-rkd_dist-resnet18-cars196,finished,?,cars196,profile,off,8,0,resnet18,35.0,0.005716780666261911,0.04956340044736862,0.08633624762296677,0.13811339437961578,0.2130119353532791,0.02947653830051422,0.0149285439401865,0.12581992149353027,0.21288014948368073,0.35599285364151,0.5408467650413513,0.08228050172328949,0.0,0.4782455849647522,0.0008414352950377178
508d75df36e0269e,classic-rkd_dist-resnet18-cars196,finished,?,cars196,profile,off,8,0,resnet18,40.0,0.006577515974640846,0.05903333052992821,0.0999877005815506,0.15422457456588745,0.2388390153646469,0.032773394137620926,0.016892481595277786,0.13834227621555328,0.22659510374069214,0.3750745356082916,0.5629099607467651,0.0883604884147644,0.0,0.47201307386159896,0.0007885518208963762
508d75df36e0269e,classic-rkd_dist-resnet18-cars196,finished,?,cars196,profile,off,8,0,resnet18,45.0,0.007409192156046629,0.06272291392087936,0.1050301343202591,0.1635715216398239,0.257286936044693,0.035934995859861374,0.01888681948184967,0.13834227621555328,0.22480620443820953,0.38700059056282043,0.5641025900840759,0.09331287443637848,0.0,0.46498978674411773,0.0007303024863467105
508d75df36e0269e,classic-rkd_dist-resnet18-cars196,finished,?,cars196,profile,off,8,0,resnet18,50.0,0.008303740993142128,0.06838027387857437,0.11056450754404068,0.1791907548904419,0.2661419212818146,0.03854487091302872,0.024194788187742233,0.1735241562128067,0.2856290936470032,0.42754918336868286,0.6016696691513062,0.10416623950004578,0.0,0.4610412395000458,0.0006677723662794075
508d75df36e0269e,classic-rkd_dist-resnet18-cars196,finished,?,cars196,profile,off,8,0,resnet18,55.0,0.009199944324791431,0.07858812063932419,0.12667568027973175,0.19517894089221954,0.2978723347187042,0.041594915091991425,0.029059717431664467,0.19558735191822052,0.316636860370636,0.4567680358886719,0.6320810914039612,0.11222976446151733,0.0,0.4531959182024002,0.0006021262785197906
508d75df36e0269e,classic-rkd_dist-resnet18-cars196,finished,?,cars196,profile,off,8,0,resnet18,60.0,0.010301432572305202,0.08461444079875946,0.14229491353034973,0.21374984085559845,0.3168121874332428,0.04527093470096588,0.03548943251371384,0.20572450757026672,0.3196183741092682,0.4722719192504883,0.6553369164466858,0.12216956168413162,0.0,0.44982692986726763,0.0005345870854756532
508d75df36e0269e,classic-rkd_dist-resnet18-cars196,finished,?,cars196,profile,off,8,0,resnet18,65.0,0.011094962246716022,0.09752798080444336,0.15520846843719482,0.22949206829071045,0.33390727639198303,0.04821408540010452,0.042720820754766464,0.22540250420570374,0.3392963707447052,0.4973166286945343,0.6517590880393982,0.1316097527742386,0.0,0.44364279359579084,0.0004664129145243469
508d75df36e0269e,classic-rkd_dist-resnet18-cars196,finished,?,cars196,profile,off,8,0,resnet18,70.0,0.012722638435661793,0.1017095074057579,0.1629565805196762,0.24338950216770172,0.35186323523521423,0.05147070810198784,0.04873256757855415,0.24090638756752014,0.3649373948574066,0.5193798542022705,0.6678592562675476,0.13948769867420197,0.0,0.440204716026783,0.0003988737214802095
508d75df36e0269e,classic-rkd_dist-resnet18-cars196,finished,?,cars196,profile,off,8,0,resnet18,75.0,0.014106899499893188,0.10355430096387863,0.16676916182041168,0.2539663016796112,0.3567826747894287,0.054740674793720245,0.05432426556944847,0.25223612785339355,0.38223016262054443,0.5348837375640869,0.6881335973739624,0.1480049341917038,0.0,0.43427016168832777,0.0003332276337205924
508d75df36e0269e,classic-rkd_dist-resnet18-cars196,finished,?,cars196,profile,off,8,0,resnet18,80.0,0.014994461089372635,0.11843561381101608,0.17906776070594788,0.2668798565864563,0.38125690817832947,0.05710161477327347,0.06287387013435364,0.27131783962249756,0.39415621757507324,0.5533691048622131,0.6863446831703186,0.15673743188381195,0.0,0.4297143718600273,0.00027069751365328947
508d75df36e0269e,classic-rkd_dist-resnet18-cars196,finished,?,cars196,profile,off,8,0,resnet18,85.0,0.015958338975906372,0.12224818766117096,0.18915262818336487,0.27216824889183044,0.3922026753425598,0.05877775698900223,0.06583258509635925,0.27489563822746277,0.38580799102783203,0.5348837375640869,0.6958855390548706,0.1595609486103058,0.0,0.42141739666461947,0.0002124481791036239
508d75df36e0269e,classic-rkd_dist-resnet18-cars196,finished,?,cars196,profile,off,8,0,resnet18,90.0,0.017238261178135872,0.1264297068119049,0.19407206773757935,0.28446686267852783,0.4057311415672302,0.062242571264505386,0.06897210329771042,0.29099583625793457,0.41443052887916565,0.5569469332695007,0.7012522220611572,0.16436754167079926,0.0,0.4214756539463997,0.00015956470496228238
508d75df36e0269e,classic-rkd_dist-resnet18-cars196,finished,?,cars196,profile,off,8,0,resnet18,95.0,0.016753362491726875,0.13110318779945374,0.2012052685022354,0.2927069365978241,0.4112655222415924,0.06212719902396202,0.07033424079418182,0.2999403774738312,0.41204532980918884,0.5664877891540527,0.7048300504684448,0.16587276756763458,0.0,0.416440552175045,0.00011303221029314226
508d75df36e0269e,classic-rkd_dist-resnet18-cars196,finished,?,cars196,profile,off,8,0,resnet18,100.0,0.01780138723552227,0.13282498717308044,0.20292706787586212,0.2994711697101593,0.41876769065856934,0.06424982100725174,0.07386872917413712,0.31186643242836,0.42993441224098206,0.5706619024276733,0.703637421131134,0.17052221298217773,0.0,0.41396921694278715,7.371750742902897e-05
508d75df36e0269e,classic-rkd_dist-resnet18-cars196,finished,?,cars196,profile,off,8,0,resnet18,105.0,0.018061531707644463,0.1371295005083084,0.20538678765296936,0.2977493405342102,0.4161849617958069,0.06449851393699646,0.07491321116685867,0.3112701177597046,0.43470484018325806,0.5706619024276733,0.7173523902893066,0.1707419753074646,0.0,0.4108250173926353,4.235295489802631e-05
508d75df36e0269e,classic-rkd_dist-resnet18-cars196,finished,?,cars196,profile,off,8,0,resnet18,110.0,0.018149131909012794,0.1343008279800415,0.20550978183746338,0.299963116645813,0.4208584427833557,0.06494977325201035,0.07671467959880829,0.31186643242836,0.42933809757232666,0.5718545317649841,0.7137746214866638,0.1733115315437317,0.0,0.41360951006412505,1.9522814969774334e-05
508d75df36e0269e,classic-rkd_dist-resnet18-cars196,finished,?,cars196,profile,off,8,0,resnet18,115.0,0.018300939351320267,0.1376214474439621,0.20809248089790344,0.3005780279636383,0.419259637594223,0.06520422548055649,0.07728362828493118,0.3231961727142334,0.43470484018325806,0.5837805867195129,0.7137746214866638,0.17420551180839539,0.0,0.40823653131723403,5.652369954852788e-06
508d75df36e0269e,classic-rkd_dist-resnet18-cars196,finished,?,cars196,profile,off,8,0,resnet18,120.0,0.01829216629266739,0.1365145742893219,0.20883040130138397,0.302299827337265,0.41987454891204834,0.06525180488824844,0.07722969353199005,0.3208109736442566,0.43112701177597046,0.5825879573822021,0.7167561054229736,0.17407160997390747,0.0,0.40898396611213683,1e-06
3f1c142b7af75c69,classic-rkd_angle-resnet18-cars196,finished,?,cars196,profile,off,8,0,resnet18,5.0,0.0019243902061134577,0.029393678531050682,0.04759562015533447,0.08055589348077774,0.13971221446990967,0.016805320978164673,0.008964414708316326,0.09183064848184586,0.1663685142993927,0.27966606616973877,0.43649372458457947,0.0631461814045906,0.0,0.5043182861804962,0.001
3f1c142b7af75c69,classic-rkd_angle-resnet18-cars196,finished,?,cars196,profile,off,8,0,resnet18,10.0,0.0024435599334537983,0.028163816779851913,0.04968638718128204,0.08695117384195328,0.1472143679857254,0.018810944631695747,0.009567754343152046,0.08586762100458145,0.1556350588798523,0.25581395626068115,0.43589743971824646,0.06626588851213455,0.0,0.7490569120645523,0.000995347630045147
3f1c142b7af75c69,classic-rkd_angle-resnet18-cars196,finished,?,cars196,profile,off,8,0,resnet18,15.0,0.003253374481573701,0.03578895702958107,0.06112409383058548,0.0999877005815506,0.1645554006099701,0.020889315754175186,0.010467522777616978,0.08944544196128845,0.1627907007932663,0.27728086709976196,0.44782349467277527,0.06882047653198242,0.0,0.8286687099933624,0.0009814771850302259
3f1c142b7af75c69,classic-rkd_angle-resnet18-cars196,finished,?,cars196,profile,off,8,0,resnet18,20.0,0.0036895107477903366,0.04083138704299927,0.06702742725610733,0.11056450754404068,0.18128152191638947,0.022643262520432472,0.01146127749234438,0.10017888993024826,0.1753130555152893,0.3178294599056244,0.4841979742050171,0.07189779728651047,0.0,0.8182367104291915,0.0009586470451019739
3f1c142b7af75c69,classic-rkd_angle-resnet18-cars196,finished,?,cars196,profile,off,8,0,resnet18,25.0,0.004521033260971308,0.04476694017648697,0.07452958077192307,0.12089534103870392,0.19112040102481842,0.024868931621313095,0.012148297391831875,0.10494931787252426,0.1776982694864273,0.3106738328933716,0.5008944272994995,0.07249169051647186,0.0,0.8099915087223053,0.0009272824925709711
3f1c142b7af75c69,classic-rkd_angle-resnet18-cars196,finished,?,cars196,profile,off,8,0,resnet18,30.0,0.004665913991630077,0.045873817056417465,0.07760423421859741,0.12606075406074524,0.2021891474723816,0.026263894513249397,0.013184812851250172,0.10614191740751266,0.20453190803527832,0.3303518295288086,0.5193798542022705,0.0758313313126564,0.0,0.7938359206914902,0.0008879677897068578
3f1c142b7af75c69,classic-rkd_angle-resnet18-cars196,finished,?,cars196,profile,off,8,0,resnet18,35.0,0.005578844808042049,0.0544828437268734,0.08522936701774597,0.13725249469280243,0.21731644868850708,0.029226716607809067,0.01539062149822712,0.13237924873828888,0.20989863574504852,0.3631484806537628,0.5378652215003967,0.0828854963183403,0.0,0.7812438493967057,0.0008414352950377178
3f1c142b7af75c69,classic-rkd_angle-resnet18-cars196,finished,?,cars196,profile,off,8,0,resnet18,40.0,0.005887974519282579,0.05325298383831978,0.0899028405547142,0.14635346829891205,0.23625630140304565,0.03172534704208374,0.017273439094424248,0.12880143523216248,0.23076923191547394,0.380441278219223,0.5712581872940063,0.08793899416923523,0.0,0.7672745162248611,0.0007885518208963762
3f1c142b7af75c69,classic-rkd_angle-resnet18-cars196,finished,?,cars196,profile,off,8,0,resnet18,45.0,0.007173056714236736,0.0651826336979866,0.1056450605392456,0.1673840880393982,0.26208338141441345,0.036070749163627625,0.024484358727931976,0.1693500280380249,0.26118066906929016,0.41204532980918884,0.594514012336731,0.10146535933017731,0.0,0.7570531821250915,0.0007303024863467105
3f1c142b7af75c69,classic-rkd_angle-resnet18-cars196,finished,?,cars196,profile,off,8,0,resnet18,50.0,0.007615162059664726,0.06653548032045364,0.11130242049694061,0.17562414705753326,0.27044644951820374,0.03789747133851051,0.02681054174900055,0.1639833003282547,0.2838401794433594,0.43291592597961426,0.6016696691513062,0.10737244784832001,0.0,0.7471563303470612,0.0006677723662794075
3f1c142b7af75c69,classic-rkd_angle-resnet18-cars196,finished,?,cars196,profile,off,8,0,resnet18,55.0,0.008952333591878414,0.07674332708120346,0.12716762721538544,0.19567088782787323,0.29024720191955566,0.04176367446780205,0.03283722326159477,0.19379845261573792,0.3082886040210724,0.45438283681869507,0.6314848065376282,0.11892114579677582,0.0,0.7320963335037232,0.0006021262785197906
3f1c142b7af75c69,classic-rkd_angle-resnet18-cars196,finished,?,cars196,profile,off,8,0,resnet18,60.0,0.010307418182492256,0.08633624762296677,0.13799040019512177,0.2111671417951584,0.31386053562164307,0.045158497989177704,0.04168955981731415,0.21407274901866913,0.31186643242836,0.4698866903781891,0.6499701738357544,0.1277845948934555,0.0,0.7228523075580597,0.0005345870854756532
3f1c142b7af75c69,classic-rkd_angle-resnet18-cars196,finished,?,cars196,profile,off,8,0,resnet18,65.0,0.011828456073999405,0.09765096753835678,0.15250276029109955,0.22986102104187012,0.343746155500412,0.049925487488508224,0.051381710916757584,0.24448420107364655,0.3738819360733032,0.5128205418586731,0.6768038272857666,0.14128434658050537,0.0,0.7057846820354462,0.0004664129145243469
3f1c142b7af75c69,classic-rkd_angle-resnet18-cars196,finished,?,cars196,profile,off,8,0,resnet18,70.0,0.014162445440888405,0.1140081137418747,0.17168860137462616,0.25753289461135864,0.37154102325439453,0.05558270961046219,0.06111676245927811,0.26833632588386536,0.38580799102783203,0.5378652215003967,0.6869409680366516,0.15549054741859436,0.0,0.6908320504426956,0.0003988737214802095
3f1c142b7af75c69,classic-rkd_angle-resnet18-cars196,finished,?,cars196,profile,off,8,0,resnet18,75.0,0.014689477160573006,0.11511499434709549,0.17734596133232117,0.26823270320892334,0.3826097548007965,0.057044364511966705,0.06592900305986404,0.27906978130340576,0.40846750140190125,0.5527728199958801,0.6940966248512268,0.16123434901237488,0.0,0.681634207367897,0.0003332276337205924
3f1c142b7af75c69,classic-rkd_angle-resnet18-cars196,finished,?,cars196,profile,off,8,0,resnet18,80.0,0.016029512509703636,0.12028040736913681,0.18386422097682953,0.2719222605228424,0.39011192321777344,0.06052342429757118,0.07442326843738556,0.2987477779388428,0.43112701177597046,0.5641025900840759,0.703637421131134,0.1705639511346817,0.0,0.6668536639213563,0.00027069751365328947
3f1c142b7af75c69,classic-rkd_angle-resnet18-cars196,finished,?,cars196,profile,off,8,0,resnet18,85.0,0.01632830686867237,0.1269216537475586,0.19148936867713928,0.28409790992736816,0.39908990263938904,0.06170983985066414,0.0771247074007988,0.3261776864528656,0.44007155299186707,0.5676803588867188,0.7090041637420654,0.1762084811925888,0.0,0.6581349784135818,0.0002124481791036239
3f1c142b7af75c69,classic-rkd_angle-resnet18-cars196,finished,?,cars196,profile,off,8,0,resnet18,90.0,0.01722153276205063,0.13294798135757446,0.20464886724948883,0.2920919954776764,0.4140942096710205,0.06376347690820694,0.07962999492883682,0.326774001121521,0.44543829560279846,0.5742397308349609,0.7203339338302612,0.1786627620458603,0.0,0.6560319554805756,0.00015956470496228238
3f1c142b7af75c69,classic-rkd_angle-resnet18-cars196,finished,?,cars196,profile,off,8,0,resnet18,95.0,0.01752522960305214,0.13749846816062927,0.2067396342754364,0.3004550337791443,0.4225802421569824,0.06473955512046814,0.08448092639446259,0.336911141872406,0.45259392261505127,0.594514012336731,0.7155635356903076,0.18465058505535126,0.0,0.6404908037185669,0.00011303221029314226
3f1c142b7af75c69,classic-rkd_angle-resnet18-cars196,finished,?,cars196,profile,off,8,0,resnet18,100.0,0.01820521242916584,0.1399581879377365,0.2128889411687851,0.30525150895118713,0.4235641360282898,0.06603233516216278,0.08806964755058289,0.3398926556110382,0.45438283681869507,0.5933213829994202,0.7197376489639282,0.1890852153301239,0.0,0.6357242327928543,7.371750742902897e-05
3f1c142b7af75c69,classic-rkd_angle-resnet18-cars196,finished,?,cars196,profile,off,8,0,resnet18,105.0,0.01830524019896984,0.13688352704048157,0.21448776125907898,0.30709630250930786,0.42737671732902527,0.0661206766963005,0.08869034051895142,0.341681569814682,0.4686940908432007,0.5957066416740417,0.7376267313957214,0.18943360447883606,0.0,0.6359877437353134,4.235295489802631e-05
3f1c142b7af75c69,classic-rkd_angle-resnet18-cars196,finished,?,cars196,profile,off,8,0,resnet18,110.0,0.01859409734606743,0.13909728825092316,0.21928422152996063,0.31213873624801636,0.4326651096343994,0.0668039545416832,0.0902072936296463,0.3470483124256134,0.46213477849960327,0.593917727470398,0.7358378171920776,0.19177722930908203,0.0,0.6331403452157974,1.9522814969774334e-05
3f1c142b7af75c69,classic-rkd_angle-resnet18-cars196,finished,?,cars196,profile,off,8,0,resnet18,115.0,0.018611792474985123,0.13946624100208282,0.2168245017528534,0.30918705463409424,0.43635469675064087,0.06699024885892868,0.09086231887340546,0.351222425699234,0.4645199775695801,0.5980918407440186,0.7394156455993652,0.1929602324962616,0.0,0.6260907167196273,5.652369954852788e-06
3f1c142b7af75c69,classic-rkd_angle-resnet18-cars196,finished,?,cars196,profile,off,8,0,resnet18,120.0,0.018620068207383156,0.13922026753425598,0.2174394279718399,0.31090885400772095,0.43352600932121277,0.06700967252254486,0.09057846665382385,0.3524150252342224,0.4651162922382355,0.5968992114067078,0.7370303869247437,0.19257225096225739,0.0,0.6313125342130661,1e-06
1a82976dbcc7d651,classic-rkd_dist-convnext_tiny-cars196,finished,?,cars196,profile,off,8,0,convnext_tiny,5.0,0.0020686706993728876,0.025581108406186104,0.044520970433950424,0.08104784041643143,0.14967408776283264,0.01769866608083248,0.009797649458050728,0.09719737619161606,0.1645796000957489,0.27370303869247437,0.44305306673049927,0.06503090262413025,0.0,0.3469500023126602,0.001
1a82976dbcc7d651,classic-rkd_dist-convnext_tiny-cars196,finished,?,cars196,profile,off,8,0,convnext_tiny,10.0,0.0028303833678364754,0.03136145696043968,0.057557497173547745,0.09765096753835678,0.16381749510765076,0.02007395587861538,0.010952535085380077,0.10554561764001846,0.1723315417766571,0.28920692205429077,0.45140132308006287,0.06898259371519089,0.0,0.44898741990327834,0.000995347630045147
1a82976dbcc7d651,classic-rkd_dist-convnext_tiny-cars196,finished,?,cars196,profile,off,8,0,convnext_tiny,15.0,0.003584914607927203,0.03787972033023834,0.06493666023015976,0.10921166092157364,0.18066658079624176,0.02246425673365593,0.01202256977558136,0.11210495233535767,0.18962432444095612,0.3047108054161072,0.4663088917732239,0.07264210283756256,0.0,0.48393663674592974,0.0009814771850302259
1a82976dbcc7d651,classic-rkd_dist-convnext_tiny-cars196,finished,?,cars196,profile,off,8,0,convnext_tiny,20.0,0.004083143547177315,0.03984749689698219,0.07059402018785477,0.12114131450653076,0.193211168050766,0.02433389611542225,0.012421157211065292,0.10554561764001846,0.1854502111673355,0.312462717294693,0.4824090600013733,0.07343088835477829,0.0,0.47579785019159315,0.0009586470451019739
1a82976dbcc7d651,classic-rkd_dist-convnext_tiny-cars196,finished,?,cars196,profile,off,8,0,convnext_tiny,25.0,0.004808790050446987,0.0455048568546772,0.07908006757497787,0.129258394241333,0.20600172877311707,0.02678784355521202,0.013812443241477013,0.12104949355125427,0.20035777986049652,0.331544429063797,0.4979129433631897,0.07764732837677002,0.0,0.46978540271520614,0.0009272824925709711
1a82976dbcc7d651,classic-rkd_dist-convnext_tiny-cars196,finished,?,cars196,profile,off,8,0,convnext_tiny,30.0,0.00570039264857769,0.05140819028019905,0.08375353366136551,0.14032714068889618,0.22223588824272156,0.03013085015118122,0.015216270461678505,0.13476446270942688,0.20810972154140472,0.3345259428024292,0.5163983106613159,0.0821661651134491,0.0,0.4658643528819084,0.0008879677897068578
1a82976dbcc7d651,classic-rkd_dist-convnext_tiny-cars196,finished,?,cars196,profile,off,8,0,convnext_tiny,35.0,0.00628633564338088,0.05645062029361725,0.08965686708688736,0.14709137380123138,0.23170581459999084,0.03188353031873703,0.017049942165613174,0.13774597644805908,0.23613595962524414,0.37924864888191223,0.5545617341995239,0.08755028247833252,0.0,0.46039893478155136,0.0008414352950377178
1a82976dbcc7d651,classic-rkd_dist-convnext_tiny-cars196,finished,?,cars196,profile,off,8,0,convnext_tiny,40.0,0.0070791603066027164,0.05866437032818794,0.09617513418197632,0.15656131505966187,0.24351248145103455,0.03467109054327011,0.020301256328821182,0.1502683311700821,0.25641027092933655,0.41085270047187805,0.5718545317649841,0.09589549899101257,0.0,0.4537938365340233,0.0007885518208963762
1a82976dbcc7d651,classic-rkd_dist-convnext_tiny-cars196,finished,?,cars196,profile,off,8,0,convnext_tiny,45.0,0.008207758888602257,0.06874923408031464,0.11117943376302719,0.18042060732841492,0.27610379457473755,0.039203349500894547,0.02646682970225811,0.18962432444095612,0.28264757990837097,0.43053069710731506,0.6189624071121216,0.10913440585136414,0.0,0.44632086902856827,0.0007303024863467105
1a82976dbcc7d651,classic-rkd_dist-convnext_tiny-cars196,finished,?,cars196,profile,off,8,0,convnext_tiny,50.0,0.009291973896324635,0.07551346719264984,0.12372402101755142,0.1955479085445404,0.2967654764652252,0.04205121099948883,0.03112884797155857,0.19379845261573792,0.3011329770088196,0.44782349467277527,0.6273106932640076,0.11523786932229996,0.0,0.4426817536354065,0.0006677723662794075
1a82976dbcc7d651,classic-rkd_dist-convnext_tiny-cars196,finished,?,cars196,profile,off,8,0,convnext_tiny,55.0,0.010673324577510357,0.08153978735208511,0.13356290757656097,0.21079817414283752,0.312384694814682,0.04583984985947609,0.03873613476753235,0.21943947672843933,0.316636860370636,0.45736435055732727,0.6302921772003174,0.124602310359478,0.0,0.4387143227458,0.0006021262785197906
1a82976dbcc7d651,classic-rkd_dist-convnext_tiny-cars196,finished,?,cars196,profile,off,8,0,convnext_tiny,60.0,0.011861579492688179,0.08854999393224716,0.14352478086948395,0.22088304162025452,0.32677406072616577,0.04915635287761688,0.05026465281844139,0.24150268733501434,0.346451997756958,0.4961240291595459,0.652951717376709,0.13881449401378632,0.0,0.432708141207695,0.0005345870854756532
1a82976dbcc7d651,classic-rkd_dist-convnext_tiny-cars196,finished,?,cars196,profile,off,8,0,convnext_tiny,65.0,0.013811659999191761,0.09986471384763718,0.15717624127864838,0.2360103279352188,0.3404255211353302,0.05352434143424034,0.057311657816171646,0.23017293214797974,0.3631484806537628,0.5169946551322937,0.6893261671066284,0.1490909904241562,0.0,0.4255665284395218,0.0004664129145243469
1a82976dbcc7d651,classic-rkd_dist-convnext_tiny-cars196,finished,?,cars196,profile,off,8,0,convnext_tiny,70.0,0.015300538390874863,0.10638298094272614,0.16553929448127747,0.24412740767002106,0.3588734567165375,0.056020338088274,0.05893858149647713,0.25641027092933655,0.361359566450119,0.5128205418586731,0.6720333695411682,0.14979876577854156,0.0,0.4210716116428375,0.0003988737214802095
1a82976dbcc7d651,classic-rkd_dist-convnext_tiny-cars196,finished,?,cars196,profile,off,8,0,convnext_tiny,75.0,0.01610531657934189,0.11154839396476746,0.17660804092884064,0.25581109523773193,0.3720329701900482,0.058610014617443085,0.06464468687772751,0.27072152495384216,0.38282647728919983,0.5456171631813049,0.6785927414894104,0.15883766114711761,0.0,0.4145617771148682,0.0003332276337205924
1a82976dbcc7d651,classic-rkd_dist-convnext_tiny-cars196,finished,?,cars196,profile,off,8,0,convnext_tiny,80.0,0.016692232340574265,0.11105644702911377,0.17992867529392242,0.26663386821746826,0.3904808759689331,0.06047692522406578,0.06648434698581696,0.28145498037338257,0.40608230233192444,0.5557543039321899,0.7072152495384216,0.1615934818983078,0.0,0.40695728957653043,0.00027069751365328947
1a82976dbcc7d651,classic-rkd_dist-convnext_tiny-cars196,finished,?,cars196,profile,off,8,0,convnext_tiny,85.0,0.017957713454961777,0.12372402101755142,0.1938260942697525,0.27844053506851196,0.3993358612060547,0.06286416947841644,0.07225961238145828,0.27191412448883057,0.40608230233192444,0.5444245934486389,0.6917113661766052,0.16903993487358093,0.0,0.4076501104235649,0.0002124481791036239
1a82976dbcc7d651,classic-rkd_dist-convnext_tiny-cars196,finished,?,cars196,profile,off,8,0,convnext_tiny,90.0,0.018608324229717255,0.12913541495800018,0.19640880823135376,0.2871725559234619,0.4106506109237671,0.06445552408695221,0.07506215572357178,0.292188435792923,0.42456766963005066,0.5652951598167419,0.703041136264801,0.17139224708080292,0.0,0.400235415995121,0.00015956470496228238
1a82976dbcc7d651,classic-rkd_dist-convnext_tiny-cars196,finished,?,cars196,profile,off,8,0,convnext_tiny,95.0,0.019693175330758095,0.13442380726337433,0.20772352814674377,0.2961505353450775,0.41950559616088867,0.06620489805936813,0.07739055901765823,0.2993440628051758,0.43947526812553406,0.5778175592422485,0.713178277015686,0.17507734894752502,0.0,0.39731043577194214,0.00011303221029314226
1a82976dbcc7d651,classic-rkd_dist-convnext_tiny-cars196,finished,?,cars196,profile,off,8,0,convnext_tiny,100.0,0.019966015592217445,0.13922026753425598,0.21338088810443878,0.3032837212085724,0.4246710240840912,0.06702552735805511,0.07932555675506592,0.3178294599056244,0.4531902074813843,0.5813953280448914,0.7054263353347778,0.1775236427783966,0.0,0.392093363404274,7.371750742902897e-05
1a82976dbcc7d651,classic-rkd_dist-convnext_tiny-cars196,finished,?,cars196,profile,off,8,0,convnext_tiny,105.0,0.0201635230332613,0.1399581879377365,0.2141188085079193,0.30537450313568115,0.4235641360282898,0.06718391925096512,0.08189171552658081,0.3106738328933716,0.44961240887641907,0.5819916725158691,0.7084078788757324,0.17992009222507477,0.0,0.3922406122088432,4.235295489802631e-05
1a82976dbcc7d651,classic-rkd_dist-convnext_tiny-cars196,finished,?,cars196,profile,off,8,0,convnext_tiny,110.0,0.020304450765252113,0.14254088699817657,0.21473373472690582,0.3057434558868408,0.4268847703933716,0.06759984791278839,0.08177253603935242,0.3100775182247162,0.43053069710731506,0.5807990431785583,0.713178277015686,0.17966033518314362,0.0,0.3893126040697098,1.9522814969774334e-05
1a82976dbcc7d651,classic-rkd_dist-convnext_tiny-cars196,finished,?,cars196,profile,off,8,0,convnext_tiny,115.0,0.020475143566727638,0.14167998731136322,0.21534866094589233,0.3085721433162689,0.430205374956131,0.067866250872612,0.08188135176897049,0.312462717294693,0.44305306673049927,0.5802027583122253,0.7137746214866638,0.18001899123191833,0.0,0.3927225145697594,5.652369954852788e-06
1a82976dbcc7d651,classic-rkd_dist-convnext_tiny-cars196,finished,?,cars196,profile,off,8,0,convnext_tiny,120.0,0.02045641466975212,0.14118804037570953,0.21620957553386688,0.3078342080116272,0.4308203160762787,0.06778264045715332,0.08158742636442184,0.3106738328933716,0.44245678186416626,0.5796064138412476,0.7173523902893066,0.17968714237213135,0.0,0.3887238720059395,1e-06
ad72cdc38e8c0e17,classic-rkd_angle-convnext_tiny-cars196,finished,?,cars196,profile,off,8,0,convnext_tiny,5.0,0.0018896000692620873,0.02410527691245079,0.04366006702184677,0.07908006757497787,0.13676054775714874,0.016653701663017273,0.008933711796998978,0.09123434871435165,0.1604054868221283,0.27608826756477356,0.43768635392189026,0.06295650452375412,0.0,0.49712872922420503,0.001
ad72cdc38e8c0e17,classic-rkd_angle-convnext_tiny-cars196,finished,?,cars196,profile,off,8,0,convnext_tiny,10.0,0.0022621245589107275,0.029639650136232376,0.054236870259046555,0.08916492760181427,0.15360964834690094,0.01834835298359394,0.010317300446331501,0.07930828630924225,0.1490757316350937,0.25819915533065796,0.43649372458457947,0.06840013712644577,0.0,0.7262260442972184,0.000995347630045147
ad72cdc38e8c0e17,classic-rkd_angle-convnext_tiny-cars196,finished,?,cars196,profile,off,8,0,convnext_tiny,15.0,0.0030676249880343676,0.033452220261096954,0.060017216950654984,0.10490714758634567,0.16676916182041168,0.020662249997258186,0.011322549544274807,0.10017888993024826,0.1699463278055191,0.2886106073856354,0.4537865221500397,0.07043914496898651,0.0,0.808955385684967,0.0009814771850302259
ad72cdc38e8c0e17,classic-rkd_angle-convnext_tiny-cars196,finished,?,cars196,profile,off,8,0,convnext_tiny,20.0,0.003698088927194476,0.03824867680668831,0.06481367349624634,0.10835075378417969,0.17500922083854675,0.022516274824738503,0.01144945528358221,0.10733452439308167,0.19141323864459991,0.3082886040210724,0.4830053746700287,0.07010567933320999,0.0,0.7960243147611618,0.0009586470451019739
ad72cdc38e8c0e17,classic-rkd_angle-convnext_tiny-cars196,finished,?,cars196,profile,off,8,0,convnext_tiny,25.0,0.004180706571787596,0.04169229045510292,0.06973312050104141,0.11277825385332108,0.1826343685388565,0.02454979345202446,0.012140676379203796,0.11270125210285187,0.19379845261573792,0.3094812035560608,0.4865831732749939,0.07298304885625839,0.0,0.7863530224561691,0.0009272824925709711
ad72cdc38e8c0e17,classic-rkd_angle-convnext_tiny-cars196,finished,?,cars196,profile,off,8,0,convnext_tiny,30.0,0.004681531339883804,0.049071453511714935,0.08018694072961807,0.13171811401844025,0.20403394103050232,0.026554185897111893,0.014335951767861843,0.11508646607398987,0.21049493551254272,0.341681569814682,0.5289207100868225,0.0791308805346489,0.0,0.7745599985122681,0.0008879677897068578
ad72cdc38e8c0e17,classic-rkd_angle-convnext_tiny-cars196,finished,?,cars196,profile,off,8,0,convnext_tiny,35.0,0.005544465500861406,0.054359856992959976,0.08645922690629959,0.1421719342470169,0.22629442811012268,0.029903359711170197,0.016059082001447678,0.12641622126102448,0.22003577649593353,0.3679189085960388,0.5360763072967529,0.08324659615755081,0.0,0.7621871477365494,0.0008414352950377178
ad72cdc38e8c0e17,classic-rkd_angle-convnext_tiny-cars196,finished,?,cars196,profile,off,8,0,convnext_tiny,40.0,0.006069307215511799,0.05866437032818794,0.09617513418197632,0.1566842943429947,0.24338950216770172,0.03281521052122116,0.01969795487821102,0.1544424593448639,0.23911747336387634,0.39475253224372864,0.5670840740203857,0.09349324554204941,0.0,0.7513331073522568,0.0007885518208963762
ad72cdc38e8c0e17,classic-rkd_angle-convnext_tiny-cars196,finished,?,cars196,profile,off,8,0,convnext_tiny,45.0,0.00726040406152606,0.06419874727725983,0.11216332763433456,0.17796088755130768,0.26884761452674866,0.03690401837229729,0.025364961475133896,0.1598091870546341,0.27072152495384216,0.41621944308280945,0.6010733246803284,0.10451085865497589,0.0,0.7365825700759888,0.0007303024863467105
ad72cdc38e8c0e17,classic-rkd_angle-convnext_tiny-cars196,finished,?,cars196,profile,off,8,0,convnext_tiny,50.0,0.00792010873556137,0.06924117356538773,0.11818964779376984,0.18902963399887085,0.289878249168396,0.03977973014116287,0.029961785301566124,0.19200953841209412,0.3076923191547394,0.4561717212200165,0.6267143487930298,0.11238642036914825,0.0,0.7216086965799332,0.0006677723662794075
ad72cdc38e8c0e17,classic-rkd_angle-convnext_tiny-cars196,finished,?,cars196,profile,off,8,0,convnext_tiny,55.0,0.009458664804697037,0.0763743668794632,0.12938137352466583,0.1999754011631012,0.3045136034488678,0.0432409942150116,0.03648294508457184,0.20214669406414032,0.3202146589756012,0.4627310633659363,0.6463923454284668,0.12149331718683243,0.0,0.7126962912082672,0.0006021262785197906
ad72cdc38e8c0e17,classic-rkd_angle-convnext_tiny-cars196,finished,?,cars196,profile,off,8,0,convnext_tiny,60.0,0.01128897164016962,0.09531422704458237,0.15348665416240692,0.225925475358963,0.32947975397109985,0.04854431003332138,0.04774603247642517,0.23613595962524414,0.3548002243041992,0.4991055428981781,0.654144287109375,0.13596878945827484,0.0,0.6961143654584885,0.0005345870854756532
ad72cdc38e8c0e17,classic-rkd_angle-convnext_tiny-cars196,finished,?,cars196,profile,off,8,0,convnext_tiny,65.0,0.013981635682284832,0.10625999420881271,0.16529332101345062,0.24953880906105042,0.355060875415802,0.054107457399368286,0.05755499750375748,0.24448420107364655,0.3703041076660156,0.5187835693359375,0.6756111979484558,0.14863193035125732,0.0,0.682626006603241,0.0004664129145243469
ad72cdc38e8c0e17,classic-rkd_angle-convnext_tiny-cars196,finished,?,cars196,profile,off,8,0,convnext_tiny,70.0,0.014809711836278439,0.10884270071983337,0.1730414479970932,0.25753289461135864,0.3758455216884613,0.05644536763429642,0.06376639753580093,0.25998806953430176,0.38759690523147583,0.5408467650413513,0.6976743936538696,0.15877434611320496,0.0,0.6720065486431122,0.0003988737214802095
ad72cdc38e8c0e17,classic-rkd_angle-convnext_tiny-cars196,finished,?,cars196,profile,off,8,0,convnext_tiny,75.0,0.016184739768505096,0.11843561381101608,0.1825113743543625,0.27659574151039124,0.39183372259140015,0.06011899188160896,0.06844887137413025,0.28503280878067017,0.41800835728645325,0.5641025900840759,0.7274895906448364,0.16421838104724884,0.0,0.6577515769004821,0.0003332276337205924
ad72cdc38e8c0e17,classic-rkd_angle-convnext_tiny-cars196,finished,?,cars196,profile,off,8,0,convnext_tiny,80.0,0.018175890669226646,0.12507686018943787,0.19308817386627197,0.28569671511650085,0.4040093421936035,0.06317924708127975,0.07774724811315536,0.3106738328933716,0.42993441224098206,0.574836015701294,0.7173523902893066,0.1750805824995041,0.0,0.6478014659881591,0.00027069751365328947
ad72cdc38e8c0e17,classic-rkd_angle-convnext_tiny-cars196,finished,?,cars196,profile,off,8,0,convnext_tiny,85.0,0.01896096020936966,0.1275365948677063,0.198868528008461,0.3005780279636383,0.4197515547275543,0.06590645015239716,0.08241654187440872,0.3053070902824402,0.44007155299186707,0.5873583555221558,0.7280858755111694,0.1818326860666275,0.0,0.6379390144348145,0.0002124481791036239
ad72cdc38e8c0e17,classic-rkd_angle-convnext_tiny-cars196,finished,?,cars196,profile,off,8,0,convnext_tiny,90.0,0.0193962212651968,0.1336858868598938,0.20292706787586212,0.30020907521247864,0.4223342835903168,0.0670127123594284,0.0876513421535492,0.322003573179245,0.4645199775695801,0.6076326966285706,0.7370303869247437,0.18733179569244385,0.0,0.6256469333171845,0.00015956470496228238
ad72cdc38e8c0e17,classic-rkd_angle-convnext_tiny-cars196,finished,?,cars196,profile,off,8,0,convnext_tiny,95.0,0.020351342856884003,0.13663755357265472,0.20969130098819733,0.30697330832481384,0.42614683508872986,0.06890862435102463,0.09197144210338593,0.3357185423374176,0.4675014913082123,0.6100178956985474,0.741204559803009,0.1931176334619522,0.0,0.6197222340106964,0.00011303221029314226
ad72cdc38e8c0e17,classic-rkd_angle-convnext_tiny-cars196,finished,?,cars196,profile,off,8,0,convnext_tiny,100.0,0.020613327622413635,0.14032714068889618,0.2123969942331314,0.3101709485054016,0.4325421154499054,0.06989453732967377,0.09345634281635284,0.3351222276687622,0.4561717212200165,0.604651153087616,0.7400119304656982,0.1952153593301773,0.0,0.6137537699937821,7.371750742902897e-05
ad72cdc38e8c0e17,classic-rkd_angle-convnext_tiny-cars196,finished,?,cars196,profile,off,8,0,convnext_tiny,105.0,0.020956993103027344,0.14229491353034973,0.21657852828502655,0.3134915828704834,0.4393063485622406,0.07048320025205612,0.09466337412595749,0.3500298261642456,0.4722719192504883,0.6171735525131226,0.7525342702865601,0.19614829123020172,0.0,0.614959751367569,4.235295489802631e-05
ad72cdc38e8c0e17,classic-rkd_angle-convnext_tiny-cars196,finished,?,cars196,profile,off,8,0,convnext_tiny,110.0,0.02103271335363388,0.14254088699817657,0.2157176285982132,0.3134915828704834,0.43623170256614685,0.070774607360363,0.0966467335820198,0.341681569814682,0.4698866903781891,0.6177698373794556,0.751341700553894,0.1985473334789276,0.0,0.611068052649498,1.9522814969774334e-05
ad72cdc38e8c0e17,classic-rkd_angle-convnext_tiny-cars196,finished,?,cars196,profile,off,8,0,convnext_tiny,115.0,0.02112274244427681,0.14426270127296448,0.2168245017528534,0.3155823349952698,0.43512484431266785,0.0709163248538971,0.09715921431779861,0.3458556830883026,0.4692904055118561,0.6159809231758118,0.7441860437393188,0.19871942698955536,0.0,0.6093307131528855,5.652369954852788e-06
ad72cdc38e8c0e17,classic-rkd_angle-convnext_tiny-cars196,finished,?,cars196,profile,off,8,0,convnext_tiny,120.0,0.02112753875553608,0.1426638811826706,0.21694748103618622,0.3179190754890442,0.43500185012817383,0.07096115499734879,0.09701994061470032,0.341681569814682,0.4657125771045685,0.6195587515830994,0.7483601570129395,0.19879010319709778,0.0,0.6058853757381439,1e-06
e6c2a4ee64934aa4,classic-rkd_dist-resnet18-cub200,finished,?,cub200,profile,off,8,0,resnet18,5.0,0.0023636934347450733,0.025991560891270638,0.04691983014345169,0.0857383981347084,0.14396624267101288,0.018812725320458412,0.014655078761279583,0.10543932765722275,0.19246861338615417,0.31464433670043945,0.4861924648284912,0.07864755392074585,0.0,0.3274511095881462,0.001
e6c2a4ee64934aa4,classic-rkd_dist-resnet18-cub200,finished,?,cub200,profile,off,8,0,resnet18,10.0,0.0032101774122565985,0.029198313131928444,0.05518987402319908,0.10396624356508255,0.175527423620224,0.022888652980327606,0.01864425092935562,0.10794979333877563,0.20167364180088043,0.3531380891799927,0.5439330339431763,0.09018455445766449,0.0,0.3875689786672592,0.000995347630045147
e6c2a4ee64934aa4,classic-rkd_dist-resnet18-cub200,finished,?,cub200,profile,off,8,0,resnet18,15.0,0.00606811698526144,0.041856538504362106,0.07898734509944916,0.1296202540397644,0.21789029240608215,0.030988004058599472,0.027867227792739868,0.1389121413230896,0.2527196705341339,0.4192468523979187,0.5974895358085632,0.10943447798490524,0.0,0.40041214317083357,0.0009814771850302259
e6c2a4ee64934aa4,classic-rkd_dist-resnet18-cub200,finished,?,cub200,profile,off,8,0,resnet18,20.0,0.008990887552499771,0.05603375658392906,0.09350211173295975,0.1525738388299942,0.24202531576156616,0.03866161033511162,0.04219578206539154,0.1849372386932373,0.3037656843662262,0.47364017367362976,0.6460251212120056,0.13579724729061127,0.0,0.3865464162826538,0.0009586470451019739
e6c2a4ee64934aa4,classic-rkd_dist-resnet18-cub200,finished,?,cub200,profile,off,8,0,resnet18,25.0,0.012340487912297249,0.06801687926054001,0.1149367094039917,0.18953587114810944,0.2955274283885956,0.04853678494691849,0.06405520439147949,0.24853555858135223,0.3698744773864746,0.5313807725906372,0.6945606470108032,0.1707792431116104,0.0,0.3741906413435936,0.0009272824925709711
e6c2a4ee64934aa4,classic-rkd_dist-resnet18-cub200,finished,?,cub200,profile,off,8,0,resnet18,30.0,0.015450600534677505,0.08742616325616837,0.14244726300239563,0.21805907785892487,0.33164557814598083,0.05651955306529999,0.08588249981403351,0.28786611557006836,0.4368200898170471,0.589958131313324,0.723849356174469,0.19986842572689056,0.0,0.360269695520401,0.0008879677897068578
e6c2a4ee64934aa4,classic-rkd_dist-resnet18-cub200,finished,?,cub200,profile,off,8,0,resnet18,35.0,0.018927089869976044,0.09873417764902115,0.15341772139072418,0.24371308088302612,0.3605063259601593,0.06433910876512527,0.10089808702468872,0.3179916441440582,0.4644351601600647,0.626778244972229,0.7648535370826721,0.22182366251945496,0.0,0.3522723028063774,0.0008414352950377178
e6c2a4ee64934aa4,classic-rkd_dist-resnet18-cub200,finished,?,cub200,profile,off,8,0,resnet18,40.0,0.02255561202764511,0.11544303596019745,0.18025316298007965,0.26261603832244873,0.38379746675491333,0.07135370373725891,0.11603942513465881,0.3698744773864746,0.5171548128128052,0.6870293021202087,0.8100418448448181,0.24396070837974548,0.0,0.34284699767827986,0.0007885518208963762
e6c2a4ee64934aa4,classic-rkd_dist-resnet18-cub200,finished,?,cub200,profile,off,8,0,resnet18,45.0,0.024743549525737762,0.12506328523159027,0.19493670761585236,0.28067511320114136,0.3983122408390045,0.07447576522827148,0.12520596385002136,0.38661086559295654,0.5548117160797119,0.7071129679679871,0.8217573165893555,0.2551316022872925,0.0,0.33510926485061643,0.0007303024863467105
e6c2a4ee64934aa4,classic-rkd_dist-resnet18-cub200,finished,?,cub200,profile,off,8,0,resnet18,50.0,0.02736305259168148,0.13637131452560425,0.20641350746154785,0.30548521876335144,0.43122363090515137,0.07965372502803802,0.1351175606250763,0.41087865829467773,0.5631799101829529,0.7205020785331726,0.8234309554100037,0.26748591661453247,0.0,0.3270151561498642,0.0006677723662794075
e6c2a4ee64934aa4,classic-rkd_dist-resnet18-cub200,finished,?,cub200,profile,off,8,0,resnet18,55.0,0.02904330939054489,0.14295358955860138,0.21822784841060638,0.31915611028671265,0.4398312270641327,0.0831543356180191,0.14356833696365356,0.4401673674583435,0.5882844924926758,0.7414225935935974,0.8468618988990784,0.2772828936576843,0.0,0.31714389264583587,0.0006021262785197906
e6c2a4ee64934aa4,classic-rkd_dist-resnet18-cub200,finished,?,cub200,profile,off,8,0,resnet18,60.0,0.029693718999624252,0.14666666090488434,0.22295358777046204,0.3281012773513794,0.4524894654750824,0.0844908133149147,0.14637227356433868,0.4460251033306122,0.6050209403038025,0.7422594428062439,0.8468618988990784,0.28259021043777466,0.0,0.3115738704800606,0.0005345870854756532
e6c2a4ee64934aa4,classic-rkd_dist-resnet18-cub200,finished,?,cub200,profile,off,8,0,resnet18,65.0,0.031984709203243256,0.15071730315685272,0.22902953624725342,0.33063292503356934,0.4617721438407898,0.08836276084184647,0.15191252529621124,0.4460251033306122,0.6033473014831543,0.7372384667396545,0.8368200659751892,0.2872057855129242,0.0,0.3001240059733391,0.0004664129145243469
e6c2a4ee64934aa4,classic-rkd_dist-resnet18-cub200,finished,?,cub200,profile,off,8,0,resnet18,70.0,0.03229507431387901,0.14902953803539276,0.23071730136871338,0.3323206603527069,0.4631223678588867,0.088412344455719,0.1480819433927536,0.4460251033306122,0.6033473014831543,0.7439330816268921,0.8476987481117249,0.2841506898403168,0.0,0.2961165478825569,0.0003988737214802095
e6c2a4ee64934aa4,classic-rkd_dist-resnet18-cub200,finished,?,cub200,profile,off,8,0,resnet18,75.0,0.032404787838459015,0.15189872682094574,0.23240506649017334,0.33282700181007385,0.45620253682136536,0.08813026547431946,0.15162968635559082,0.47447699308395386,0.618410050868988,0.7347280383110046,0.8343096375465393,0.28767845034599304,0.0,0.28192859768867495,0.0003332276337205924
e6c2a4ee64934aa4,classic-rkd_dist-resnet18-cub200,finished,?,cub200,profile,off,8,0,resnet18,80.0,0.032230038195848465,0.15493671596050262,0.2329113930463791,0.3355274200439453,0.4605907201766968,0.08753874152898788,0.1488274186849594,0.4602510333061218,0.5941422581672668,0.7347280383110046,0.8376569151878357,0.28433847427368164,0.0,0.2736997677385807,0.00027069751365328947
e6c2a4ee64934aa4,classic-rkd_dist-resnet18-cub200,finished,?,cub200,profile,off,8,0,resnet18,85.0,0.03229955956339836,0.148523211479187,0.22936709225177765,0.3272573947906494,0.4573839604854584,0.08771558851003647,0.14540305733680725,0.4627614915370941,0.6016736626625061,0.7255229949951172,0.8309623599052429,0.2781944274902344,0.0,0.27015637293457984,0.0002124481791036239
e6c2a4ee64934aa4,classic-rkd_dist-resnet18-cub200,finished,?,cub200,profile,off,8,0,resnet18,90.0,0.032174620777368546,0.15696202218532562,0.2318987399339676,0.33282700181007385,0.45704641938209534,0.08695592731237411,0.14653153717517853,0.45020920038223267,0.6092050075531006,0.7271966338157654,0.835146427154541,0.28257402777671814,0.0,0.25858255073428155,0.00015956470496228238
e6c2a4ee64934aa4,classic-rkd_dist-resnet18-cub200,finished,?,cub200,profile,off,8,0,resnet18,95.0,0.032298121601343155,0.1566244661808014,0.2320675104856491,0.326075941324234,0.45721518993377686,0.08694179356098175,0.14666429162025452,0.4476987421512604,0.589958131313324,0.7389121055603027,0.8384937047958374,0.28210145235061646,0.0,0.2550419083237648,0.00011303221029314226
e6c2a4ee64934aa4,classic-rkd_dist-resnet18-cub200,finished,?,cub200,profile,off,8,0,resnet18,100.0,0.03209304437041283,0.15324895083904266,0.2318987399339676,0.32658228278160095,0.4587341845035553,0.08624783903360367,0.14660613238811493,0.4393305480480194,0.5983263850212097,0.7347280383110046,0.8410041928291321,0.28243276476860046,0.0,0.2452198614180088,7.371750742902897e-05
e6c2a4ee64934aa4,classic-rkd_dist-resnet18-cub200,finished,?,cub200,profile,off,8,0,resnet18,105.0,0.03226722031831741,0.15611813962459564,0.23257383704185486,0.3313080072402954,0.45502108335494995,0.08648081868886948,0.1472255140542984,0.45355647802352905,0.5991631746292114,0.7389121055603027,0.8476987481117249,0.2828335464000702,0.0,0.24451814338564873,4.235295489802631e-05
e6c2a4ee64934aa4,classic-rkd_dist-resnet18-cub200,finished,?,cub200,profile,off,8,0,resnet18,110.0,0.03243012726306915,0.15611813962459564,0.23156118392944336,0.3314768075942993,0.4555274248123169,0.08665142953395844,0.14553730189800262,0.44937238097190857,0.5974895358085632,0.73221755027771,0.8451882600784302,0.28140321373939514,0.0,0.24574091374874116,1.9522814969774334e-05
e6c2a4ee64934aa4,classic-rkd_dist-resnet18-cub200,finished,?,cub200,profile,off,8,0,resnet18,115.0,0.03235499933362007,0.15611813962459564,0.2310548573732376,0.32978904247283936,0.4568776488304138,0.08658730238676071,0.14572030305862427,0.45104601979255676,0.5983263850212097,0.7313807606697083,0.8468618988990784,0.28131183981895447,0.0,0.24592388033866883,5.652369954852788e-06
e6c2a4ee64934aa4,classic-rkd_dist-resnet18-cub200,finished,?,cub200,profile,off,8,0,resnet18,120.0,0.03236830234527588,0.15729957818984985,0.23021097481250763,0.3309704661369324,0.45940929651260376,0.08666496723890305,0.14563509821891785,0.4410041868686676,0.6016736626625061,0.7313807606697083,0.8443514704704285,0.2810218334197998,0.0,0.23986946120858194,1e-06
19efb59bc7c35789,classic-rkd_angle-resnet18-cub200,finished,?,cub200,profile,off,8,0,resnet18,5.0,0.0023106473963707685,0.02548523247241974,0.048438817262649536,0.0835443064570427,0.148523211479187,0.018618887290358543,0.014018233865499496,0.10125523060560226,0.17154811322689056,0.29121339321136475,0.4677824378013611,0.07659926265478134,0.0,0.4556150072813034,0.001
19efb59bc7c35789,classic-rkd_angle-resnet18-cub200,finished,?,cub200,profile,off,8,0,resnet18,10.0,0.0032062523532658815,0.030886076390743256,0.05569620430469513,0.10126582533121109,0.17265823483467102,0.022419830784201622,0.01782803237438202,0.10376568883657455,0.18995815515518188,0.33807530999183655,0.5405857563018799,0.08720927685499191,0.0,0.6150397896766663,0.000995347630045147
19efb59bc7c35789,classic-rkd_angle-resnet18-cub200,finished,?,cub200,profile,off,8,0,resnet18,15.0,0.006275951396673918,0.05046413466334343,0.07932489365339279,0.13215190172195435,0.21400843560695648,0.030940353870391846,0.028142135590314865,0.13472802937030792,0.24435146152973175,0.40502092242240906,0.5882844924926758,0.10934417694807053,0.0,0.6444376409053802,0.0009814771850302259
19efb59bc7c35789,classic-rkd_angle-resnet18-cub200,finished,?,cub200,profile,off,8,0,resnet18,20.0,0.009624551981687546,0.061097048223018646,0.10464134812355042,0.16016878187656403,0.24675105512142181,0.03893321380019188,0.04004261642694473,0.18242678046226501,0.3205021023750305,0.47112971544265747,0.6368200778961182,0.13331745564937592,0.0,0.6102038699388505,0.0009586470451019739
19efb59bc7c35789,classic-rkd_angle-resnet18-cub200,finished,?,cub200,profile,off,8,0,resnet18,25.0,0.01204170286655426,0.07139240205287933,0.11510548740625381,0.18751055002212524,0.27848100662231445,0.04650235176086426,0.05620303004980087,0.22175732254981995,0.3439330458641052,0.4861924648284912,0.6451882719993591,0.157758891582489,0.0,0.5925344598293304,0.0009272824925709711
19efb59bc7c35789,classic-rkd_angle-resnet18-cub200,finished,?,cub200,profile,off,8,0,resnet18,30.0,0.015349372290074825,0.08185654133558273,0.13451476395130157,0.2079324871301651,0.31611815094947815,0.05586445331573486,0.07686475664377213,0.26527196168899536,0.40585774183273315,0.5640167593955994,0.7280334830284119,0.18849848210811615,0.0,0.5658693039417266,0.0008879677897068578
19efb59bc7c35789,classic-rkd_angle-resnet18-cub200,finished,?,cub200,profile,off,8,0,resnet18,35.0,0.018136491999030113,0.09569620341062546,0.15139240026474,0.23696202039718628,0.35054853558540344,0.06217467412352562,0.09678556025028229,0.3280334770679474,0.47112971544265747,0.6368200778961182,0.760669469833374,0.21486128866672516,0.0,0.5457245746254921,0.0008414352950377178
19efb59bc7c35789,classic-rkd_angle-resnet18-cub200,finished,?,cub200,profile,off,8,0,resnet18,40.0,0.02180161327123642,0.11172995716333389,0.17603375017642975,0.2663291096687317,0.38092827796936035,0.06903596967458725,0.11229342222213745,0.3774058520793915,0.5096234083175659,0.6468619108200073,0.7907949686050415,0.2364075928926468,0.0,0.5228508618474007,0.0007885518208963762
19efb59bc7c35789,classic-rkd_angle-resnet18-cub200,finished,?,cub200,profile,off,8,0,resnet18,45.0,0.026230061426758766,0.12523207068443298,0.19240505993366241,0.2926582396030426,0.4135020971298218,0.07660437375307083,0.12972012162208557,0.3907949924468994,0.5523012280464172,0.6878660917282104,0.8100418448448181,0.2605341076850891,0.0,0.505248811841011,0.0007303024863467105
19efb59bc7c35789,classic-rkd_angle-resnet18-cub200,finished,?,cub200,profile,off,8,0,resnet18,50.0,0.028397254645824432,0.13670885562896729,0.2091139256954193,0.3073417842388153,0.42683544754981995,0.08043887466192245,0.13962671160697937,0.42761507630348206,0.589958131313324,0.7221757173538208,0.8334727883338928,0.2707975506782532,0.0,0.4831800192594528,0.0006677723662794075
19efb59bc7c35789,classic-rkd_angle-resnet18-cub200,finished,?,cub200,profile,off,8,0,resnet18,55.0,0.030109979212284088,0.14767932891845703,0.2204219400882721,0.3206751048564911,0.44135022163391113,0.0836874321103096,0.14787866175174713,0.4426778256893158,0.6050209403038025,0.7414225935935974,0.8384937047958374,0.28207331895828247,0.0,0.4647444087266922,0.0006021262785197906
19efb59bc7c35789,classic-rkd_angle-resnet18-cub200,finished,?,cub200,profile,off,8,0,resnet18,60.0,0.032453179359436035,0.15223628282546997,0.2266666740179062,0.33569619059562683,0.46227848529815674,0.08775091171264648,0.15567295253276825,0.4644351601600647,0.6309623718261719,0.760669469833374,0.8485355377197266,0.2894652187824249,0.0,0.44725843757390976,0.0005345870854756532
19efb59bc7c35789,classic-rkd_angle-resnet18-cub200,finished,?,cub200,profile,off,8,0,resnet18,65.0,0.03280868008732796,0.1620253175497055,0.2413502037525177,0.33890295028686523,0.4671730101108551,0.08895657956600189,0.16498829424381256,0.4652719795703888,0.6192468404769897,0.7523012757301331,0.8460251092910767,0.29829731583595276,0.0,0.42948438167572023,0.0004664129145243469
19efb59bc7c35789,classic-rkd_angle-resnet18-cub200,finished,?,cub200,profile,off,8,0,resnet18,70.0,0.03361024707555771,0.16421940922737122,0.23898734152317047,0.3449788987636566,0.47611814737319946,0.09036088734865189,0.16487610340118408,0.4912133812904358,0.6242677569389343,0.7573221921920776,0.8610878586769104,0.3000239133834839,0.0,0.4163176566362381,0.0003988737214802095
19efb59bc7c35789,classic-rkd_angle-resnet18-cub200,finished,?,cub200,profile,off,8,0,resnet18,75.0,0.03547210618853569,0.16540084779262543,0.24219408631324768,0.3429535925388336,0.47088608145713806,0.09273318201303482,0.17330186069011688,0.5112970471382141,0.63514643907547,0.7656903862953186,0.8527196645736694,0.30787673592567444,0.0,0.3991968557238579,0.0003332276337205924
19efb59bc7c35789,classic-rkd_angle-resnet18-cub200,finished,?,cub200,profile,off,8,0,resnet18,80.0,0.0359906330704689,0.16843882203102112,0.24725738167762756,0.3534177243709564,0.47915610671043396,0.09321083128452301,0.1760890632867813,0.5138075351715088,0.6435146331787109,0.7648535370826721,0.8585774302482605,0.30952736735343933,0.0,0.3835268333554268,0.00027069751365328947
19efb59bc7c35789,classic-rkd_angle-resnet18-cub200,finished,?,cub200,profile,off,8,0,resnet18,85.0,0.03542347252368927,0.16489452123641968,0.24708861112594604,0.3491983115673065,0.476286917924881,0.09257891029119492,0.17570103704929352,0.5129706859588623,0.6384937167167664,0.7615062594413757,0.8502091765403748,0.309185653924942,0.0,0.37383326411247253,0.0002124481791036239
19efb59bc7c35789,classic-rkd_angle-resnet18-cub200,finished,?,cub200,profile,off,8,0,resnet18,90.0,0.03526419773697853,0.1650632917881012,0.2477637082338333,0.34514766931533813,0.476624459028244,0.09193771332502365,0.172077015042305,0.5112970471382141,0.6451882719993591,0.7640167474746704,0.8502091765403748,0.30435994267463684,0.0,0.3614380657672882,0.00015956470496228238
19efb59bc7c35789,classic-rkd_angle-resnet18-cub200,finished,?,cub200,profile,off,8,0,resnet18,95.0,0.03513270244002342,0.16489452123641968,0.24472573399543762,0.34936708211898804,0.47189873456954956,0.09206594526767731,0.1741950809955597,0.5096234083175659,0.641004204750061,0.7656903862953186,0.8602510690689087,0.3063511252403259,0.0,0.35411263674497606,0.00011303221029314226
19efb59bc7c35789,classic-rkd_angle-resnet18-cub200,finished,?,cub200,profile,off,8,0,resnet18,100.0,0.03547026589512825,0.1662447303533554,0.24810126423835754,0.35037973523139954,0.47476792335510254,0.09232627600431442,0.17354990541934967,0.5087866187095642,0.6502091884613037,0.7623431086540222,0.8560669422149658,0.3063797950744629,0.0,0.34387434542179107,7.371750742902897e-05
19efb59bc7c35789,classic-rkd_angle-resnet18-cub200,finished,?,cub200,profile,off,8,0,resnet18,105.0,0.035486724227666855,0.1691139191389084,0.24995779991149902,0.34953585267066956,0.4798312187194824,0.09249521791934967,0.17440390586853027,0.5054393410682678,0.6518828272819519,0.7673640251159668,0.8518828749656677,0.3069835901260376,0.0,0.33751603662967683,4.235295489802631e-05
19efb59bc7c35789,classic-rkd_angle-resnet18-cub200,finished,?,cub200,profile,off,8,0,resnet18,110.0,0.03541957587003708,0.1702953577041626,0.25012657046318054,0.3486919701099396,0.4732489585876465,0.09206277877092361,0.17358508706092834,0.5004184246063232,0.6451882719993591,0.7623431086540222,0.8560669422149658,0.3057260513305664,0.0,0.3398462864756584,1.9522814969774334e-05
19efb59bc7c35789,classic-rkd_angle-resnet18-cub200,finished,?,cub200,profile,off,8,0,resnet18,115.0,0.03562983125448227,0.17181435227394104,0.2477637082338333,0.34852319955825806,0.47375527024269104,0.09226657450199127,0.17333322763442993,0.5037657022476196,0.6610878705978394,0.7640167474746704,0.8594142198562622,0.3054552674293518,0.0,0.3400465586781502,5.652369954852788e-06
19efb59bc7c35789,classic-rkd_angle-resnet18-cub200,finished,?,cub200,profile,off,8,0,resnet18,120.0,0.03565185144543648,0.17097046971321106,0.24928270280361176,0.3478480875492096,0.4744303822517395,0.0923994779586792,0.17309875786304474,0.501255214214325,0.6585773825645447,0.7623431086540222,0.8602510690689087,0.30526813864707947,0.0,0.33825738906860353,1e-06
107761d7fa2bf43b,classic-rkd_dist-convnext_tiny-cub200,finished,?,cub200,profile,off,8,0,convnext_tiny,5.0,0.002325906418263912,0.023797469213604927,0.04354430362582207,0.08202531933784485,0.1451476812362671,0.01893332228064537,0.014711192809045315,0.09539748728275299,0.1874476969242096,0.31631800532341003,0.4953974783420563,0.07882906496524811,0.0,0.34108527153730395,0.001
107761d7fa2bf43b,classic-rkd_dist-convnext_tiny-cub200,finished,?,cub200,profile,off,8,0,convnext_tiny,10.0,0.003120560897514224,0.027341771870851517,0.051139239221811295,0.10075949132442474,0.17687763273715973,0.022788822650909424,0.01856701821088791,0.10794979333877563,0.19665272533893585,0.33891212940216064,0.523849368095398,0.08883959800004959,0.0,0.4174645981192589,0.000995347630045147
107761d7fa2bf43b,classic-rkd_dist-convnext_tiny-cub200,finished,?,cub200,profile,off,8,0,convnext_tiny,15.0,0.005684122908860445,0.04135021194815636,0.07341772317886353,0.12405063211917877,0.20945148169994354,0.02968939207494259,0.026316003873944283,0.1389121413230896,0.23765690624713898,0.38326358795166016,0.5740585923194885,0.10528403520584106,0.0,0.43503969311714175,0.0009814771850302259
107761d7fa2bf43b,classic-rkd_dist-convnext_tiny-cub200,finished,?,cub200,profile,off,8,0,convnext_tiny,20.0,0.0083853080868721,0.05383966118097305,0.09164556860923767,0.14919830858707428,0.23578059673309326,0.036763884127140045,0.039372656494379044,0.17405857145786285,0.3087866008281708,0.47447699308395386,0.6192468404769897,0.12986958026885986,0.0,0.41888555854558945,0.0009586470451019739
107761d7fa2bf43b,classic-rkd_dist-convnext_tiny-cub200,finished,?,cub200,profile,off,8,0,convnext_tiny,25.0,0.011365741491317749,0.07088607549667358,0.11527425795793533,0.17704641819000244,0.2801687717437744,0.04516180232167244,0.057035017758607864,0.22426778078079224,0.35481172800064087,0.501255214214325,0.6602510213851929,0.1576157510280609,0.0,0.40816800922155383,0.0009272824925709711
107761d7fa2bf43b,classic-rkd_dist-convnext_tiny-cub200,finished,?,cub200,profile,off,8,0,convnext_tiny,30.0,0.014195458963513374,0.0783122330904007,0.1306329071521759,0.20962025225162506,0.3137552738189697,0.05281701311469078,0.07630684971809387,0.2569037675857544,0.40251046419143677,0.5723849534988403,0.7196652889251709,0.18874725699424744,0.0,0.3974962693452835,0.0008879677897068578
107761d7fa2bf43b,classic-rkd_dist-convnext_tiny-cub200,finished,?,cub200,profile,off,8,0,convnext_tiny,35.0,0.01735393889248371,0.08978903293609619,0.14396624267101288,0.23139239847660065,0.34025317430496216,0.05983487144112587,0.09344403445720673,0.2962343096733093,0.45355647802352905,0.5949791073799133,0.7389121055603027,0.21100439131259918,0.0,0.3877296841144562,0.0008414352950377178
107761d7fa2bf43b,classic-rkd_dist-convnext_tiny-cub200,finished,?,cub200,profile,off,8,0,convnext_tiny,40.0,0.01987212337553501,0.10329113900661469,0.16067510843276978,0.24742616713047028,0.3677637279033661,0.06570440530776978,0.1084953248500824,0.3447698652744293,0.4912133812904358,0.6686192750930786,0.7907949686050415,0.23215748369693756,0.0,0.37560744464397433,0.0007885518208963762
107761d7fa2bf43b,classic-rkd_dist-convnext_tiny-cub200,finished,?,cub200,profile,off,8,0,convnext_tiny,45.0,0.022645941004157066,0.11308016628026962,0.17468354105949402,0.2666666805744171,0.38700422644615173,0.0704510286450386,0.12012091279029846,0.3740585744380951,0.5313807725906372,0.671966552734375,0.7974895238876343,0.24780666828155518,0.0,0.3650439515709877,0.0007303024863467105
107761d7fa2bf43b,classic-rkd_dist-convnext_tiny-cub200,finished,?,cub200,profile,off,8,0,convnext_tiny,50.0,0.024836204946041107,0.12101265788078308,0.18565401434898376,0.2789873480796814,0.40489450097084045,0.07403147965669632,0.1275140643119812,0.3916318118572235,0.5564853549003601,0.7046025395393372,0.8284518718719482,0.25739410519599915,0.0,0.35849050879478456,0.0006677723662794075
107761d7fa2bf43b,classic-rkd_dist-convnext_tiny-cub200,finished,?,cub200,profile,off,8,0,convnext_tiny,55.0,0.02720453031361103,0.12894514203071594,0.20084388554096222,0.29822784662246704,0.41839662194252014,0.07794372737407684,0.1308230608701706,0.4142259359359741,0.5623431205749512,0.7029288411140442,0.8343096375465393,0.262451708316803,0.0,0.34831088334321975,0.0006021262785197906
107761d7fa2bf43b,classic-rkd_dist-convnext_tiny-cub200,finished,?,cub200,profile,off,8,0,convnext_tiny,60.0,0.027447836473584175,0.1356962025165558,0.20354430377483368,0.3037974536418915,0.43004220724105835,0.07953228801488876,0.13912643492221832,0.4192468523979187,0.5740585923194885,0.7179916501045227,0.8284518718719482,0.2706233263015747,0.0,0.33695026487112045,0.0005345870854756532
107761d7fa2bf43b,classic-rkd_dist-convnext_tiny-cub200,finished,?,cub200,profile,off,8,0,convnext_tiny,65.0,0.028997724875807762,0.13518987596035004,0.20962025225162506,0.30767932534217834,0.4317299723625183,0.0821269229054451,0.14249588549137115,0.43096235394477844,0.5824267864227295,0.7213389277458191,0.8343096375465393,0.27568820118904114,0.0,0.32904780238866804,0.0004664129145243469
107761d7fa2bf43b,classic-rkd_dist-convnext_tiny-cub200,finished,?,cub200,profile,off,8,0,convnext_tiny,70.0,0.02991490438580513,0.14717300236225128,0.22177214920520782,0.3174683451652527,0.4313924014568329,0.08285816013813019,0.1442575454711914,0.4251045882701874,0.5757322311401367,0.715481162071228,0.8393305540084839,0.2777453064918518,0.0,0.3205063784122467,0.0003988737214802095
107761d7fa2bf43b,classic-rkd_dist-convnext_tiny-cub200,finished,?,cub200,profile,off,8,0,convnext_tiny,75.0,0.030771633610129356,0.14481012523174286,0.21468354761600494,0.31628692150115967,0.43510547280311584,0.08413463830947876,0.14170654118061066,0.4142259359359741,0.5589958429336548,0.7121338844299316,0.8359832763671875,0.2748221457004547,0.0,0.30711549550294875,0.0003332276337205924
107761d7fa2bf43b,classic-rkd_dist-convnext_tiny-cub200,finished,?,cub200,profile,off,8,0,convnext_tiny,80.0,0.030172429978847504,0.14700421690940857,0.2236286848783493,0.3218565285205841,0.45080170035362244,0.08344606310129166,0.14551645517349243,0.43347281217575073,0.5707113146781921,0.723849356174469,0.8267782330513,0.279827356338501,0.0,0.29583839505910875,0.00027069751365328947
107761d7fa2bf43b,classic-rkd_dist-convnext_tiny-cub200,finished,?,cub200,profile,off,8,0,convnext_tiny,85.0,0.02950788475573063,0.14717300236225128,0.21080169081687927,0.3132489323616028,0.4438818693161011,0.08225388824939728,0.14343371987342834,0.43012553453445435,0.5841004252433777,0.7255229949951172,0.843514621257782,0.2761845290660858,0.0,0.2911171191930771,0.0002124481791036239
107761d7fa2bf43b,classic-rkd_dist-convnext_tiny-cub200,finished,?,cub200,profile,off,8,0,convnext_tiny,90.0,0.030510008335113525,0.14801688492298126,0.22379747033119202,0.3178059160709381,0.44067510962486267,0.08302571624517441,0.14369714260101318,0.42928871512413025,0.5799162983894348,0.7230125665664673,0.8451882600784302,0.2773115634918213,0.0,0.28096625819802284,0.00015956470496228238
107761d7fa2bf43b,classic-rkd_dist-convnext_tiny-cub200,finished,?,cub200,profile,off,8,0,convnext_tiny,95.0,0.030108409002423286,0.14751054346561432,0.21789029240608215,0.3154430389404297,0.4448945224285126,0.08268295973539352,0.1412864476442337,0.4184100329875946,0.5799162983894348,0.723849356174469,0.8384937047958374,0.274533212184906,0.0,0.2783405187726021,0.00011303221029314226
107761d7fa2bf43b,classic-rkd_dist-convnext_tiny-cub200,finished,?,cub200,profile,off,8,0,convnext_tiny,100.0,0.030670614913105965,0.1503797471523285,0.21890296041965485,0.31071728467941284,0.43814346194267273,0.08301367610692978,0.1428285539150238,0.42594143748283386,0.5790795087814331,0.7221757173538208,0.8259414434432983,0.2763301134109497,0.0,0.2725742317736149,7.371750742902897e-05
107761d7fa2bf43b,classic-rkd_dist-convnext_tiny-cub200,finished,?,cub200,profile,off,8,0,convnext_tiny,105.0,0.030499890446662903,0.15206751227378845,0.22075949609279633,0.3122362792491913,0.44135022163391113,0.08243368566036224,0.14152896404266357,0.42594143748283386,0.5615062713623047,0.7096234560012817,0.835146427154541,0.2737714946269989,0.0,0.26558664873242377,4.235295489802631e-05
107761d7fa2bf43b,classic-rkd_dist-convnext_tiny-cub200,finished,?,cub200,profile,off,8,0,convnext_tiny,110.0,0.030105067417025566,0.14801688492298126,0.21924050152301788,0.31291139125823975,0.44050633907318115,0.08213470876216888,0.14160001277923584,0.4242677688598633,0.573221743106842,0.7146443724632263,0.835146427154541,0.2746184766292572,0.0,0.26938879922032355,1.9522814969774334e-05
107761d7fa2bf43b,classic-rkd_dist-convnext_tiny-cub200,finished,?,cub200,profile,off,8,0,convnext_tiny,115.0,0.030166223645210266,0.15088607370853424,0.22008438408374786,0.3112236261367798,0.4408438801765442,0.08224602043628693,0.1408352553844452,0.43263599276542664,0.5707113146781921,0.7146443724632263,0.8343096375465393,0.2730751633644104,0.0,0.2610976047813892,5.652369954852788e-06
107761d7fa2bf43b,classic-rkd_dist-convnext_tiny-cub200,finished,?,cub200,profile,off,8,0,convnext_tiny,120.0,0.03012472204864025,0.15021097660064697,0.21957805752754211,0.31206750869750977,0.4388185739517212,0.08210063725709915,0.14089763164520264,0.42845189571380615,0.5698744654655457,0.7129707336425781,0.8301255106925964,0.2731349468231201,0.0,0.2647015656530857,1e-06
7d67e3ce26e46334,classic-rkd_angle-convnext_tiny-cub200,finished,?,cub200,profile,off,8,0,convnext_tiny,5.0,0.002380926162004471,0.02767932415008545,0.0501265823841095,0.08320675045251846,0.14295358955860138,0.018848001956939697,0.013898471370339394,0.0945606678724289,0.18158996105194092,0.29121339321136475,0.47280335426330566,0.07651388645172119,0.0,0.48473106473684313,0.001
7d67e3ce26e46334,classic-rkd_angle-convnext_tiny-cub200,finished,?,cub200,profile,off,8,0,convnext_tiny,10.0,0.0029696179553866386,0.030379746109247208,0.0533333346247673,0.09535864740610123,0.16455696523189545,0.02187362313270569,0.017725002020597458,0.09874477237462997,0.20418410003185272,0.33974894881248474,0.5112970471382141,0.08709276467561722,0.0,0.6634634810686112,0.000995347630045147
7d67e3ce26e46334,classic-rkd_angle-convnext_tiny-cub200,finished,?,cub200,profile,off,8,0,convnext_tiny,15.0,0.004319954197853804,0.039662446826696396,0.06835442781448364,0.12084387987852097,0.19071729481220245,0.02657788246870041,0.023945946246385574,0.12887029349803925,0.2326359897851944,0.3924686312675476,0.5857740640640259,0.1005975678563118,0.0,0.7080183607339859,0.0009814771850302259
7d67e3ce26e46334,classic-rkd_angle-convnext_tiny-cub200,finished,?,cub200,profile,off,8,0,convnext_tiny,20.0,0.0068567958660423756,0.05147679150104523,0.08708860725164413,0.14244726300239563,0.2268354445695877,0.03285563364624977,0.034135326743125916,0.15313807129859924,0.2744769752025604,0.4384937286376953,0.6050209403038025,0.12068816274404526,0.0,0.6775667047500611,0.0009586470451019739
7d67e3ce26e46334,classic-rkd_angle-convnext_tiny-cub200,finished,?,cub200,profile,off,8,0,convnext_tiny,25.0,0.01016295701265335,0.06565400958061218,0.11172995716333389,0.17485232651233673,0.2634599208831787,0.04169999063014984,0.052146293222904205,0.2125522941350937,0.3271966576576233,0.48117154836654663,0.6485355496406555,0.14993053674697876,0.0,0.6522457391023636,0.0009272824925709711
7d67e3ce26e46334,classic-rkd_angle-convnext_tiny-cub200,finished,?,cub200,profile,off,8,0,convnext_tiny,30.0,0.011952943168580532,0.06700421869754791,0.11831223964691162,0.19257384538650513,0.2902953624725342,0.047403331845998764,0.06689108908176422,0.24937237799167633,0.38242676854133606,0.5364016890525818,0.6962342858314514,0.17135420441627502,0.0,0.6348346477746963,0.0008879677897068578
7d67e3ce26e46334,classic-rkd_angle-convnext_tiny-cub200,finished,?,cub200,profile,off,8,0,convnext_tiny,35.0,0.015607200562953949,0.09265822917222977,0.14396624267101288,0.22177214920520782,0.32658228278160095,0.056327544152736664,0.08386904746294022,0.29456067085266113,0.43430963158607483,0.5715481042861938,0.7271966338157654,0.19751951098442078,0.0,0.6137839251756668,0.0008414352950377178
7d67e3ce26e46334,classic-rkd_angle-convnext_tiny-cub200,finished,?,cub200,profile,off,8,0,convnext_tiny,40.0,0.017948174849152565,0.09569620341062546,0.16016878187656403,0.24303796887397766,0.35898733139038086,0.06182343140244484,0.09926856309175491,0.31464433670043945,0.4677824378013611,0.6209204792976379,0.7615062594413757,0.22010383009910583,0.0,0.5914499652385712,0.0007885518208963762
7d67e3ce26e46334,classic-rkd_angle-convnext_tiny-cub200,finished,?,cub200,profile,off,8,0,convnext_tiny,45.0,0.02029433101415634,0.10852320492267609,0.16860759258270264,0.2580590844154358,0.3691139221191406,0.0663953498005867,0.11253228038549423,0.3523012697696686,0.5037657022476196,0.6535564661026001,0.7891213297843933,0.23491987586021423,0.0,0.5671828776597977,0.0007303024863467105
7d67e3ce26e46334,classic-rkd_angle-convnext_tiny-cub200,finished,?,cub200,profile,off,8,0,convnext_tiny,50.0,0.023718630895018578,0.12185654044151306,0.18042193353176117,0.275780588388443,0.3959493637084961,0.07202699780464172,0.12148585915565491,0.38744768500328064,0.5322175621986389,0.6845188140869141,0.7958158850669861,0.24681197106838226,0.0,0.5495081073045731,0.0006677723662794075
7d67e3ce26e46334,classic-rkd_angle-convnext_tiny-cub200,finished,?,cub200,profile,off,8,0,convnext_tiny,55.0,0.025492321699857712,0.1356962025165558,0.20337553322315216,0.29839661717414856,0.42396625876426697,0.0755787268280983,0.13230353593826294,0.421757310628891,0.5723849534988403,0.7246862053871155,0.8284518718719482,0.26241904497146606,0.0,0.5289649388194084,0.0006021262785197906
7d67e3ce26e46334,classic-rkd_angle-convnext_tiny-cub200,finished,?,cub200,profile,off,8,0,convnext_tiny,60.0,0.027272233739495277,0.138902947306633,0.2048945128917694,0.3031223714351654,0.42396625876426697,0.07851552963256836,0.139948308467865,0.42761507630348206,0.573221743106842,0.7179916501045227,0.8410041928291321,0.27072060108184814,0.0,0.5129323697090149,0.0005345870854756532
7d67e3ce26e46334,classic-rkd_angle-convnext_tiny-cub200,finished,?,cub200,profile,off,8,0,convnext_tiny,65.0,0.02836497128009796,0.13924050331115723,0.21468354761600494,0.3164556920528412,0.43966245651245117,0.080723337829113,0.145925372838974,0.4485355615615845,0.6075313687324524,0.7313807606697083,0.843514621257782,0.27849534153938293,0.0,0.49298746526241305,0.0004664129145243469
7d67e3ce26e46334,classic-rkd_angle-convnext_tiny-cub200,finished,?,cub200,profile,off,8,0,convnext_tiny,70.0,0.028830841183662415,0.14767932891845703,0.22092826664447784,0.322025328874588,0.44759494066238403,0.08160293102264404,0.14590032398700714,0.45188283920288086,0.5941422581672668,0.73221755027771,0.8317991495132446,0.2775771915912628,0.0,0.47258112609386443,0.0003988737214802095
7d67e3ce26e46334,classic-rkd_angle-convnext_tiny-cub200,finished,?,cub200,profile,off,8,0,convnext_tiny,75.0,0.030595218762755394,0.15071730315685272,0.22430379688739777,0.32523205876350403,0.44573840498924255,0.08399355411529541,0.15186578035354614,0.45774057507514954,0.6175732016563416,0.7422594428062439,0.8368200659751892,0.28690677881240845,0.0,0.45888651013374326,0.0003332276337205924
7d67e3ce26e46334,classic-rkd_angle-convnext_tiny-cub200,finished,?,cub200,profile,off,8,0,convnext_tiny,80.0,0.030516624450683594,0.15324895083904266,0.22852320969104767,0.32320675253868103,0.44759494066238403,0.08412577211856842,0.15151946246623993,0.45020920038223267,0.618410050868988,0.7447698712348938,0.8384937047958374,0.28605344891548157,0.0,0.4447756001353264,0.00027069751365328947
7d67e3ce26e46334,classic-rkd_angle-convnext_tiny-cub200,finished,?,cub200,profile,off,8,0,convnext_tiny,85.0,0.030783379450440407,0.15088607370853424,0.2256540060043335,0.32776370644569397,0.44793248176574707,0.08448391407728195,0.1516648381948471,0.4468619227409363,0.604184091091156,0.7472803592681885,0.8451882600784302,0.283891886472702,0.0,0.4278992229700089,0.0002124481791036239
7d67e3ce26e46334,classic-rkd_angle-convnext_tiny-cub200,finished,?,cub200,profile,off,8,0,convnext_tiny,90.0,0.031413670629262924,0.15645569562911987,0.22531644999980927,0.324050635099411,0.44573840498924255,0.08540327847003937,0.15673764050006866,0.47615063190460205,0.6217573285102844,0.7556485533714294,0.8418409824371338,0.29036545753479004,0.0,0.4176014268398285,0.00015956470496228238
7d67e3ce26e46334,classic-rkd_angle-convnext_tiny-cub200,finished,?,cub200,profile,off,8,0,convnext_tiny,95.0,0.031534191220998764,0.15291139483451843,0.22700421512126923,0.31898733973503113,0.44472575187683105,0.08610038459300995,0.15595582127571106,0.45941421389579773,0.6075313687324524,0.7372384667396545,0.8384937047958374,0.28867948055267334,0.0,0.4075635513663292,0.00011303221029314226
7d67e3ce26e46334,classic-rkd_angle-convnext_tiny-cub200,finished,?,cub200,profile,off,8,0,convnext_tiny,100.0,0.031512703746557236,0.15409283339977264,0.2266666740179062,0.32759493589401245,0.44540083408355713,0.0856017917394638,0.15453565120697021,0.45020920038223267,0.6133891344070435,0.7456067204475403,0.8359832763671875,0.28782743215560913,0.0,0.3986228942871094,7.371750742902897e-05
7d67e3ce26e46334,classic-rkd_angle-convnext_tiny-cub200,finished,?,cub200,profile,off,8,0,convnext_tiny,105.0,0.031563352793455124,0.15527425706386566,0.2258227914571762,0.324894517660141,0.44455695152282715,0.08561519533395767,0.1555456817150116,0.4627614915370941,0.6117154955863953,0.7414225935935974,0.8451882600784302,0.2888364791870117,0.0,0.39370641320943833,4.235295489802631e-05
7d67e3ce26e46334,classic-rkd_angle-convnext_tiny-cub200,finished,?,cub200,profile,off,8,0,convnext_tiny,110.0,0.03176255151629448,0.15696202218532562,0.2288607656955719,0.32843881845474243,0.4420253038406372,0.08610635995864868,0.15488006174564362,0.4627614915370941,0.6175732016563416,0.7456067204475403,0.8376569151878357,0.28794509172439575,0.0,0.39482520401477816,1.9522814969774334e-05
7d67e3ce26e46334,classic-rkd_angle-convnext_tiny-cub200,finished,?,cub200,profile,off,8,0,convnext_tiny,115.0,0.03169507160782814,0.1556118130683899,0.22379747033119202,0.32320675253868103,0.4450632929801941,0.08596037328243256,0.1554010957479477,0.4686192572116852,0.6234309673309326,0.738075315952301,0.8401673436164856,0.28778278827667236,0.0,0.3896562597155571,5.652369954852788e-06
7d67e3ce26e46334,classic-rkd_angle-convnext_tiny-cub200,finished,?,cub200,profile,off,8,0,convnext_tiny,120.0,0.03163333982229233,0.1547679305076599,0.22531644999980927,0.32253164052963257,0.4440506398677826,0.08593577146530151,0.15493831038475037,0.47196653485298157,0.6200836896896362,0.7439330816268921,0.8393305540084839,0.2874164581298828,0.0,0.3897321945428848,1e-06
e0d6497014e24c6b,cars196-resnet18-regression-profile-N2-search-s0,finished,search,cars196,profile,regression,2,0,resnet18,5.0,0.0025059140753000975,0.03320624679327011,0.05411388352513313,0.09113270044326782,0.1595129817724228,0.01922101154923439,0.011809047311544418,0.09660107642412186,0.1663685142993927,0.28264757990837097,0.4686940908432007,0.07225273549556732,0.0,0.19445921286940573,0.001
e0d6497014e24c6b,cars196-resnet18-regression-profile-N2-search-s0,finished,search,cars196,profile,regression,2,0,resnet18,10.0,0.0040088677778840065,0.04624277353286743,0.07711228728294373,0.1275365948677063,0.20305006206035614,0.024824723601341248,0.01716681569814682,0.11926058679819107,0.20393559336662292,0.3297555148601532,0.5158020257949829,0.08599881082773209,0.0,0.18633337914943696,0.0009046039886902862
e0d6497014e24c6b,cars196-resnet18-regression-profile-N2-search-s0,finished,search,cars196,profile,regression,2,0,resnet18,15.0,0.0053028869442641735,0.05866437032818794,0.09408436715602875,0.14426270127296448,0.22900012135505676,0.028445670381188393,0.019877461716532707,0.14549791812896729,0.23076923191547394,0.361359566450119,0.5277280807495117,0.0897471010684967,0.0,0.1847107733786106,0.0006548539886902863
e0d6497014e24c6b,cars196-resnet18-regression-profile-N2-search-s0,finished,search,cars196,profile,regression,2,0,resnet18,20.0,0.005941993091255426,0.06592055410146713,0.10835075378417969,0.166277214884758,0.24843192100524902,0.03148912265896797,0.0231921523809433,0.1598091870546341,0.26058438420295715,0.39296361804008484,0.5676803588867188,0.0947560966014862,0.0,0.18364368587732316,0.0003461460113097138
e0d6497014e24c6b,cars196-resnet18-regression-profile-N2-search-s0,finished,search,cars196,profile,regression,2,0,resnet18,25.0,0.0063966684974730015,0.06173902377486229,0.10244742035865784,0.16861394047737122,0.26146844029426575,0.03430689871311188,0.02795480191707611,0.1687537282705307,0.26952892541885376,0.39713773131370544,0.5760286450386047,0.10368739068508148,0.0,0.18467384979128837,9.63960113097138e-05
e0d6497014e24c6b,cars196-resnet18-regression-profile-N2-search-s0,finished,search,cars196,profile,regression,2,0,resnet18,30.0,0.006485221441835165,0.06887222081422806,0.10982658714056015,0.17267249524593353,0.26319026947021484,0.0344373993575573,0.02688869833946228,0.1711389422416687,0.2808586657047272,0.40966010093688965,0.5652951598167419,0.10286159813404083,0.0,0.18598560646176338,1e-06
cd06f40ab35fbcec,cars196-resnet18-regression-profile-N2-search-s1,finished,search,cars196,profile,regression,2,1,resnet18,5.0,0.002481317613273859,0.03591194376349449,0.05792645364999771,0.09592916071414948,0.1657852679491043,0.019376637414097786,0.0079524340108037,0.07360097020864487,0.14659367501735687,0.264598548412323,0.42944037914276123,0.059143148362636566,0.0,0.18968839690089226,0.001
cd06f40ab35fbcec,cars196-resnet18-regression-profile-N2-search-s1,finished,search,cars196,profile,regression,2,1,resnet18,10.0,0.0036009016912430525,0.04488992691040039,0.07268478721380234,0.12655270099639893,0.19800762832164764,0.02320004440844059,0.009971105493605137,0.09367396682500839,0.16301703453063965,0.2731143534183502,0.4330900311470032,0.0647926777601242,0.0,0.17967936649918556,0.0009046039886902862
cd06f40ab35fbcec,cars196-resnet18-regression-profile-N2-search-s1,finished,search,cars196,profile,regression,2,1,resnet18,15.0,0.004633068107068539,0.05251506716012955,0.08522936701774597,0.13503873348236084,0.20587873458862305,0.025906408205628395,0.01131400465965271,0.10158150643110275,0.18917274475097656,0.3041362464427948,0.4738442897796631,0.06727993488311768,0.0,0.17756230056285857,0.0006548539886902863
cd06f40ab35fbcec,cars196-resnet18-regression-profile-N2-search-s1,finished,search,cars196,profile,regression,2,1,resnet18,20.0,0.005460979416966438,0.06063214689493179,0.09162464737892151,0.14450867474079132,0.21756242215633392,0.02808239497244358,0.0122072147205472,0.11009732633829117,0.1958637535572052,0.2998783588409424,0.4562043845653534,0.06778038293123245,0.0,0.17654085889458657,0.0003461460113097138
cd06f40ab35fbcec,cars196-resnet18-regression-profile-N2-search-s1,finished,search,cars196,profile,regression,2,1,resnet18,25.0,0.005790954455733299,0.06493666023015976,0.09789694100618362,0.15102693438529968,0.23096789419651031,0.029546303674578667,0.012547262944281101,0.1155717745423317,0.18734793365001678,0.3041362464427948,0.4732360243797302,0.06921380013227463,0.0,0.1767684292793274,9.63960113097138e-05
75aa91fabe0aefb0,cub200-resnet18-regression-profile-N2-search-s0,finished,search,cub200,profile,regression,2,0,resnet18,5.0,0.002515726489946246,0.027510548010468483,0.05164556950330734,0.09147679060697556,0.16354429721832275,0.01954314112663269,0.017481546849012375,0.11129707098007202,0.1841004192829132,0.31715482473373413,0.4887029230594635,0.08719897270202637,0.0,0.17588361844420433,0.001
75aa91fabe0aefb0,cub200-resnet18-regression-profile-N2-search-s0,finished,search,cub200,profile,regression,2,0,resnet18,10.0,0.007289293687790632,0.05924050509929657,0.09991560876369476,0.16388185322284698,0.2582278549671173,0.03700076416134834,0.03288891538977623,0.1623430997133255,0.2836820185184479,0.4393305480480194,0.6242677569389343,0.12440606951713562,0.0,0.17531490817666054,0.0009046039886902862
75aa91fabe0aefb0,cub200-resnet18-regression-profile-N2-search-s0,finished,search,cub200,profile,regression,2,0,resnet18,15.0,0.01306023821234703,0.07476793229579926,0.12708860635757446,0.2226160317659378,0.3343459963798523,0.05389295518398285,0.06074770539999008,0.2518828511238098,0.3933054506778717,0.5656903982162476,0.7364016771316528,0.174841046333313,0.0,0.18518636450171472,0.0006548539886902863
75aa91fabe0aefb0,cub200-resnet18-regression-profile-N2-search-s0,finished,search,cub200,profile,regression,2,0,resnet18,20.0,0.017078204080462456,0.10227847844362259,0.16168776154518127,0.24270042777061462,0.3605063259601593,0.06178387627005577,0.08237937837839127,0.2979079484939575,0.43430963158607483,0.6108786463737488,0.7732217311859131,0.209396094083786,0.0,0.18889213234186172,0.0003461460113097138
75aa91fabe0aefb0,cub200-resnet18-regression-profile-N2-search-s0,finished,search,cub200,profile,regression,2,0,resnet18,25.0,0.019331762567162514,0.10295358300209045,0.16523206233978271,0.2568776309490204,0.3826160430908203,0.06565117090940475,0.09374045580625534,0.3046025037765503,0.45523011684417725,0.6334728002548218,0.7941422462463379,0.22344549000263214,0.0,0.1916113819181919,9.63960113097138e-05
75aa91fabe0aefb0,cub200-resnet18-regression-profile-N2-search-s0,finished,search,cub200,profile,regression,2,0,resnet18,30.0,0.01981336437165737,0.10565400868654251,0.1672573834657669,0.2602531611919403,0.38092827796936035,0.0663866326212883,0.09454283863306046,0.31715482473373413,0.4702928960323334,0.6443514823913574,0.7958158850669861,0.224019855260849,0.0,0.19250773668289184,1e-06
f277ce47f0c279f0,cars196-resnet18-regression-profile-N2-search-s2,finished,search,cars196,profile,regression,2,2,resnet18,5.0,0.0023650438524782658,0.0336981937289238,0.06026319041848183,0.10084860771894455,0.16824498772621155,0.01902424544095993,0.01084577664732933,0.08580060303211212,0.16737160086631775,0.26586103439331055,0.4314199388027191,0.06667502224445343,0.0,0.18939381659030916,0.001
f277ce47f0c279f0,cars196-resnet18-regression-profile-N2-search-s2,finished,search,cars196,profile,regression,2,2,resnet18,10.0,0.003124996554106474,0.044520970433950424,0.07502152025699615,0.11978846043348312,0.19284221529960632,0.02233141101896763,0.013902582228183746,0.11661631613969803,0.18429003655910492,0.2888217568397522,0.4664652645587921,0.07421013712882996,0.0,0.18210993707180023,0.0009046039886902862
f277ce47f0c279f0,cars196-resnet18-regression-profile-N2-search-s2,finished,search,cars196,profile,regression,2,2,resnet18,15.0,0.004245722200721502,0.05017833039164543,0.08178576081991196,0.13134916126728058,0.20649366080760956,0.025242570787668228,0.015058580785989761,0.11238670349121094,0.18791541457176208,0.30996978282928467,0.5003021359443665,0.0769379734992981,0.0,0.17996685728430747,0.0006548539886902863
f277ce47f0c279f0,cars196-resnet18-regression-profile-N2-search-s2,finished,search,cars196,profile,regression,2,2,resnet18,20.0,0.005194568075239658,0.05349895358085632,0.08805804699659348,0.14180298149585724,0.22174394130706787,0.02830376662313938,0.017031874507665634,0.12386707216501236,0.2078549861907959,0.3365558981895447,0.5099697709083557,0.08093124628067017,0.0,0.17633692681789398,0.0003461460113097138
f277ce47f0c279f0,cars196-resnet18-regression-profile-N2-search-s2,finished,search,cars196,profile,regression,2,2,resnet18,25.0,0.005776169244199991,0.06395277380943298,0.10195548087358475,0.15656131505966187,0.2421596348285675,0.03060281090438366,0.017571739852428436,0.11359516531229019,0.1993957757949829,0.3280966877937317,0.5148036479949951,0.08237028121948242,0.0,0.17654633030295372,9.63960113097138e-05
f277ce47f0c279f0,cars196-resnet18-regression-profile-N2-search-s2,finished,search,cars196,profile,regression,2,2,resnet18,30.0,0.005822185892611742,0.06555159389972687,0.10220145434141159,0.16086582839488983,0.23908498883247375,0.030675247311592102,0.0177468154579401,0.12205438315868378,0.20422960817813873,0.32749244570732117,0.5117824673652649,0.08363481611013412,0.0,0.177115091830492,1e-06
160698d827742f2f,cub200-resnet18-regression-profile-N2-search-s1,finished,search,cub200,profile,regression,2,1,resnet18,5.0,0.0023942573461681604,0.02413502149283886,0.046751055866479874,0.08742616325616837,0.1525738388299942,0.019169393926858902,0.018428103998303413,0.11835334450006485,0.2135505974292755,0.34991422295570374,0.5240136981010437,0.08891963958740234,0.0,0.17428672820329666,0.001
160698d827742f2f,cub200-resnet18-regression-profile-N2-search-s1,finished,search,cub200,profile,regression,2,1,resnet18,10.0,0.004563299939036369,0.04556962102651596,0.07932489365339279,0.13687764108181,0.2278480976819992,0.03076333925127983,0.03559846803545952,0.1843910813331604,0.3087478578090668,0.4708404839038849,0.6646655201911926,0.12716098129749298,0.0,0.1749569907784462,0.0009046039886902862
160698d827742f2f,cub200-resnet18-regression-profile-N2-search-s1,finished,search,cub200,profile,regression,2,1,resnet18,15.0,0.010435471311211586,0.06869198381900787,0.11510548740625381,0.19713079929351807,0.30362868309020996,0.047167666256427765,0.07326535880565643,0.2873070240020752,0.4236706793308258,0.5703259110450745,0.7315608859062195,0.18646299839019775,0.0,0.1813800121843815,0.0006548539886902863
160698d827742f2f,cub200-resnet18-regression-profile-N2-search-s1,finished,search,cub200,profile,regression,2,1,resnet18,20.0,0.015830732882022858,0.08945147693157196,0.14599156379699707,0.22548523545265198,0.3513924181461334,0.05935278907418251,0.11077463626861572,0.3610634505748749,0.5137221217155457,0.6518010497093201,0.7830188870429993,0.2334761768579483,0.0,0.18788415610790252,0.0003461460113097138
160698d827742f2f,cub200-resnet18-regression-profile-N2-search-s1,finished,search,cub200,profile,regression,2,1,resnet18,25.0,0.019418325275182724,0.09957806020975113,0.16168776154518127,0.2475949376821518,0.374008446931839,0.06531288474798203,0.12394654005765915,0.3704974353313446,0.5205832123756409,0.6569468379020691,0.7984562516212463,0.25036537647247314,0.0,0.18735718637704848,9.63960113097138e-05
160698d827742f2f,cub200-resnet18-regression-profile-N2-search-s1,finished,search,cub200,profile,regression,2,1,resnet18,30.0,0.019715851172804832,0.09940928220748901,0.16168776154518127,0.24894514679908752,0.3773839771747589,0.06638066470623016,0.12617826461791992,0.3696397840976715,0.5171526670455933,0.6672384142875671,0.8010291457176208,0.2523512542247772,0.0,0.18925576731562616,1e-06
78ea06145e320687,cars196-resnet18-regression-profile-N4-search-s0,finished,search,cars196,profile,regression,4,0,resnet18,5.0,0.0016834756825119257,0.02336736023426056,0.040462426841259,0.07120895385742188,0.13282498717308044,0.015600851736962795,0.008576598018407822,0.08109720051288605,0.1490757316350937,0.25163984298706055,0.40310078859329224,0.06125500425696373,304.13581588745114,304.6607029724121,0.001
78ea06145e320687,cars196-resnet18-regression-profile-N4-search-s0,finished,search,cars196,profile,regression,4,0,resnet18,10.0,0.0016712358919903636,0.02201451174914837,0.04021645709872246,0.07231582701206207,0.12876644730567932,0.015647858381271362,0.008821905590593815,0.07930828630924225,0.1419200897216797,0.24627310037612915,0.42098987102508545,0.062178950756788254,295.7310874938965,296.24036499023435,0.0009046039886902862
78ea06145e320687,cars196-resnet18-regression-profile-N4-search-s0,finished,search,cars196,profile,regression,4,0,resnet18,15.0,0.001624304335564375,0.02152256853878498,0.038740623742341995,0.07342270016670227,0.12962734699249268,0.015609044581651688,0.008766034618020058,0.07811567932367325,0.1538461595773697,0.25163984298706055,0.42098987102508545,0.0630301982164383,289.45966278076173,289.95489807128905,0.0006548539886902863
78ea06145e320687,cars196-resnet18-regression-profile-N4-search-s0,finished,search,cars196,profile,regression,4,0,resnet18,20.0,0.0015750837046653032,0.0227524284273386,0.041938260197639465,0.07219284027814865,0.12519985437393188,0.015344229526817799,0.00831973273307085,0.07573047280311584,0.13178294897079468,0.23852117359638214,0.41085270047187805,0.0615106038749218,291.93572509765625,292.42052658081053,0.0003461460113097138
78ea06145e320687,cars196-resnet18-regression-profile-N4-search-s0,finished,search,cars196,profile,regression,4,0,resnet18,25.0,0.0013880335027351975,0.019800761714577675,0.03812569007277489,0.07108596712350845,0.12114131450653076,0.01450095884501934,0.007736209314316511,0.06857483834028244,0.13655336201190948,0.24150268733501434,0.39773404598236084,0.05934087559580803,291.16159133911134,291.6341734313965,9.63960113097138e-05
78ea06145e320687,cars196-resnet18-regression-profile-N4-search-s0,finished,search,cars196,profile,regression,4,0,resnet18,30.0,0.0014148132177069783,0.01955479010939598,0.03837166354060173,0.06973312050104141,0.12064936757087708,0.014627614058554173,0.007934399880468845,0.07573047280311584,0.1419200897216797,0.24090638756752014,0.40429338812828064,0.05973163992166519,291.50677932739256,291.9753982543945,1e-06
235b3167aeff92d7,cub200-resnet18-regression-profile-N2-search-s2,finished,search,cub200,profile,regression,2,2,resnet18,5.0,0.0024419014807790518,0.02852320671081543,0.048438817262649536,0.09063290804624557,0.15915611386299133,0.019234733656048775,0.014690305106341839,0.0984719842672348,0.1876061111688614,0.3208828568458557,0.4915110468864441,0.07947126775979996,0.0,0.1778454676270485,0.001
235b3167aeff92d7,cub200-resnet18-regression-profile-N2-search-s2,finished,search,cub200,profile,regression,2,2,resnet18,10.0,0.007483181077986956,0.06312236189842224,0.1044725701212883,0.17046412825584412,0.2789873480796814,0.03948625922203064,0.03635292500257492,0.1799660474061966,0.2869269847869873,0.44651952385902405,0.6112054586410522,0.12414969503879547,0.0,0.17965150281786918,0.0009046039886902862
235b3167aeff92d7,cub200-resnet18-regression-profile-N2-search-s2,finished,search,cub200,profile,regression,2,2,resnet18,15.0,0.01573357544839382,0.0857383981347084,0.149367094039917,0.2308860719203949,0.35561180114746094,0.05916038155555725,0.06754329800605774,0.23514431715011597,0.3760611116886139,0.5373514294624329,0.6910017132759094,0.1686556488275528,0.0,0.18386195600032806,0.0006548539886902863
235b3167aeff92d7,cub200-resnet18-regression-profile-N2-search-s2,finished,search,cub200,profile,regression,2,2,resnet18,20.0,0.01906684786081314,0.09957806020975113,0.16135020554065704,0.24607594311237335,0.36827003955841064,0.06503333896398544,0.08370552957057953,0.30050933361053467,0.4337860643863678,0.5831918716430664,0.7181664109230042,0.19350099563598633,0.0,0.1870456427335739,0.0003461460113097138
235b3167aeff92d7,cub200-resnet18-regression-profile-N2-search-s2,finished,search,cub200,profile,regression,2,2,resnet18,25.0,0.021557843312621117,0.10227847844362259,0.1672573834657669,0.2594092786312103,0.3854852318763733,0.0698821023106575,0.0885578989982605,0.30730050802230835,0.441426157951355,0.5772495865821838,0.7275042533874512,0.20222242176532745,0.0,0.18916803270578383,9.63960113097138e-05
235b3167aeff92d7,cub200-resnet18-regression-profile-N2-search-s2,finished,search,cub200,profile,regression,2,2,resnet18,30.0,0.021616999059915543,0.1024472564458847,0.1670886129140854,0.25873416662216187,0.3804219365119934,0.07000401616096497,0.09134768694639206,0.3047538101673126,0.45500847697257996,0.5797962546348572,0.7308998107910156,0.20583930611610413,0.0,0.19019174158573152,1e-06
da1e34e3e44beb9f,cub200-resnet18-regression-profile-N4-search-s0,finished,search,cub200,profile,regression,4,0,resnet18,5.0,0.0020848840940743685,0.021772151812911034,0.042362868785858154,0.07493671029806137,0.1326582282781601,0.017271043732762337,0.012383262626826763,0.08870293200016022,0.15313807129859924,0.2786611020565033,0.4476987421512604,0.07039158791303635,262.3749090576172,262.9465808105469,0.001
da1e34e3e44beb9f,cub200-resnet18-regression-profile-N4-search-s0,finished,search,cub200,profile,regression,4,0,resnet18,10.0,0.0020610077772289515,0.020759493112564087,0.03915611654520035,0.07594936341047287,0.13654008507728577,0.017068305984139442,0.012727528810501099,0.0928870290517807,0.1606694608926773,0.2794979214668274,0.45606693625450134,0.07091400772333145,245.62091735839843,246.16436096191407,0.0009046039886902862
da1e34e3e44beb9f,cub200-resnet18-regression-profile-N4-search-s0,finished,search,cub200,profile,regression,4,0,resnet18,15.0,0.002142000012099743,0.022616034373641014,0.04084388166666031,0.07459915429353714,0.13839662075042725,0.017587892711162567,0.012481662444770336,0.08451882749795914,0.1405857801437378,0.2610878646373749,0.45020920038223267,0.07074221968650818,236.27823135375976,236.8032716369629,0.0006548539886902863
da1e34e3e44beb9f,cub200-resnet18-regression-profile-N4-search-s0,finished,search,cub200,profile,regression,4,0,resnet18,20.0,0.002138408599421382,0.021772151812911034,0.04219409450888634,0.0783122330904007,0.1410970389842987,0.01746237650513649,0.01209760271012783,0.07949791103601456,0.15564852952957153,0.26610878109931946,0.4610878527164459,0.07025040686130524,238.10777603149415,238.61275100708008,0.0003461460113097138
da1e34e3e44beb9f,cub200-resnet18-regression-profile-N4-search-s0,finished,search,cub200,profile,regression,4,0,resnet18,25.0,0.0021045019384473562,0.023459915071725845,0.04472573846578598,0.07983122020959854,0.14143459498882294,0.017230307683348656,0.01149340532720089,0.071129709482193,0.13472802937030792,0.2794979214668274,0.4627614915370941,0.06940989941358566,235.43419555664062,235.92730484008788,9.63960113097138e-05
da1e34e3e44beb9f,cub200-resnet18-regression-profile-N4-search-s0,finished,search,cub200,profile,regression,4,0,resnet18,30.0,0.0020904543343931437,0.02362869121134281,0.04421940818428993,0.07932489365339279,0.14075949788093567,0.016786808148026466,0.011178051121532917,0.08200836926698685,0.14979079365730286,0.2803347408771515,0.45606693625450134,0.06781628727912903,233.65676162719726,234.1428988647461,1e-06
9dda68c0828e085b,cub200-resnet18-regression-profile-N4-search-s1,finished,search,cub200,profile,regression,4,1,resnet18,5.0,0.0020971561316400766,0.023966245353221893,0.041518986225128174,0.07864978909492493,0.13940928876399994,0.016915783286094666,0.013958332128822803,0.10291595011949539,0.1826758086681366,0.2958833575248718,0.4716981053352356,0.07375309616327286,263.77649429321286,264.35226333618164,0.001
9dda68c0828e085b,cub200-resnet18-regression-profile-N4-search-s1,finished,search,cub200,profile,regression,4,1,resnet18,10.0,0.002171797212213278,0.022953586652874947,0.04303797334432602,0.07864978909492493,0.14126582443714142,0.0175649244338274,0.013762863352894783,0.11320754885673523,0.180960550904274,0.30188679695129395,0.4716981053352356,0.07239233702421188,242.946756439209,243.49241638183594,0.0009046039886902862
9dda68c0828e085b,cub200-resnet18-regression-profile-N4-search-s1,finished,search,cub200,profile,regression,4,1,resnet18,15.0,0.0022444615606218576,0.02902953512966633,0.05046413466334343,0.08405063301324844,0.14666666090488434,0.01754271425306797,0.012854260392487049,0.09519725292921066,0.17667238414287567,0.2830188572406769,0.46312177181243896,0.07081254571676254,243.678447265625,244.21188613891601,0.0006548539886902863
9dda68c0828e085b,cub200-resnet18-regression-profile-N4-search-s1,finished,search,cub200,profile,regression,4,1,resnet18,20.0,0.002043232088908553,0.02497890219092369,0.04438818618655205,0.07932489365339279,0.1378902941942215,0.016974247992038727,0.013162661343812943,0.1046312153339386,0.16638079285621643,0.28216123580932617,0.4734133780002594,0.07246385514736176,232.11892974853515,232.63300399780275,0.0003461460113097138
9dda68c0828e085b,cub200-resnet18-regression-profile-N4-search-s1,finished,search,cub200,profile,regression,4,1,resnet18,25.0,0.0020405035465955734,0.023459915071725845,0.04472573846578598,0.07561181485652924,0.12978902459144592,0.01701163314282894,0.012769542634487152,0.1063464805483818,0.17924527823925018,0.2881646752357483,0.48370498418807983,0.07098598033189774,227.2284992980957,227.7250032043457,9.63960113097138e-05
9dda68c0828e085b,cub200-resnet18-regression-profile-N4-search-s1,finished,search,cub200,profile,regression,4,1,resnet18,30.0,0.0019845792558044195,0.023797469213604927,0.04202531650662422,0.07341772317886353,0.13097046315670013,0.01683618128299713,0.012414814904332161,0.1046312153339386,0.16638079285621643,0.30617496371269226,0.48198971152305603,0.07026165723800659,230.87895950317383,231.37061584472656,1e-06
0424a4e62c201f38,cars196-resnet18-regression-profile-N4-search-s1,finished,search,cars196,profile,regression,4,1,resnet18,5.0,0.0016063832445070148,0.024474235251545906,0.041323330253362656,0.07083999365568161,0.123601034283638,0.015368657186627388,0.006671297363936901,0.07055961340665817,0.12165450304746628,0.2062043845653534,0.3625304102897644,0.05508897081017494,306.99243713378905,307.52710952758787,0.001
0424a4e62c201f38,cars196-resnet18-regression-profile-N4-search-s1,finished,search,cars196,profile,regression,4,1,resnet18,10.0,0.0015140437753871083,0.022506456822156906,0.03849465027451515,0.06838027387857437,0.12396999448537827,0.015070470049977303,0.006591412704437971,0.06265206634998322,0.12347932159900665,0.23722627758979797,0.40875911712646484,0.05481346324086189,291.7295832824707,292.2529054260254,0.0009046039886902862
0424a4e62c201f38,cars196-resnet18-regression-profile-N4-search-s1,finished,search,cars196,profile,regression,4,1,resnet18,15.0,0.0013926305109634995,0.02213749848306179,0.03591194376349449,0.06764235347509384,0.1224941611289978,0.014590836130082607,0.006023144815117121,0.0541362538933754,0.10705596208572388,0.19768856465816498,0.35462287068367004,0.05299551039934158,303.3815643310547,303.89250610351564,0.0006548539886902863
0424a4e62c201f38,cars196-resnet18-regression-profile-N4-search-s1,finished,search,cars196,profile,regression,4,1,resnet18,20.0,0.0014841094380244613,0.02336736023426056,0.041938260197639465,0.07059402018785477,0.1247079074382782,0.014837522059679031,0.006122350227087736,0.05596106871962547,0.10705596208572388,0.20133820176124573,0.3570559620857239,0.05292858928442001,290.8348921203613,291.3371122741699,0.0003461460113097138
0424a4e62c201f38,cars196-resnet18-regression-profile-N4-search-s1,finished,search,cars196,profile,regression,4,1,resnet18,25.0,0.0014497145311906934,0.021645553410053253,0.040708400309085846,0.07157791405916214,0.12200221419334412,0.014808397740125656,0.00617984076961875,0.05961070582270622,0.1082725077867508,0.20802919566631317,0.3667883276939392,0.05317145586013794,291.1184957885742,291.62312728881835,9.63960113097138e-05
0424a4e62c201f38,cars196-resnet18-regression-profile-N4-search-s1,finished,search,cars196,profile,regression,4,1,resnet18,30.0,0.0014306065859273076,0.020907636731863022,0.03898659348487854,0.07108596712350845,0.12606075406074524,0.014625475741922855,0.005958314519375563,0.05352798104286194,0.10948905348777771,0.2092457413673401,0.3783454895019531,0.05201878026127815,289.84664505004883,290.3387533569336,1e-06
f9aa2e7705c48b18,cub200-resnet18-regression-profile-N4-search-s2,finished,search,cub200,profile,regression,4,2,resnet18,5.0,0.0020750323310494423,0.025147680193185806,0.041856538504362106,0.07375527173280716,0.1326582282781601,0.016886647790670395,0.01104810368269682,0.09168081730604172,0.15365025401115417,0.2623089849948883,0.44651952385902405,0.06647005677223206,273.12346893310547,273.70123428344726,0.001
f9aa2e7705c48b18,cub200-resnet18-regression-profile-N4-search-s2,finished,search,cub200,profile,regression,4,2,resnet18,10.0,0.002059341873973608,0.022109704092144966,0.04067510366439819,0.07409282773733139,0.1326582282781601,0.016937904059886932,0.011087377555668354,0.08064515888690948,0.14601019024848938,0.25976231694221497,0.42869269847869873,0.06640543043613434,249.34084579467773,249.89900924682618,0.0009046039886902862
f9aa2e7705c48b18,cub200-resnet18-regression-profile-N4-search-s2,finished,search,cub200,profile,regression,4,2,resnet18,15.0,0.002075990429148078,0.023459915071725845,0.044556960463523865,0.07459915429353714,0.13805906474590302,0.017004285007715225,0.011612492613494396,0.08828523010015488,0.1646859049797058,0.2860780954360962,0.44651952385902405,0.06807231903076172,237.90817810058593,238.4405160522461,0.0006548539886902863
f9aa2e7705c48b18,cub200-resnet18-regression-profile-N4-search-s2,finished,search,cub200,profile,regression,4,2,resnet18,20.0,0.002078829100355506,0.024472573772072792,0.045400843024253845,0.07966244965791702,0.1419409215450287,0.017210347577929497,0.011539231054484844,0.08573853969573975,0.15449915826320648,0.27504244446754456,0.4745331108570099,0.0685892254114151,232.33613052368165,232.85786987304687,0.0003461460113097138
f9aa2e7705c48b18,cub200-resnet18-regression-profile-N4-search-s2,finished,search,cub200,profile,regression,4,2,resnet18,25.0,0.002044214401394129,0.022953586652874947,0.04118143394589424,0.08101265877485275,0.14075949788093567,0.0169046763330698,0.01121431402862072,0.09252971410751343,0.16044142842292786,0.2852292060852051,0.450764000415802,0.06655387580394745,235.86746688842774,236.37597427368163,9.63960113097138e-05
f9aa2e7705c48b18,cub200-resnet18-regression-profile-N4-search-s2,finished,search,cub200,profile,regression,4,2,resnet18,30.0,0.002046746900305152,0.02362869121134281,0.042362868785858154,0.080506332218647,0.14160338044166565,0.016880936920642853,0.01118177454918623,0.09762308746576309,0.1723259836435318,0.2792869210243225,0.45415958762168884,0.06657598167657852,231.76775634765625,232.26263153076172,1e-06
10f10ecb3f82a659,cub200-resnet18-regression-profile-N8-search-s0,finished,search,cub200,profile,regression,8,0,resnet18,5.0,0.0021551840472966433,0.023459915071725845,0.03999999910593033,0.07797468453645706,0.14126582443714142,0.017876796424388885,0.013747460208833218,0.08870293200016022,0.1623430997133255,0.29205021262168884,0.4602510333061218,0.07624859362840652,535.3927084350586,535.9750946044921,0.001
10f10ecb3f82a659,cub200-resnet18-regression-profile-N8-search-s0,finished,search,cub200,profile,regression,8,0,resnet18,10.0,0.0022054146975278854,0.02582278475165367,0.043206751346588135,0.07881856709718704,0.14261603355407715,0.017992230132222176,0.013543916866183281,0.08535564690828323,0.1623430997133255,0.2786611020565033,0.4702928960323334,0.07507254928350449,513.7781936645508,514.3590225219726,0.0009046039886902862
10f10ecb3f82a659,cub200-resnet18-regression-profile-N8-search-s0,finished,search,cub200,profile,regression,8,0,resnet18,15.0,0.0022958088666200638,0.023966245353221893,0.045400843024253845,0.08371307700872421,0.14244726300239563,0.018403515219688416,0.014332338236272335,0.08702928572893143,0.1640167385339737,0.28619247674942017,0.4937238395214081,0.07743579149246216,502.7826324462891,503.36903381347656,0.0006548539886902863
10f10ecb3f82a659,cub200-resnet18-regression-profile-N8-search-s0,finished,search,cub200,profile,regression,8,0,resnet18,20.0,0.002356839133426547,0.025316456332802773,0.04928269982337952,0.08607594668865204,0.15122362971305847,0.018376870080828667,0.013652675785124302,0.07866108417510986,0.15481171011924744,0.28786611557006836,0.48033472895622253,0.07618238031864166,492.9184817504883,493.51296661376955,0.0003461460113097138
10f10ecb3f82a659,cub200-resnet18-regression-profile-N8-search-s0,finished,search,cub200,profile,regression,8,0,resnet18,25.0,0.0023457545321434736,0.025316456332802773,0.04725738242268562,0.08607594668865204,0.14548523724079132,0.01857241988182068,0.01399850845336914,0.08284518867731094,0.1623430997133255,0.2828451991081238,0.4686192572116852,0.07833878695964813,491.4354916381836,492.03260498046876,9.63960113097138e-05
10f10ecb3f82a659,cub200-resnet18-regression-profile-N8-search-s0,finished,search,cub200,profile,regression,8,0,resnet18,30.0,0.002360620303079486,0.02632911317050457,0.04641350358724594,0.08556962013244629,0.14784809947013855,0.018728239461779594,0.014213611371815205,0.08702928572893143,0.1640167385339737,0.29121339321136475,0.47364017367362976,0.07827343046665192,490.9069485473633,491.49956298828124,1e-06
80e08ad855a5aa55,cars196-resnet18-regression-profile-N4-search-s2,finished,search,cars196,profile,regression,4,2,resnet18,5.0,0.0015779380919411778,0.0227524284273386,0.041323330253362656,0.07280777394771576,0.12483089417219162,0.015066091902554035,0.007814325392246246,0.07069486379623413,0.1268882155418396,0.21691842377185822,0.37764349579811096,0.05938015878200531,315.2123948669434,315.75542114257814,0.001
80e08ad855a5aa55,cars196-resnet18-regression-profile-N4-search-s2,finished,search,cars196,profile,regression,4,2,resnet18,10.0,0.0017257609870284796,0.02398229017853737,0.04218423366546631,0.07391464710235596,0.13343992829322815,0.015991350635886192,0.00793432630598545,0.0700906366109848,0.12870091199874878,0.23081570863723755,0.38187310099601746,0.05850764736533165,304.4329722595215,304.94994049072267,0.0009046039886902862
80e08ad855a5aa55,cars196-resnet18-regression-profile-N4-search-s2,finished,search,cars196,profile,regression,4,2,resnet18,15.0,0.0016558620845898986,0.022875415161252022,0.041938260197639465,0.07219284027814865,0.12667568027973175,0.015697214752435684,0.008079692721366882,0.06163141876459122,0.1250755339860916,0.2187311202287674,0.38610270619392395,0.05911510810256004,294.4978295898438,295.006043548584,0.0006548539886902863
80e08ad855a5aa55,cars196-resnet18-regression-profile-N4-search-s2,finished,search,cars196,profile,regression,4,2,resnet18,20.0,0.0015699550276622176,0.022506456822156906,0.04279916360974312,0.07440659403800964,0.12556880712509155,0.015008493326604366,0.007452832069247961,0.06525679677724838,0.12145014852285385,0.2120845913887024,0.3716011941432953,0.05763234570622444,293.44828994750975,293.9484101867676,0.0003461460113097138
80e08ad855a5aa55,cars196-resnet18-regression-profile-N4-search-s2,finished,search,cars196,profile,regression,4,2,resnet18,25.0,0.0015804603463038802,0.02336736023426056,0.040708400309085846,0.07047103345394135,0.123601034283638,0.015327481552958488,0.007558249868452549,0.0634441077709198,0.1202416941523552,0.22416917979717255,0.3788519501686096,0.058101970702409744,291.2525035095215,291.7467657470703,9.63960113097138e-05
80e08ad855a5aa55,cars196-resnet18-regression-profile-N4-search-s2,finished,search,cars196,profile,regression,4,2,resnet18,30.0,0.0015672958688810468,0.0227524284273386,0.041200343519449234,0.0730537474155426,0.12716762721538544,0.015375513583421707,0.007676101755350828,0.07069486379623413,0.12326283752918243,0.21691842377185822,0.3746223449707031,0.05804802477359772,292.4397201538086,292.9230615234375,1e-06
d014c39a53c3a6b1,cub200-resnet18-regression-profile-N8-search-s1,finished,search,cub200,profile,regression,8,1,resnet18,5.0,0.0021191819105297327,0.02362869121134281,0.04270042106509209,0.07966244965791702,0.13721519708633423,0.01718761771917343,0.013326892629265785,0.09090909361839294,0.17495711147785187,0.2907375693321228,0.4511149227619171,0.07270505279302597,518.1288037109375,518.713862915039,0.001
d014c39a53c3a6b1,cub200-resnet18-regression-profile-N8-search-s1,finished,search,cub200,profile,regression,8,1,resnet18,10.0,0.002158626914024353,0.022953586652874947,0.042362868785858154,0.0772995799779892,0.13687764108181,0.017631465569138527,0.014243099838495255,0.09862779080867767,0.17066895961761475,0.29845625162124634,0.46569469571113586,0.075059674680233,504.08105621337893,504.665578918457,0.0009046039886902862
d014c39a53c3a6b1,cub200-resnet18-regression-profile-N8-search-s1,finished,search,cub200,profile,regression,8,1,resnet18,15.0,0.0021962213795632124,0.02582278475165367,0.044050633907318115,0.08067510277032852,0.14481012523174286,0.01761438511312008,0.013755595311522484,0.09948541969060898,0.17581474781036377,0.2950257360935211,0.46483704447746277,0.07560490816831589,505.5879284667969,506.1734976196289,0.0006548539886902863
d014c39a53c3a6b1,cub200-resnet18-regression-profile-N8-search-s1,finished,search,cub200,profile,regression,8,1,resnet18,20.0,0.0021904807072132826,0.022278480231761932,0.042362868785858154,0.08033755421638489,0.14818565547466278,0.018001435324549675,0.014725886285305023,0.10205832123756409,0.17924527823925018,0.3087478578090668,0.4742709994316101,0.07874833047389984,500.16152740478515,500.7498718261719,0.0003461460113097138
d014c39a53c3a6b1,cub200-resnet18-regression-profile-N8-search-s1,finished,search,cub200,profile,regression,8,1,resnet18,25.0,0.002247655764222145,0.023797469213604927,0.043206751346588135,0.080506332218647,0.14548523724079132,0.01843828707933426,0.015026779845356941,0.10720411688089371,0.19210977852344513,0.312178373336792,0.48627787828445435,0.07971983402967453,483.3526220703125,483.9421145629883,9.63960113097138e-05
d014c39a53c3a6b1,cub200-resnet18-regression-profile-N8-search-s1,finished,search,cub200,profile,regression,8,1,resnet18,30.0,0.0022489705588668585,0.02497890219092369,0.04371308162808418,0.08185654133558273,0.1451476812362671,0.01824450120329857,0.014821024611592293,0.1046312153339386,0.19468267261981964,0.30017152428627014,0.4794168174266815,0.07931569963693619,486.36937072753904,486.96116729736326,1e-06
d96056fb15516d24,cub200-resnet18-regression-profile-N8-search-s2,finished,search,cub200,profile,regression,8,2,resnet18,5.0,0.002051903400570154,0.02329113893210888,0.043206751346588135,0.07510548830032349,0.1346835494041443,0.017139777541160583,0.011602325364947319,0.09677419066429138,0.16723260283470154,0.2852292060852051,0.4584040641784668,0.06832541525363922,533.337622680664,533.9189602661132,0.001
d96056fb15516d24,cub200-resnet18-regression-profile-N8-search-s2,finished,search,cub200,profile,regression,8,2,resnet18,10.0,0.0021748787257820368,0.023459915071725845,0.041518986225128174,0.08118143677711487,0.13856540620326996,0.01769859343767166,0.011414804495871067,0.08658743649721146,0.16893039643764496,0.2877759039402008,0.43972834944725037,0.06820672005414963,514.2817889404297,514.8771441650391,0.0009046039886902862
d96056fb15516d24,cub200-resnet18-regression-profile-N8-search-s2,finished,search,cub200,profile,regression,8,2,resnet18,15.0,0.00218146201223135,0.024810126051306725,0.04472573846578598,0.0815189853310585,0.14548523724079132,0.017510872334241867,0.01200810819864273,0.09337861090898514,0.16638369858264923,0.293718159198761,0.4660441279411316,0.06858108937740326,501.6800784301758,502.2688684082031,0.0006548539886902863
d96056fb15516d24,cub200-resnet18-regression-profile-N8-search-s2,finished,search,cub200,profile,regression,8,2,resnet18,20.0,0.002175874775275588,0.023459915071725845,0.04253164678812027,0.07949367165565491,0.14244726300239563,0.017911288887262344,0.012353234924376011,0.09083192050457001,0.16977928578853607,0.2962648570537567,0.4668930470943451,0.07115558534860611,500.44641754150393,501.04157989501954,0.0003461460113097138
d96056fb15516d24,cub200-resnet18-regression-profile-N8-search-s2,finished,search,cub200,profile,regression,8,2,resnet18,25.0,0.0021585284266620874,0.023966245353221893,0.04590717330574989,0.07915611565113068,0.14278480410575867,0.017747052013874054,0.012342603877186775,0.08488964289426804,0.16808149218559265,0.2945670485496521,0.47962647676467896,0.07103285193443298,496.96608184814454,497.5576538085937,9.63960113097138e-05
d96056fb15516d24,cub200-resnet18-regression-profile-N8-search-s2,finished,search,cub200,profile,regression,8,2,resnet18,30.0,0.002182305557653308,0.02497890219092369,0.04658227786421776,0.07814346253871918,0.14447256922721863,0.017834369093179703,0.012589036487042904,0.09083192050457001,0.1714770793914795,0.29032257199287415,0.46434634923934937,0.07239185273647308,498.48225463867186,499.0765203857422,1e-06
534313d1b8c7f13e,cars196-resnet18-regression-profile-N8-search-s0,finished,search,cars196,profile,regression,8,0,resnet18,5.0,0.0018862102879211307,0.02533513680100441,0.04501291364431381,0.07994096726179123,0.1376214474439621,0.01619783416390419,0.009055274538695812,0.07334525883197784,0.14013119041919708,0.24627310037612915,0.41323792934417725,0.06314265727996826,677.621787109375,678.2026501464844,0.001
534313d1b8c7f13e,cars196-resnet18-regression-profile-N8-search-s0,finished,search,cars196,profile,regression,8,0,resnet18,10.0,0.0020981961861252785,0.029147706925868988,0.048333536833524704,0.08363054692745209,0.14290985465049744,0.017449604347348213,0.010201643221080303,0.08109720051288605,0.14072749018669128,0.26535481214523315,0.43530112504959106,0.06714758276939392,666.0925811767578,666.6729309082032,0.0009046039886902862
534313d1b8c7f13e,cars196-resnet18-regression-profile-N8-search-s0,finished,search,cars196,profile,regression,8,0,resnet18,15.0,0.002198603469878435,0.029762636870145798,0.05030131712555885,0.08633624762296677,0.1415570080280304,0.018123555928468704,0.0105935949832201,0.09004174172878265,0.1651759147644043,0.27608826756477356,0.43947526812553406,0.068153016269207,655.6543121337891,656.2324578857422,0.0006548539886902863
534313d1b8c7f13e,cars196-resnet18-regression-profile-N8-search-s0,finished,search,cars196,profile,regression,8,0,resnet18,20.0,0.002176716225221753,0.03136145696043968,0.05017833039164543,0.08510638028383255,0.14992006123065948,0.01826544851064682,0.011406829580664635,0.10017888993024826,0.1693500280380249,0.297555148601532,0.4609421491622925,0.07039158791303635,656.031474609375,656.6129223632812,0.0003461460113097138
534313d1b8c7f13e,cars196-resnet18-regression-profile-N8-search-s0,finished,search,cars196,profile,regression,8,0,resnet18,25.0,0.0023085030261427164,0.032837290316820145,0.053744927048683167,0.08953388035297394,0.14869019389152527,0.01857355423271656,0.011275681667029858,0.09242695569992065,0.1645796000957489,0.2886106073856354,0.44603458046913147,0.06998290121555328,646.7129907226563,647.2989569091797,9.63960113097138e-05
534313d1b8c7f13e,cars196-resnet18-regression-profile-N8-search-s0,finished,search,cars196,profile,regression,8,0,resnet18,30.0,0.0023014196194708347,0.03271430358290672,0.05263805016875267,0.08768909424543381,0.14992006123065948,0.018610568717122078,0.011265120469033718,0.09123434871435165,0.1723315417766571,0.28503280878067017,0.4633273780345917,0.06982211768627167,652.934321899414,653.5201342773438,1e-06
cb5c5a394f25a826,cub200-resnet18-regression-profile-N16-search-s0,finished,search,cub200,profile,regression,16,0,resnet18,5.0,0.002264946699142456,0.028860758990049362,0.04556962102651596,0.08033755421638489,0.1410970389842987,0.017936479300260544,0.013351297937333584,0.08451882749795914,0.1589958220720291,0.2811715602874756,0.45941421389579773,0.0751066505908966,953.4648944091797,954.0604821777343,0.001
cb5c5a394f25a826,cub200-resnet18-regression-profile-N16-search-s0,finished,search,cub200,profile,regression,16,0,resnet18,10.0,0.002307488117367029,0.02582278475165367,0.045400843024253845,0.07983122020959854,0.14497889578342438,0.018361985683441162,0.014131281524896622,0.08786610513925552,0.1648535579442978,0.29037657380104065,0.47112971544265747,0.07655708491802216,928.5905737304688,929.2164001464844,0.0009046039886902862
cb5c5a394f25a826,cub200-resnet18-regression-profile-N16-search-s0,finished,search,cub200,profile,regression,16,0,resnet18,15.0,0.0022918679751455784,0.028691982850432396,0.04860759526491165,0.08438818901777267,0.14751054346561432,0.018057946115732193,0.014315664768218994,0.0937238484621048,0.15062761306762695,0.2753137946128845,0.4912133812904358,0.0786266028881073,911.4736614990235,912.1329541015625,0.0006548539886902863
cb5c5a394f25a826,cub200-resnet18-regression-profile-N16-search-s0,finished,search,cub200,profile,regression,16,0,resnet18,20.0,0.002364905783906579,0.028185654431581497,0.05164556950330734,0.0887763723731041,0.1503797471523285,0.018288107588887215,0.014538168907165527,0.09707112610340118,0.1656903773546219,0.29121339321136475,0.47615063190460205,0.07870995998382568,892.5097125244141,893.1782708740234,0.0003461460113097138
cb5c5a394f25a826,cub200-resnet18-regression-profile-N16-search-s0,finished,search,cub200,profile,regression,16,0,resnet18,25.0,0.002363326493650675,0.028185654431581497,0.04995780438184738,0.0867510512471199,0.15274260938167572,0.018118364736437798,0.014398192055523396,0.08786610513925552,0.1623430997133255,0.29456067085266113,0.4828451871871948,0.07921067625284195,890.4181665039063,891.1023254394531,9.63960113097138e-05
cb5c5a394f25a826,cub200-resnet18-regression-profile-N16-search-s0,finished,search,cub200,profile,regression,16,0,resnet18,30.0,0.0023456020280718803,0.027510548010468483,0.0491139255464077,0.08523206412792206,0.15291139483451843,0.018239453434944153,0.014453304000198841,0.08619246631860733,0.1606694608926773,0.3012552261352539,0.47531381249427795,0.07959248870611191,885.5758044433594,886.2586053466797,1e-06
35764189e30d6012,cub200-resnet18-regression-profile-N16-search-s1,finished,search,cub200,profile,regression,16,1,resnet18,5.0,0.0022078417241573334,0.02497890219092369,0.042362868785858154,0.08067510277032852,0.13620252907276154,0.017792977392673492,0.014397106133401394,0.09519725292921066,0.17838765680789948,0.30360206961631775,0.46569469571113586,0.07493967562913895,948.3770874023437,948.9715203857422,0.001
35764189e30d6012,cub200-resnet18-regression-profile-N16-search-s1,finished,search,cub200,profile,regression,16,1,resnet18,10.0,0.002194502390921116,0.022953586652874947,0.04303797334432602,0.08219408988952637,0.14143459498882294,0.0177802424877882,0.015101112425327301,0.10120068490505219,0.17753002047538757,0.3096054792404175,0.49142366647720337,0.07735726982355118,923.1707666015625,923.8018975830078,0.0009046039886902862
35764189e30d6012,cub200-resnet18-regression-profile-N16-search-s1,finished,search,cub200,profile,regression,16,1,resnet18,15.0,0.002188525628298521,0.02413502149283886,0.04438818618655205,0.08270042389631271,0.14649789035320282,0.017882293090224266,0.015226058661937714,0.09948541969060898,0.1835334450006485,0.3181818127632141,0.4991423785686493,0.07953652739524841,920.7844757080078,921.430443725586,0.0006548539886902863
35764189e30d6012,cub200-resnet18-regression-profile-N16-search-s1,finished,search,cub200,profile,regression,16,1,resnet18,20.0,0.002178419614210725,0.022616034373641014,0.044894516468048096,0.08286920189857483,0.14767932891845703,0.017865661531686783,0.015078107826411724,0.10720411688089371,0.18953688442707062,0.3198970854282379,0.5162950158119202,0.07904721051454544,907.5840002441406,908.2374346923829,0.0003461460113097138
35764189e30d6012,cub200-resnet18-regression-profile-N16-search-s1,finished,search,cub200,profile,regression,16,1,resnet18,25.0,0.0021725620608776808,0.021265823394060135,0.04607594758272171,0.08135020732879639,0.14987342059612274,0.01802959479391575,0.014958336018025875,0.1046312153339386,0.19039450585842133,0.3147512972354889,0.5025728940963745,0.07999992370605469,893.0683093261719,893.729769897461,9.63960113097138e-05
35764189e30d6012,cub200-resnet18-regression-profile-N16-search-s1,finished,search,cub200,profile,regression,16,1,resnet18,30.0,0.002180827083066106,0.021940927952528,0.04438818618655205,0.08219408988952637,0.15088607370853424,0.018104037269949913,0.01508229412138462,0.10806175321340561,0.19639794528484344,0.3104631304740906,0.4965694546699524,0.08032815158367157,901.2152447509766,901.8837658691406,1e-06
b5a21d127618e541,cars196-resnet18-regression-profile-N8-search-s1,finished,search,cars196,profile,regression,8,1,resnet18,5.0,0.0019806993659585714,0.025212151929736137,0.045258887112140656,0.07674332708120346,0.13466978073120117,0.016919635236263275,0.006786402314901352,0.07116788625717163,0.11800486594438553,0.2135036438703537,0.3813868761062622,0.055509813129901886,666.0621478271485,666.6442614746094,0.001
b5a21d127618e541,cars196-resnet18-regression-profile-N8-search-s1,finished,search,cars196,profile,regression,8,1,resnet18,10.0,0.0021462407894432545,0.025704095140099525,0.04538187012076378,0.08141680061817169,0.13971221446990967,0.017806366086006165,0.007083455566316843,0.07299269735813141,0.1301703155040741,0.2311435490846634,0.38077858090400696,0.05737096816301346,657.7871575927734,658.3761749267578,0.0009046039886902862
b5a21d127618e541,cars196-resnet18-regression-profile-N8-search-s1,finished,search,cars196,profile,regression,8,1,resnet18,15.0,0.0021669899579137564,0.025089165195822716,0.0455048568546772,0.08129381388425827,0.14352478086948395,0.018070662394165993,0.0071364459581673145,0.06326033920049667,0.12104623019695282,0.22688564658164978,0.4008515775203705,0.05691713094711304,657.6847290039062,658.2757537841796,0.0006548539886902863
b5a21d127618e541,cars196-resnet18-regression-profile-N8-search-s1,finished,search,cars196,profile,regression,8,1,resnet18,20.0,0.002212264807894826,0.02668798342347145,0.04821055382490158,0.08326159417629242,0.14905916154384613,0.01806662604212761,0.00709807313978672,0.05596106871962547,0.1125304102897644,0.2311435490846634,0.38686132431030273,0.056706979870796204,654.9693255615234,655.5624786376953,0.0003461460113097138
b5a21d127618e541,cars196-resnet18-regression-profile-N8-search-s1,finished,search,cars196,profile,regression,8,1,resnet18,25.0,0.0023586221504956484,0.02656499855220318,0.051654163748025894,0.0899028405547142,0.1528717279434204,0.018654419109225273,0.007380907889455557,0.0656934306025505,0.11861313879489899,0.2238442748785019,0.40693432092666626,0.05734298378229141,650.9941162109375,651.5915679931641,9.63960113097138e-05
b5a21d127618e541,cars196-resnet18-regression-profile-N8-search-s1,finished,search,cars196,profile,regression,8,1,resnet18,30.0,0.0023417039774358273,0.02865576185286045,0.050424303859472275,0.09125568717718124,0.15028901398181915,0.018628058955073357,0.007371383253484964,0.06326033920049667,0.12043795734643936,0.2354014664888382,0.406326025724411,0.05729149654507637,644.2050958251953,644.8015802001953,1e-06
aba47984aa6e56ba,cub200-resnet18-regression-profile-N16-search-s2,finished,search,cub200,profile,regression,16,2,resnet18,5.0,0.0021218208130449057,0.023459915071725845,0.04354430362582207,0.07493671029806137,0.1390717327594757,0.017422223463654518,0.011718428693711758,0.09932088106870651,0.18421052396297455,0.30050933361053467,0.46179965138435364,0.068588487803936,982.7936389160157,983.3918518066406,0.001
aba47984aa6e56ba,cub200-resnet18-regression-profile-N16-search-s2,finished,search,cub200,profile,regression,16,2,resnet18,10.0,0.0022442894987761974,0.027004219591617584,0.046751055866479874,0.08202531933784485,0.1409282684326172,0.01788773201406002,0.012414281256496906,0.08064515888690948,0.16553480923175812,0.2928692698478699,0.48047539591789246,0.07211393862962723,945.9891040039063,946.6173907470703,0.0009046039886902862
aba47984aa6e56ba,cub200-resnet18-regression-profile-N16-search-s2,finished,search,cub200,profile,regression,16,2,resnet18,15.0,0.002213116502389312,0.02548523247241974,0.046244725584983826,0.08472573757171631,0.14683544635772705,0.017879152670502663,0.012616803869605064,0.09762308746576309,0.16808149218559265,0.29202038049697876,0.4609507620334625,0.07166237384080887,919.6741455078125,920.3290338134766,0.0006548539886902863
aba47984aa6e56ba,cub200-resnet18-regression-profile-N16-search-s2,finished,search,cub200,profile,regression,16,2,resnet18,20.0,0.002256547100841999,0.025991560891270638,0.04556962102651596,0.08371307700872421,0.15223628282546997,0.018084067851305008,0.012803686782717705,0.10101867467164993,0.1723259836435318,0.29796263575553894,0.4728353023529053,0.0723443552851677,911.3056970214843,911.9781433105469,0.0003461460113097138
aba47984aa6e56ba,cub200-resnet18-regression-profile-N16-search-s2,finished,search,cub200,profile,regression,16,2,resnet18,25.0,0.002287820680066943,0.024810126051306725,0.047594938427209854,0.08725738525390625,0.15527425706386566,0.01816934160888195,0.012908430770039558,0.10441426187753677,0.17741934955120087,0.3022071421146393,0.4736842215061188,0.07256250828504562,897.2088494873046,897.8874353027344,9.63960113097138e-05
aba47984aa6e56ba,cub200-resnet18-regression-profile-N16-search-s2,finished,search,cub200,profile,regression,16,2,resnet18,30.0,0.0023149228654801846,0.02548523247241974,0.04742616042494774,0.0887763723731041,0.1588185727596283,0.018396032974123955,0.012948423624038696,0.09932088106870651,0.1723259836435318,0.3039049208164215,0.4745331108570099,0.07296839356422424,905.8415069580078,906.5306042480469,1e-06
47b92e221394b048,cub200-resnet18-regression-profile-N17-search-s0,finished,search,cub200,profile,regression,17,0,resnet18,5.0,0.002245935844257474,0.02497890219092369,0.04303797334432602,0.080506332218647,0.138902947306633,0.018094055354595184,0.013756368309259415,0.09037657082080841,0.1648535579442978,0.3062761425971985,0.4627614915370941,0.0757991150021553,1006.083671875,1006.6845263671875,0.001
47b92e221394b048,cub200-resnet18-regression-profile-N17-search-s0,finished,search,cub200,profile,regression,17,0,resnet18,10.0,0.0023468169383704662,0.02632911317050457,0.04523206874728203,0.08438818901777267,0.15021097660064697,0.01845979131758213,0.014593864791095257,0.0945606678724289,0.17740586400032043,0.3012552261352539,0.5054393410682678,0.07817249745130539,977.3304083251953,977.9657000732421,0.0009046039886902862
47b92e221394b048,cub200-resnet18-regression-profile-N17-search-s0,finished,search,cub200,profile,regression,17,0,resnet18,15.0,0.0023237455170601606,0.028354430571198463,0.04742616042494774,0.08320675045251846,0.14649789035320282,0.01839428022503853,0.014820297248661518,0.09707112610340118,0.19330543279647827,0.3179916441440582,0.4945606589317322,0.07815103232860565,960.4826782226562,961.1320703125,0.0006548539886902863
47b92e221394b048,cub200-resnet18-regression-profile-N17-search-s0,finished,search,cub200,profile,regression,17,0,resnet18,20.0,0.0023627167101949453,0.02632911317050457,0.05147679150104523,0.08827004581689835,0.14818565547466278,0.018409501761198044,0.014767158776521683,0.08702928572893143,0.17238493263721466,0.3087866008281708,0.4895397424697876,0.07919900119304657,944.8604791259766,945.5312347412109,0.0003461460113097138
47b92e221394b048,cub200-resnet18-regression-profile-N17-search-s0,finished,search,cub200,profile,regression,17,0,resnet18,25.0,0.00242256885394454,0.02902953512966633,0.05232067406177521,0.09282700717449188,0.15797469019889832,0.018544381484389305,0.015017942525446415,0.09539748728275299,0.1866108775138855,0.31631800532341003,0.4912133812904358,0.0796375423669815,938.9876263427734,939.6695861816406,9.63960113097138e-05
47b92e221394b048,cub200-resnet18-regression-profile-N17-search-s0,finished,search,cub200,profile,regression,17,0,resnet18,30.0,0.002445496618747711,0.02987341769039631,0.05248945206403732,0.09282700717449188,0.15797469019889832,0.01850033551454544,0.014892781153321266,0.08953975141048431,0.1841004192829132,0.31548118591308594,0.484518826007843,0.0795731320977211,932.5168139648438,933.202593383789,1e-06
9964bb25d715314c,cars196-resnet18-regression-profile-N8-search-s2,finished,search,cars196,profile,regression,8,2,resnet18,5.0,0.002030965406447649,0.026442011818289757,0.04488992691040039,0.0820317268371582,0.13860534131526947,0.01700204610824585,0.008432003669440746,0.0700906366109848,0.1250755339860916,0.22235649824142456,0.374018132686615,0.059774041175842285,675.4177972412109,676.005357055664,0.001
9964bb25d715314c,cars196-resnet18-regression-profile-N8-search-s2,finished,search,cars196,profile,regression,8,2,resnet18,10.0,0.0020335279405117035,0.026933956891298294,0.0466117337346077,0.08153978735208511,0.13614562153816223,0.017077356576919556,0.008684644475579262,0.07311177998781204,0.1311178207397461,0.23262840509414673,0.3848942518234253,0.06104891374707222,665.8226538085937,666.412437133789,0.0009046039886902862
9964bb25d715314c,cars196-resnet18-regression-profile-N8-search-s2,finished,search,cars196,profile,regression,8,2,resnet18,15.0,0.002074809279292822,0.025704095140099525,0.04341409355401993,0.07858812063932419,0.13577665388584137,0.01737898215651512,0.009172804653644562,0.07975830882787704,0.13957704603672028,0.2253776490688324,0.3891238570213318,0.062445931136608124,665.7688049316406,666.3605181884766,0.0006548539886902863
9964bb25d715314c,cars196-resnet18-regression-profile-N8-search-s2,finished,search,cars196,profile,regression,8,2,resnet18,20.0,0.00207278854213655,0.02668798342347145,0.04759562015533447,0.07895708084106445,0.1354077011346817,0.01765846461057663,0.009904496371746063,0.09123867005109787,0.15045316517353058,0.24471299350261688,0.40845921635627747,0.06339117884635925,663.6756530761719,664.2756890869141,0.0003461460113097138
9964bb25d715314c,cars196-resnet18-regression-profile-N8-search-s2,finished,search,cars196,profile,regression,8,2,resnet18,25.0,0.002086383756250143,0.026196040213108063,0.04488992691040039,0.08043291419744492,0.14204895496368408,0.017673354595899582,0.00977547187358141,0.08700906485319138,0.14501510560512543,0.2586102783679962,0.41268882155418396,0.06324400007724762,657.5601190185547,658.1612548828125,9.63960113097138e-05
9964bb25d715314c,cars196-resnet18-regression-profile-N8-search-s2,finished,search,cars196,profile,regression,8,2,resnet18,30.0,0.0020923889242112637,0.026319025084376335,0.04538187012076378,0.08141680061817169,0.1387283205986023,0.01773306168615818,0.00983521994203329,0.08640483021736145,0.14259818196296692,0.24592144787311554,0.4138972759246826,0.06367655098438263,659.7875115966797,660.387294921875,1e-06
db07af4b800e6d71,cub200-resnet18-regression-profile-N17-search-s1,finished,search,cub200,profile,regression,17,1,resnet18,5.0,0.002233299659565091,0.026160337030887604,0.044556960463523865,0.07949367165565491,0.14126582443714142,0.017804712057113647,0.015159114263951778,0.11063464730978012,0.1826758086681366,0.2907375693321228,0.46140652894973755,0.07600778341293335,1012.2129437255859,1012.8103771972657,0.001
db07af4b800e6d71,cub200-resnet18-regression-profile-N17-search-s1,finished,search,cub200,profile,regression,17,1,resnet18,10.0,0.002307357732206583,0.023797469213604927,0.04371308162808418,0.08303797245025635,0.14886075258255005,0.01834578439593315,0.015383186750113964,0.10806175321340561,0.19210977852344513,0.3104631304740906,0.48627787828445435,0.07828381657600403,968.6974694824219,969.3283758544922,0.0009046039886902862
db07af4b800e6d71,cub200-resnet18-regression-profile-N17-search-s1,finished,search,cub200,profile,regression,17,1,resnet18,15.0,0.002193272579461336,0.0214345995336771,0.04135021194815636,0.07848101109266281,0.1441350281238556,0.01790648140013218,0.014971875585615635,0.10291595011949539,0.19382503628730774,0.32761576771736145,0.5154373645782471,0.07808654010295868,956.3547479248047,957.0025653076171,0.0006548539886902863
db07af4b800e6d71,cub200-resnet18-regression-profile-N17-search-s1,finished,search,cub200,profile,regression,17,1,resnet18,20.0,0.0022963760420680046,0.026160337030887604,0.04607594758272171,0.08371307700872421,0.1483544260263443,0.018112612888216972,0.014731667004525661,0.1037735864520073,0.19039450585842133,0.312178373336792,0.4974271059036255,0.07857729494571686,951.3748669433594,952.0361962890624,0.0003461460113097138
db07af4b800e6d71,cub200-resnet18-regression-profile-N17-search-s1,finished,search,cub200,profile,regression,17,1,resnet18,25.0,0.002238726941868663,0.022278480231761932,0.04556962102651596,0.08135020732879639,0.14784809947013855,0.018089324235916138,0.015115013346076012,0.10977701842784882,0.19725558161735535,0.30703258514404297,0.5085763335227966,0.0796012207865715,943.5592126464844,944.2283819580078,9.63960113097138e-05
db07af4b800e6d71,cub200-resnet18-regression-profile-N17-search-s1,finished,search,cub200,profile,regression,17,1,resnet18,30.0,0.00226539745926857,0.024810126051306725,0.04472573846578598,0.08320675045251846,0.14902953803539276,0.01816270686686039,0.014920707792043686,0.1054888516664505,0.19210977852344513,0.3164665400981903,0.5008576512336731,0.07945775240659714,941.4428796386719,942.1206353759766,1e-06
c1204be6129a6ad5,cub200-resnet18-regression-profile-N17-search-s2,finished,search,cub200,profile,regression,17,2,resnet18,5.0,0.0020924729760736227,0.020253164693713188,0.04033755138516426,0.07240506261587143,0.13333334028720856,0.017550023272633553,0.011314045637845993,0.0984719842672348,0.17487266659736633,0.29202038049697876,0.44567063450813293,0.06676188856363297,1024.9981634521484,1025.5927716064452,0.001
c1204be6129a6ad5,cub200-resnet18-regression-profile-N17-search-s2,finished,search,cub200,profile,regression,17,2,resnet18,10.0,0.0021423103753477335,0.023966245353221893,0.04472573846578598,0.08067510277032852,0.14126582443714142,0.017480913549661636,0.01211079303175211,0.0984719842672348,0.1731748729944229,0.2869269847869873,0.47028863430023193,0.06944852322340012,975.9557940673828,976.5876501464844,0.0009046039886902862
c1204be6129a6ad5,cub200-resnet18-regression-profile-N17-search-s2,finished,search,cub200,profile,regression,17,2,resnet18,15.0,0.0021981706377118826,0.025654008612036705,0.04523206874728203,0.08185654133558273,0.14447256922721863,0.018085429444909096,0.012893185950815678,0.1069609522819519,0.1799660474061966,0.30645161867141724,0.4677419364452362,0.07224740833044052,962.6804217529296,963.3384735107422,0.0006548539886902863
c1204be6129a6ad5,cub200-resnet18-regression-profile-N17-search-s2,finished,search,cub200,profile,regression,17,2,resnet18,20.0,0.0021922143641859293,0.026835443452000618,0.046751055866479874,0.080506332218647,0.14497889578342438,0.017938969656825066,0.01291914563626051,0.10356536507606506,0.1884550154209137,0.3030560314655304,0.46943971514701843,0.0732167586684227,960.6899688720703,961.3729925537109,0.0003461460113097138
c1204be6129a6ad5,cub200-resnet18-regression-profile-N17-search-s2,finished,search,cub200,profile,regression,17,2,resnet18,25.0,0.0021986712235957384,0.025147680193185806,0.048101264983415604,0.0867510512471199,0.1463291198015213,0.017890602350234985,0.013039618730545044,0.10441426187753677,0.19015279412269592,0.3106960952281952,0.49490663409233093,0.07244480401277542,944.6306640625,945.322035522461,9.63960113097138e-05
c1204be6129a6ad5,cub200-resnet18-regression-profile-N17-search-s2,finished,search,cub200,profile,regression,17,2,resnet18,30.0,0.002231334103271365,0.026497891172766685,0.049789030104875565,0.0857383981347084,0.14784809947013855,0.018108054995536804,0.013097697868943214,0.1069609522819519,0.1876061111688614,0.3106960952281952,0.4906621277332306,0.07290022075176239,938.9002423095703,939.6015319824219,1e-06
8fb3c0d8c6f5d7b0,cars196-resnet18-regression-profile-N16-search-s0,finished,search,cars196,profile,regression,16,0,resnet18,5.0,0.002220979891717434,0.025704095140099525,0.04882548376917839,0.08584430068731308,0.14856721460819244,0.01808452419936657,0.01073054876178503,0.09958259016275406,0.1705426424741745,0.27131783962249756,0.43291592597961426,0.0681447759270668,1296.437198486328,1297.0634448242188,0.001
8fb3c0d8c6f5d7b0,cars196-resnet18-regression-profile-N16-search-s0,finished,search,cars196,profile,regression,16,0,resnet18,10.0,0.0034017690923064947,0.03726479038596153,0.06050916388630867,0.10084860771894455,0.16037388145923615,0.02092856355011463,0.012411193922162056,0.09779367595911026,0.1806797832250595,0.2957662343978882,0.4651162922382355,0.07385443896055222,1230.3587341308594,1231.0265148925782,0.0009046039886902862
8fb3c0d8c6f5d7b0,cars196-resnet18-regression-profile-N16-search-s0,finished,search,cars196,profile,regression,16,0,resnet18,15.0,0.0029857768677175045,0.037387773394584656,0.06321485340595245,0.1067519336938858,0.16996678709983826,0.020219571888446808,0.012528762221336365,0.09898628294467926,0.1741204559803009,0.2933810353279114,0.4686940908432007,0.07438480108976364,1184.9745007324218,1185.6929748535156,0.0006548539886902863
8fb3c0d8c6f5d7b0,cars196-resnet18-regression-profile-N16-search-s0,finished,search,cars196,profile,regression,16,0,resnet18,20.0,0.0031025661155581474,0.04304513707756996,0.06887222081422806,0.11191735416650772,0.17771491408348083,0.02059338614344597,0.013192741200327873,0.11210495233535767,0.1902206391096115,0.3076923191547394,0.4836016595363617,0.07581611722707748,1164.9198718261719,1165.6754187011718,0.0003461460113097138
8fb3c0d8c6f5d7b0,cars196-resnet18-regression-profile-N16-search-s0,finished,search,cars196,profile,regression,16,0,resnet18,25.0,0.0029602849390357733,0.04169229045510292,0.06887222081422806,0.10835075378417969,0.17427130043506622,0.020134426653385162,0.013258823193609715,0.11926058679819107,0.19558735191822052,0.3190220594406128,0.4901610016822815,0.07580868899822235,1153.3973852539064,1154.1745288085938,9.63960113097138e-05
8fb3c0d8c6f5d7b0,cars196-resnet18-regression-profile-N16-search-s0,finished,search,cars196,profile,regression,16,0,resnet18,30.0,0.0029992242343723774,0.041815273463726044,0.06887222081422806,0.10822776705026627,0.17500922083854675,0.020261947065591812,0.013255148194730282,0.11687537282705307,0.19379845261573792,0.3053070902824402,0.4794275462627411,0.07598573714494705,1143.6130786132812,1144.3947735595702,1e-06
57b16e55cf30a1eb,cub200-resnet18-regression-profile-N2-final-s0,finished,final,cub200,profile,regression,2,0,resnet18,5.0,0.0025184238329529762,0.027848102152347565,0.05097046494483948,0.09434599429368973,0.15594936907291412,0.01966564543545246,0.0176705252379179,0.1163179948925972,0.20167364180088043,0.3288702964782715,0.49707111716270447,0.08727248758077621,0.0,0.1769984070956707,0.001
57b16e55cf30a1eb,cub200-resnet18-regression-profile-N2-final-s0,finished,final,cub200,profile,regression,2,0,resnet18,10.0,0.006730479188263416,0.056877635419368744,0.09282700717449188,0.15594936907291412,0.2529957890510559,0.035039160400629044,0.03114088624715805,0.1598326414823532,0.27280333638191223,0.4209204912185669,0.612552285194397,0.12144295126199722,0.0,0.17771840929985047,0.000995347630045147
57b16e55cf30a1eb,cub200-resnet18-regression-profile-N2-final-s0,finished,final,cub200,profile,regression,2,0,resnet18,15.0,0.014474584721028805,0.08236286789178848,0.1390717327594757,0.22514767944812775,0.3397468328475952,0.0562439002096653,0.06855721771717072,0.27364015579223633,0.40920501947402954,0.573221743106842,0.7439330816268921,0.18769268691539764,0.0,0.18526070863008498,0.0009814771850302259
57b16e55cf30a1eb,cub200-resnet18-regression-profile-N2-final-s0,finished,final,cub200,profile,regression,2,0,resnet18,20.0,0.02055705152451992,0.1086919829249382,0.17265823483467102,0.25957804918289185,0.3802531659603119,0.06754225492477417,0.10243674367666245,0.3297071158885956,0.5046024918556213,0.6845188140869141,0.804184079170227,0.23260720074176788,0.0,0.18851859331130982,0.0009586470451019739
57b16e55cf30a1eb,cub200-resnet18-regression-profile-N2-final-s0,finished,final,cub200,profile,regression,2,0,resnet18,25.0,0.025889599695801735,0.12573839724063873,0.19578059017658234,0.2850632965564728,0.41130802035331726,0.07613904774188995,0.11998690664768219,0.3682008385658264,0.560669481754303,0.715481162071228,0.8426778316497803,0.2519865334033966,0.0,0.19344469472765924,0.0009272824925709711
57b16e55cf30a1eb,cub200-resnet18-regression-profile-N2-final-s0,finished,final,cub200,profile,regression,2,0,resnet18,30.0,0.027729062363505363,0.1336708813905716,0.20843881368637085,0.30244725942611694,0.422278493642807,0.07940136641263962,0.12946581840515137,0.421757310628891,0.5774058699607849,0.7246862053871155,0.8393305540084839,0.2633967399597168,0.0,0.19399321272969247,0.0008879677897068578
57b16e55cf30a1eb,cub200-resnet18-regression-profile-N2-final-s0,finished,final,cub200,profile,regression,2,0,resnet18,35.0,0.028653910383582115,0.14278480410575867,0.2141772210597992,0.31409281492233276,0.43409281969070435,0.08172239363193512,0.13597871363162994,0.4410041868686676,0.5966527462005615,0.7179916501045227,0.843514621257782,0.27293506264686584,0.0,0.19611863300204277,0.0008414352950377178
57b16e55cf30a1eb,cub200-resnet18-regression-profile-N2-final-s0,finished,final,cub200,profile,regression,2,0,resnet18,40.0,0.029820097610354424,0.14345991611480713,0.21164557337760925,0.30886074900627136,0.4388185739517212,0.08216863125562668,0.13220922648906708,0.45020920038223267,0.6016736626625061,0.7263598442077637,0.8192468881607056,0.2635860741138458,0.0,0.19643349573016167,0.0007885518208963762
57b16e55cf30a1eb,cub200-resnet18-regression-profile-N2-final-s0,finished,final,cub200,profile,regression,2,0,resnet18,45.0,0.030479077249765396,0.14751054346561432,0.22210970520973206,0.322025328874588,0.44995781779289246,0.08336839824914932,0.12620709836483002,0.4410041868686676,0.595815896987915,0.7347280383110046,0.8468618988990784,0.2577688694000244,0.0,0.1948513427376747,0.0007303024863467105
57b16e55cf30a1eb,cub200-resnet18-regression-profile-N2-final-s0,finished,final,cub200,profile,regression,2,0,resnet18,50.0,0.03152882680296898,0.14683544635772705,0.22177214920520782,0.31898733973503113,0.44050633907318115,0.08425445109605789,0.13631920516490936,0.43430963158607483,0.595815896987915,0.7305439114570618,0.8393305540084839,0.27012714743614197,0.0,0.19288201957941056,0.0006677723662794075
57b16e55cf30a1eb,cub200-resnet18-regression-profile-N2-final-s0,finished,final,cub200,profile,regression,2,0,resnet18,55.0,0.03004043735563755,0.14497889578342438,0.2163713127374649,0.3115611672401428,0.4386498034000397,0.08100683987140656,0.12713827192783356,0.4192468523979187,0.5790795087814331,0.7271966338157654,0.8401673436164856,0.25728344917297363,0.0,0.18638864383101464,0.0006021262785197906
57b16e55cf30a1eb,cub200-resnet18-regression-profile-N2-final-s0,finished,final,cub200,profile,regression,2,0,resnet18,60.0,0.030745143070816994,0.14379747211933136,0.2143459916114807,0.30481013655662537,0.4295358657836914,0.08147463202476501,0.12931138277053833,0.4368200898170471,0.5782426595687866,0.7146443724632263,0.8209205269813538,0.2594063878059387,0.0,0.18116064935922624,0.0005345870854756532
57b16e55cf30a1eb,cub200-resnet18-regression-profile-N2-final-s0,finished,final,cub200,profile,regression,2,0,resnet18,65.0,0.02979630045592785,0.14295358955860138,0.21265822649002075,0.30683544278144836,0.4244725704193115,0.0794762596487999,0.12305769324302673,0.41004183888435364,0.5774058699607849,0.7263598442077637,0.8368200659751892,0.25092634558677673,0.0,0.16796034306287766,0.0004664129145243469
57b16e55cf30a1eb,cub200-resnet18-regression-profile-N2-final-s0,finished,final,cub200,profile,regression,2,0,resnet18,70.0,0.02990744821727276,0.13839662075042725,0.20978902280330658,0.3122362792491913,0.4317299723625183,0.07958391308784485,0.12594428658485413,0.40920501947402954,0.5857740640640259,0.7280334830284119,0.8301255106925964,0.25265949964523315,0.0,0.15990303747355938,0.0003988737214802095
57b16e55cf30a1eb,cub200-resnet18-regression-profile-N2-final-s0,finished,final,cub200,profile,regression,2,0,resnet18,75.0,0.028353402391076088,0.1399156153202057,0.2047257423400879,0.2958649694919586,0.4158649742603302,0.07651793211698532,0.122203029692173,0.41338911652565,0.5707113146781921,0.6945606470108032,0.8025104403495789,0.24932979047298431,0.0,0.14733230270445347,0.0003332276337205924
57b16e55cf30a1eb,cub200-resnet18-regression-profile-N2-final-s0,finished,final,cub200,profile,regression,2,0,resnet18,80.0,0.028499804437160492,0.13316455483436584,0.19932489097118378,0.2913080155849457,0.4118143320083618,0.0774252712726593,0.11838436126708984,0.40836820006370544,0.5581589937210083,0.7062761783599854,0.8200836777687073,0.24703414738178253,0.0,0.136186807975173,0.00027069751365328947
57b16e55cf30a1eb,cub200-resnet18-regression-profile-N2-final-s0,finished,final,cub200,profile,regression,2,0,resnet18,85.0,0.028990959748625755,0.1400843858718872,0.20556962490081787,0.2874261736869812,0.4064134955406189,0.07645221054553986,0.11843802779912949,0.3907949924468994,0.5330544114112854,0.692887008190155,0.8158996105194092,0.24649009108543396,0.0,0.1265774104744196,0.0002124481791036239
57b16e55cf30a1eb,cub200-resnet18-regression-profile-N2-final-s0,finished,final,cub200,profile,regression,2,0,resnet18,90.0,0.028046807274222374,0.1378902941942215,0.20101265609264374,0.28995779156684875,0.41113924980163574,0.07610081881284714,0.11959399282932281,0.3907949924468994,0.5330544114112854,0.6820083856582642,0.8175732493400574,0.24594810605049133,0.0,0.11647682815790177,0.00015956470496228238
57b16e55cf30a1eb,cub200-resnet18-regression-profile-N2-final-s0,finished,final,cub200,profile,regression,2,0,resnet18,95.0,0.028247559443116188,0.13535864651203156,0.1984810084104538,0.2874261736869812,0.40607595443725586,0.07570085674524307,0.11524873971939087,0.38577404618263245,0.5447698831558228,0.6870293021202087,0.8150627613067627,0.2417553812265396,0.0,0.11125254698097706,0.00011303221029314226
57b16e55cf30a1eb,cub200-resnet18-regression-profile-N2-final-s0,finished,final,cub200,profile,regression,2,0,resnet18,100.0,0.028316911309957504,0.1348523199558258,0.2016877681016922,0.2872573733329773,0.403037965297699,0.0757792517542839,0.11467595398426056,0.38242676854133606,0.5372384786605835,0.6895397305488586,0.8167364001274109,0.24200193583965302,0.0,0.1038387019559741,7.371750742902897e-05
57b16e55cf30a1eb,cub200-resnet18-regression-profile-N2-final-s0,finished,final,cub200,profile,regression,2,0,resnet18,105.0,0.028196532279253006,0.13248945772647858,0.20219409465789795,0.29012659192085266,0.40489450097084045,0.07538432627916336,0.11473612487316132,0.3765690326690674,0.5414226055145264,0.6912133693695068,0.8050209283828735,0.24208714067935944,0.0,0.0995542886853218,4.235295489802631e-05
57b16e55cf30a1eb,cub200-resnet18-regression-profile-N2-final-s0,finished,final,cub200,profile,regression,2,0,resnet18,110.0,0.027979960665106773,0.13012658059597015,0.19932489097118378,0.28793248534202576,0.40911391377449036,0.07553049176931381,0.114505834877491,0.38410040736198425,0.5405857563018799,0.6945606470108032,0.8075313568115234,0.24164147675037384,0.0,0.10094357874244451,1.9522814969774334e-05
57b16e55cf30a1eb,cub200-resnet18-regression-profile-N2-final-s0,finished,final,cub200,profile,regression,2,0,resnet18,115.0,0.02799726091325283,0.13097046315670013,0.20000000298023224,0.28675106167793274,0.4067510664463043,0.07503274083137512,0.11446968466043472,0.38661086559295654,0.53807532787323,0.6820083856582642,0.8066945672035217,0.2415081411600113,0.0,0.10086719878017902,5.652369954852788e-06
57b16e55cf30a1eb,cub200-resnet18-regression-profile-N2-final-s0,finished,final,cub200,profile,regression,2,0,resnet18,120.0,0.027966992929577827,0.1306329071521759,0.200506329536438,0.2823628783226013,0.40573838353157043,0.07515272498130798,0.11411327868700027,0.38326358795166016,0.5330544114112854,0.6870293021202087,0.804184079170227,0.24111148715019226,0.0,0.09998756684362889,1e-06
c9b40526d305f898,cars196-resnet18-regression-profile-N16-search-s1,finished,search,cars196,profile,regression,16,1,resnet18,5.0,0.0021812221966683865,0.025581108406186104,0.04292215034365654,0.07846513390541077,0.13958922028541565,0.017828555777668953,0.006933738477528095,0.06995134055614471,0.12530413269996643,0.22445255517959595,0.38260340690612793,0.055819761008024216,1291.8413830566406,1292.467255859375,0.001
c9b40526d305f898,cars196-resnet18-regression-profile-N16-search-s1,finished,search,cars196,profile,regression,16,1,resnet18,10.0,0.002407809253782034,0.028778748586773872,0.051654163748025894,0.08805804699659348,0.15250276029109955,0.018930384889245033,0.007708782330155373,0.07116788625717163,0.13199512660503387,0.2323600947856903,0.38929441571235657,0.05801386013627052,1239.9085888671875,1240.5566845703124,0.0009046039886902862
c9b40526d305f898,cars196-resnet18-regression-profile-N16-search-s1,finished,search,cars196,profile,regression,16,1,resnet18,15.0,0.0025230541359633207,0.028286803513765335,0.05251506716012955,0.09088672697544098,0.15717624127864838,0.019443361088633537,0.007936682552099228,0.08090024441480637,0.13990268111228943,0.2354014664888382,0.4002433121204376,0.058862198144197464,1226.1659655761719,1226.8367590332032,0.0006548539886902863
c9b40526d305f898,cars196-resnet18-regression-profile-N16-search-s1,finished,search,cars196,profile,regression,16,1,resnet18,20.0,0.0025935941375792027,0.02865576185286045,0.05472881719470024,0.09396138042211533,0.1601279079914093,0.01969778537750244,0.00789256114512682,0.07968369871377945,0.14111922681331635,0.24330900609493256,0.3862530291080475,0.058245737105607986,1202.871864013672,1203.5586242675781,0.0003461460113097138
c9b40526d305f898,cars196-resnet18-regression-profile-N16-search-s1,finished,search,cars196,profile,regression,16,1,resnet18,25.0,0.0027531113009899855,0.03062354028224945,0.05399090051651001,0.09814290702342987,0.1651703417301178,0.02003191038966179,0.007945300079882145,0.08029197156429291,0.13929440081119537,0.24148418009281158,0.4020681381225586,0.0587792694568634,1201.4010913085938,1202.099422607422,9.63960113097138e-05
c9b40526d305f898,cars196-resnet18-regression-profile-N16-search-s1,finished,search,cars196,profile,regression,16,1,resnet18,30.0,0.0028075312729924917,0.03234534338116646,0.056204650551080704,0.09801992028951645,0.16652318835258484,0.020184069871902466,0.0079500125721097,0.08272506296634674,0.14294403791427612,0.23905108869075775,0.3990267515182495,0.058616604655981064,1189.0401745605468,1189.7442297363282,1e-06
e62b40def4ae8905,cars196-resnet18-regression-profile-N16-search-s2,finished,search,cars196,profile,regression,16,2,resnet18,5.0,0.002079797675833106,0.025212151929736137,0.04611978679895401,0.08043291419744492,0.13356290757656097,0.017180848866701126,0.008305464871227741,0.07552870362997055,0.1353474259376526,0.22416917979717255,0.37039273977279663,0.05934211239218712,1332.8029089355468,1333.4329748535156,0.001
e62b40def4ae8905,cars196-resnet18-regression-profile-N16-search-s2,finished,search,cars196,profile,regression,16,2,resnet18,10.0,0.0023296952713280916,0.028163816779851913,0.04796458035707474,0.08805804699659348,0.1472143679857254,0.018596021458506584,0.009821942076086998,0.07975830882787704,0.1377643495798111,0.2362537831068039,0.3867069482803345,0.06311047822237015,1276.12044921875,1276.7680310058595,0.0009046039886902862
e62b40def4ae8905,cars196-resnet18-regression-profile-N16-search-s2,finished,search,cars196,profile,regression,16,2,resnet18,15.0,0.002831291640177369,0.03591194376349449,0.056204650551080704,0.09359242767095566,0.15914401412010193,0.020047582685947418,0.010181999765336514,0.0809667706489563,0.1577039211988449,0.2561933398246765,0.40362536907196045,0.06449160724878311,1240.6211364746093,1241.2959802246094,0.0006548539886902863
e62b40def4ae8905,cars196-resnet18-regression-profile-N16-search-s2,finished,search,cars196,profile,regression,16,2,resnet18,20.0,0.003142433473840356,0.03726479038596153,0.06100110709667206,0.10207846760749817,0.16873693466186523,0.020799806341528893,0.010649559088051319,0.08700906485319138,0.1528700888156891,0.2495468258857727,0.43625378608703613,0.06579083949327469,1205.4916796875,1206.2220227050782,0.0003461460113097138
e62b40def4ae8905,cars196-resnet18-regression-profile-N16-search-s2,finished,search,cars196,profile,regression,16,2,resnet18,25.0,0.003280525328591466,0.038740623742341995,0.0623539537191391,0.1039232537150383,0.1713196337223053,0.021093249320983887,0.010942190885543823,0.09123867005109787,0.15166163444519043,0.2586102783679962,0.4380664527416229,0.06626339256763458,1193.2759606933594,1194.0286975097656,9.63960113097138e-05
e62b40def4ae8905,cars196-resnet18-regression-profile-N16-search-s2,finished,search,cars196,profile,regression,16,2,resnet18,30.0,0.003307684790343046,0.038740623742341995,0.061493050307035446,0.1039232537150383,0.17218054831027985,0.021131502464413643,0.010903245769441128,0.09063444286584854,0.15226586163043976,0.26404833793640137,0.4404833912849426,0.06615208834409714,1192.8560412597656,1193.6088989257812,1e-06
073680d986e04629,cub200-resnet18-regression-mds-N2-search-s0,finished,search,cub200,mds,regression,2,0,resnet18,5.0,0.0024758765939623117,0.025316456332802773,0.047088608145713806,0.09012658149003983,0.15527425706386566,0.01957932859659195,0.016990376636385918,0.10627614706754684,0.18075314164161682,0.3062761425971985,0.4895397424697876,0.08584371209144592,0.0,0.17869280859827996,0.001
073680d986e04629,cub200-resnet18-regression-mds-N2-search-s0,finished,search,cub200,mds,regression,2,0,resnet18,10.0,0.006340171676129103,0.05350210890173912,0.09282700717449188,0.1537552773952484,0.24590717256069183,0.035016611218452454,0.03202031925320625,0.15481171011924744,0.26945605874061584,0.40167364478111267,0.6108786463737488,0.1217932254076004,0.0,0.17878398388624192,0.0009046039886902862
073680d986e04629,cub200-resnet18-regression-mds-N2-search-s0,finished,search,cub200,mds,regression,2,0,resnet18,15.0,0.012629139237105846,0.07898734509944916,0.13215190172195435,0.21721519529819489,0.3331645429134369,0.052661534398794174,0.06212584674358368,0.24267782270908356,0.3891213536262512,0.5615062713623047,0.7297071218490601,0.1763411909341812,0.0,0.18227326318621637,0.0006548539886902863
073680d986e04629,cub200-resnet18-regression-mds-N2-search-s0,finished,search,cub200,mds,regression,2,0,resnet18,20.0,0.016355812549591064,0.09282700717449188,0.14447256922721863,0.23071730136871338,0.3552742600440979,0.06051398441195488,0.07989931851625443,0.2753137946128845,0.4476987421512604,0.6376569271087646,0.7765690088272095,0.2054193913936615,0.0,0.1876117257773876,0.0003461460113097138
073680d986e04629,cub200-resnet18-regression-mds-N2-search-s0,finished,search,cub200,mds,regression,2,0,resnet18,25.0,0.019297510385513306,0.09974683821201324,0.1608438789844513,0.24607594311237335,0.3721519112586975,0.06574227660894394,0.09175321459770203,0.2962343096733093,0.4652719795703888,0.6334728002548218,0.7974895238876343,0.22386249899864197,0.0,0.19066194653511048,9.63960113097138e-05
073680d986e04629,cub200-resnet18-regression-mds-N2-search-s0,finished,search,cub200,mds,regression,2,0,resnet18,30.0,0.019506871700286865,0.10227847844362259,0.1588185727596283,0.250801682472229,0.3762025237083435,0.06617262959480286,0.09374832361936569,0.302092045545578,0.47949790954589844,0.6510460376739502,0.7983263731002808,0.22606399655342102,0.0,0.19224493011832236,1e-06
c0da8d8b8fe44624,cars196-resnet18-regression-profile-N17-search-s0,finished,search,cars196,profile,regression,17,0,resnet18,5.0,0.0023930768948048353,0.02853277511894703,0.0505472868680954,0.08449145406484604,0.1488131880760193,0.018760737031698227,0.011220130138099194,0.09958259016275406,0.1753130555152893,0.2933810353279114,0.45080500841140747,0.06999120861291885,1380.289061279297,1380.9092333984374,0.001
c0da8d8b8fe44624,cars196-resnet18-regression-profile-N17-search-s0,finished,search,cars196,profile,regression,17,0,resnet18,10.0,0.002909200033172965,0.03173041343688965,0.05854138359427452,0.1010945737361908,0.16541631519794464,0.020373636856675148,0.011855830438435078,0.10375671088695526,0.1800834834575653,0.2951699495315552,0.4531902074813843,0.07227373123168945,1321.3862158203126,1322.0441564941407,0.0009046039886902862
c0da8d8b8fe44624,cars196-resnet18-regression-profile-N17-search-s0,finished,search,cars196,profile,regression,17,0,resnet18,15.0,0.003669705940410495,0.04218423366546631,0.0673963874578476,0.10884270071983337,0.18005165457725525,0.02212832309305668,0.014194407500326633,0.12581992149353027,0.21168753504753113,0.3082886040210724,0.4675014913082123,0.07685809582471848,1250.8336999511719,1251.5411364746094,0.0006548539886902863
c0da8d8b8fe44624,cars196-resnet18-regression-profile-N17-search-s0,finished,search,cars196,profile,regression,17,0,resnet18,20.0,0.0035583600401878357,0.04341409355401993,0.06985610723495483,0.11093346774578094,0.1820194274187088,0.02176479808986187,0.014363749884068966,0.11389385908842087,0.19141323864459991,0.317233145236969,0.4859868884086609,0.0773949921131134,1235.4407531738282,1236.1886987304688,0.0003461460113097138
c0da8d8b8fe44624,cars196-resnet18-regression-profile-N17-search-s0,finished,search,cars196,profile,regression,17,0,resnet18,25.0,0.003404259216040373,0.041938260197639465,0.06850326061248779,0.11154839396476746,0.18349526822566986,0.021491076797246933,0.014481241814792156,0.11985688656568527,0.19856886565685272,0.3196183741092682,0.4788312315940857,0.07749287784099579,1210.020938720703,1210.7943359375,9.63960113097138e-05
c0da8d8b8fe44624,cars196-resnet18-regression-profile-N17-search-s0,finished,search,cars196,profile,regression,17,0,resnet18,30.0,0.0033805335406214,0.04292215034365654,0.06850326061248779,0.11093346774578094,0.17955970764160156,0.021546760573983192,0.014577985741198063,0.11926058679819107,0.19618366658687592,0.321407288312912,0.4830053746700287,0.07780440896749496,1209.3909643554687,1210.17169921875,1e-06
656c04bf9b33489b,cars196-resnet18-regression-profile-N17-search-s1,finished,search,cars196,profile,regression,17,1,resnet18,5.0,0.002138969488441944,0.027548886835575104,0.04734965041279793,0.08473742753267288,0.14315582811832428,0.017743907868862152,0.007192482706159353,0.08090024441480637,0.1386861354112625,0.23722627758979797,0.4008515775203705,0.056525424122810364,1362.7857434082032,1363.415478515625,0.001
656c04bf9b33489b,cars196-resnet18-regression-profile-N17-search-s1,finished,search,cars196,profile,regression,17,1,resnet18,10.0,0.002532967831939459,0.027548886835575104,0.04857951030135155,0.0892879068851471,0.15090395510196686,0.019285714253783226,0.0077749742195010185,0.07907542586326599,0.13990268111228943,0.2457420974969864,0.3947688639163971,0.05807749927043915,1314.6458239746094,1315.2951000976564,0.0009046039886902862
656c04bf9b33489b,cars196-resnet18-regression-profile-N17-search-s1,finished,search,cars196,profile,regression,17,1,resnet18,15.0,0.0028295847587287426,0.034067150205373764,0.05472881719470024,0.09801992028951645,0.16492436826229095,0.0199274905025959,0.007707356940954924,0.07360097020864487,0.13260340690612793,0.2293187379837036,0.41727495193481445,0.05853673443198204,1292.2191076660156,1292.8996325683593,0.0006548539886902863
656c04bf9b33489b,cars196-resnet18-regression-profile-N17-search-s1,finished,search,cars196,profile,regression,17,1,resnet18,20.0,0.002959719393402338,0.03394416347146034,0.05854138359427452,0.10084860771894455,0.1668921411037445,0.020310360938310623,0.007657915819436312,0.06995134055614471,0.13199512660503387,0.2396593689918518,0.40145984292030334,0.05885525792837143,1254.536103515625,1255.2585119628907,0.0003461460113097138
656c04bf9b33489b,cars196-resnet18-regression-profile-N17-search-s1,finished,search,cars196,profile,regression,17,1,resnet18,25.0,0.0030180986505001783,0.03591194376349449,0.06161603704094887,0.10195548087358475,0.16504734754562378,0.02026531659066677,0.007923987694084644,0.08150851726531982,0.1374695897102356,0.24087591469287872,0.41909974813461304,0.05894327163696289,1238.289912109375,1239.0290795898438,9.63960113097138e-05
656c04bf9b33489b,cars196-resnet18-regression-profile-N17-search-s1,finished,search,cars196,profile,regression,17,1,resnet18,30.0,0.0030624426435679197,0.03578895702958107,0.060878120362758636,0.10244742035865784,0.16763006150722504,0.02031700871884823,0.007964245043694973,0.07481751590967178,0.1344282180070877,0.2427007257938385,0.4178832173347473,0.059411026537418365,1238.9408361816406,1239.6843811035155,1e-06
f866d54a1fff0133,cars196-resnet18-regression-profile-N17-search-s2,finished,search,cars196,profile,regression,17,2,resnet18,5.0,0.002134576439857483,0.025089165195822716,0.04796458035707474,0.08264666050672531,0.1421719342470169,0.017521362751722336,0.009140527807176113,0.07613293081521988,0.13051359355449677,0.2229607254266739,0.3812688887119293,0.06143415346741676,1390.0191040039062,1390.65361328125,0.001
f866d54a1fff0133,cars196-resnet18-regression-profile-N17-search-s2,finished,search,cars196,profile,regression,17,2,resnet18,10.0,0.0022604279220104218,0.02927069179713726,0.05263805016875267,0.08854999393224716,0.14746034145355225,0.018596669659018517,0.009633173234760761,0.07492446899414062,0.13232629001140594,0.23323263227939606,0.3848942518234253,0.06347722560167313,1353.459237060547,1354.108819580078,0.0009046039886902862
f866d54a1fff0133,cars196-resnet18-regression-profile-N17-search-s2,finished,search,cars196,profile,regression,17,2,resnet18,15.0,0.0024043177254498005,0.030131595209240913,0.052392080426216125,0.09162464737892151,0.1579141616821289,0.018888823688030243,0.010344882495701313,0.08640483021736145,0.15166163444519043,0.2652567923069,0.4181268811225891,0.0651945099234581,1312.7685595703124,1313.4654333496094,0.0006548539886902863
f866d54a1fff0133,cars196-resnet18-regression-profile-N17-search-s2,finished,search,cars196,profile,regression,17,2,resnet18,20.0,0.002537730848416686,0.03332923352718353,0.05669659376144409,0.09765096753835678,0.1634485274553299,0.01954343169927597,0.010425053536891937,0.08398791402578354,0.15166163444519043,0.26586103439331055,0.41873112320899963,0.06514952331781387,1278.280057373047,1279.007333984375,0.0003461460113097138
f866d54a1fff0133,cars196-resnet18-regression-profile-N17-search-s2,finished,search,cars196,profile,regression,17,2,resnet18,25.0,0.002579672262072563,0.033575206995010376,0.05780346691608429,0.09580617398023605,0.15877506136894226,0.019698740914463997,0.010682341642677784,0.09788519889116287,0.16978852450847626,0.27009063959121704,0.4308156967163086,0.0656590610742569,1274.979549560547,1275.7238049316406,9.63960113097138e-05
f866d54a1fff0133,cars196-resnet18-regression-profile-N17-search-s2,finished,search,cars196,profile,regression,17,2,resnet18,30.0,0.0025952060241252184,0.03246833011507988,0.05645062029361725,0.09408436715602875,0.16086582839488983,0.019731532782316208,0.010675405152142048,0.0984894260764122,0.17039275169372559,0.2761329412460327,0.4356495440006256,0.06553681939840317,1254.8602087402344,1255.6116369628905,1e-06
f290e55279050407,cars196-resnet18-regression-profile-N2-final-s0,finished,final,cars196,profile,regression,2,0,resnet18,5.0,0.0023927732836455107,0.031484443694353104,0.05349895358085632,0.0932234674692154,0.16320255398750305,0.01846480555832386,0.012168113142251968,0.08765652775764465,0.1741204559803009,0.301729291677475,0.4633273780345917,0.07386498898267746,0.0,0.19534971967339515,0.001
f290e55279050407,cars196-resnet18-regression-profile-N2-final-s0,finished,final,cars196,profile,regression,2,0,resnet18,10.0,0.004569369368255138,0.05312999710440636,0.08559832721948624,0.12888944149017334,0.20698560774326324,0.025707030668854713,0.016621101647615433,0.13357184827327728,0.22003577649593353,0.351818710565567,0.5116279125213623,0.08450908958911896,0.0,0.18727997288107873,0.000995347630045147
f290e55279050407,cars196-resnet18-regression-profile-N2-final-s0,finished,final,cars196,profile,regression,2,0,resnet18,15.0,0.005071382503956556,0.05571270361542702,0.09297749400138855,0.1461074948310852,0.2281392216682434,0.028305310755968094,0.019346199929714203,0.14311270415782928,0.24090638756752014,0.351222425699234,0.5330948233604431,0.08921315521001816,0.0,0.18353759720921517,0.0009814771850302259
f290e55279050407,cars196-resnet18-regression-profile-N2-final-s0,finished,final,cars196,profile,regression,2,0,resnet18,20.0,0.005372416693717241,0.06112409383058548,0.0977739542722702,0.16111178696155548,0.2512606084346771,0.031073838472366333,0.025703420862555504,0.1615980863571167,0.25104352831840515,0.38461539149284363,0.5414430499076843,0.09856195747852325,0.0,0.18180520579218865,0.0009586470451019739
f290e55279050407,cars196-resnet18-regression-profile-N2-final-s0,finished,final,cars196,profile,regression,2,0,resnet18,25.0,0.007683492265641689,0.07539048045873642,0.11523798108100891,0.18435616791248322,0.2939367890357971,0.03973992541432381,0.03440048173069954,0.21168753504753113,0.317233145236969,0.44841980934143066,0.6124030947685242,0.11780707538127899,0.0,0.1807047349214554,0.0009272824925709711
f290e55279050407,cars196-resnet18-regression-profile-N2-final-s0,finished,final,cars196,profile,regression,2,0,resnet18,30.0,0.009919376112520695,0.09506825357675552,0.14746034145355225,0.2281392216682434,0.33845776319503784,0.0464881956577301,0.04169349744915962,0.22003577649593353,0.336911141872406,0.4818127751350403,0.6463923454284668,0.1340552270412445,0.0,0.18269472882151605,0.0008879677897068578
f290e55279050407,cars196-resnet18-regression-profile-N2-final-s0,finished,final,cars196,profile,regression,2,0,resnet18,35.0,0.01220505777746439,0.1146230474114418,0.17562414705753326,0.2628212869167328,0.3757225573062897,0.053677428513765335,0.055955372750759125,0.25283244252204895,0.3768634498119354,0.5247465968132019,0.6857483386993408,0.15435294806957245,0.0,0.18341401621699333,0.0008414352950377178
f290e55279050407,cars196-resnet18-regression-profile-N2-final-s0,finished,final,cars196,profile,regression,2,0,resnet18,40.0,0.014365210197865963,0.1270446479320526,0.193211168050766,0.28778746724128723,0.4021645486354828,0.05955297872424126,0.06751994788646698,0.28622540831565857,0.40787118673324585,0.5670840740203857,0.7251043319702148,0.1709526628255844,0.0,0.18720774963498116,0.0007885518208963762
f290e55279050407,cars196-resnet18-regression-profile-N2-final-s0,finished,final,cars196,profile,regression,2,0,resnet18,45.0,0.01725560426712036,0.14008116722106934,0.21657852828502655,0.3184110224246979,0.44176608324050903,0.06607114523649216,0.0802052691578865,0.302325576543808,0.43589743971824646,0.5790101289749146,0.7376267313957214,0.1871626079082489,0.0,0.18938363790512086,0.0007303024863467105
f290e55279050407,cars196-resnet18-regression-profile-N2-final-s0,finished,final,cars196,profile,regression,2,0,resnet18,50.0,0.020336803048849106,0.16307957470417023,0.24744804203510284,0.3482966423034668,0.4798917770385742,0.07309528440237045,0.0931929349899292,0.3589743673801422,0.4788312315940857,0.6207513213157654,0.7549194693565369,0.20147612690925598,0.0,0.19089013427495957,0.0006677723662794075
f290e55279050407,cars196-resnet18-regression-profile-N2-final-s0,finished,final,cars196,profile,regression,2,0,resnet18,55.0,0.023109544068574905,0.1837412416934967,0.27339810132980347,0.38912802934646606,0.5175254940986633,0.07985113561153412,0.10773153603076935,0.39534884691238403,0.5378652215003967,0.6648777723312378,0.7871198654174805,0.22057631611824036,0.0,0.19424441412091256,0.0006021262785197906
f290e55279050407,cars196-resnet18-regression-profile-N2-final-s0,finished,final,cars196,profile,regression,2,0,resnet18,60.0,0.02642163261771202,0.20415693521499634,0.2983642816543579,0.41495510935783386,0.5426146984100342,0.08611493557691574,0.12205830216407776,0.42158615589141846,0.5480023622512817,0.6803816556930542,0.7990459203720093,0.23231425881385803,0.0,0.1947325536608696,0.0005345870854756532
f290e55279050407,cars196-resnet18-regression-profile-N2-final-s0,finished,final,cars196,profile,regression,2,0,resnet18,65.0,0.029707439243793488,0.22260484099388123,0.32345345616340637,0.4431189298629761,0.5669659376144409,0.09198908507823944,0.1412346363067627,0.45080500841140747,0.584973156452179,0.7096004486083984,0.8175312876701355,0.2553967535495758,0.0,0.19320828840136528,0.0004664129145243469
f290e55279050407,cars196-resnet18-regression-profile-N2-final-s0,finished,final,cars196,profile,regression,2,0,resnet18,70.0,0.031092967838048935,0.2286311686038971,0.33513712882995605,0.4591071307659149,0.5843069553375244,0.09536246955394745,0.14780156314373016,0.45736435055732727,0.5903398990631104,0.7143709063529968,0.8234943151473999,0.25697246193885803,0.0,0.1941361865401268,0.0003988737214802095
f290e55279050407,cars196-resnet18-regression-profile-N2-final-s0,finished,final,cars196,profile,regression,2,0,resnet18,75.0,0.032467443495988846,0.2399458885192871,0.34743574261665344,0.46439552307128906,0.5889804363250732,0.09716927260160446,0.15393158793449402,0.4734645187854767,0.594514012336731,0.7161598205566406,0.8205128312110901,0.2662830352783203,0.0,0.19307867854833602,0.0003332276337205924
f290e55279050407,cars196-resnet18-regression-profile-N2-final-s0,finished,final,cars196,profile,regression,2,0,resnet18,80.0,0.03385153412818909,0.2438814342021942,0.34755873680114746,0.46894600987434387,0.5979584455490112,0.09916938096284866,0.1639549732208252,0.5038759708404541,0.6296958923339844,0.7286821603775024,0.8264758586883545,0.2757626175880432,0.0,0.19212369605898857,0.00027069751365328947
f290e55279050407,cars196-resnet18-regression-profile-N2-final-s0,finished,final,cars196,profile,regression,2,0,resnet18,85.0,0.034173522144556046,0.2460951954126358,0.34915754199028015,0.4679621160030365,0.593407928943634,0.09947676211595535,0.16277913749217987,0.4919499158859253,0.6201550364494324,0.7251043319702148,0.8193202018737793,0.27388840913772583,0.0,0.19013892933726312,0.0002124481791036239
f290e55279050407,cars196-resnet18-regression-profile-N2-final-s0,finished,final,cars196,profile,regression,2,0,resnet18,90.0,0.03534785658121109,0.24757102131843567,0.35309308767318726,0.47275859117507935,0.6004181504249573,0.10085489600896835,0.16572971642017365,0.5014907717704773,0.6261180639266968,0.732856273651123,0.8258795738220215,0.2778579294681549,0.0,0.19018706396222115,0.00015956470496228238
f290e55279050407,cars196-resnet18-regression-profile-N2-final-s0,finished,final,cars196,profile,regression,2,0,resnet18,95.0,0.03467901796102524,0.257163941860199,0.3623170554637909,0.4779239892959595,0.603246808052063,0.10036161541938782,0.1679566651582718,0.4955277144908905,0.6177698373794556,0.723315417766571,0.8258795738220215,0.2778541147708893,0.0,0.18844307258725165,0.00011303221029314226
f290e55279050407,cars196-resnet18-regression-profile-N2-final-s0,finished,final,cars196,profile,regression,2,0,resnet18,100.0,0.034793026745319366,0.2563030421733856,0.3578895628452301,0.4786619246006012,0.5985733866691589,0.1002235859632492,0.17293959856033325,0.5044722557067871,0.6273106932640076,0.7262969613075256,0.8217054009437561,0.2828180193901062,0.0,0.18818511709570884,7.371750742902897e-05
f290e55279050407,cars196-resnet18-regression-profile-N2-final-s0,finished,final,cars196,profile,regression,2,0,resnet18,105.0,0.03503120318055153,0.2543352544307709,0.3621940612792969,0.4774320423603058,0.6004181504249573,0.10059232264757156,0.17146426439285278,0.4979129433631897,0.6225402355194092,0.7209302186965942,0.8127608895301819,0.28206464648246765,0.0,0.18572239100933075,4.235295489802631e-05
f290e55279050407,cars196-resnet18-regression-profile-N2-final-s0,finished,final,cars196,profile,regression,2,0,resnet18,110.0,0.034967225044965744,0.2521215081214905,0.3561677634716034,0.4781699776649475,0.603246808052063,0.10016964375972748,0.17210541665554047,0.5014907717704773,0.6290996074676514,0.7245080471038818,0.8205128312110901,0.2824862003326416,0.0,0.18575388625264166,1.9522814969774334e-05
f290e55279050407,cars196-resnet18-regression-profile-N2-final-s0,finished,final,cars196,profile,regression,2,0,resnet18,115.0,0.035337209701538086,0.25310540199279785,0.3617021143436432,0.48222851753234863,0.6020169854164124,0.1009078323841095,0.1718667894601822,0.5002981424331665,0.62373286485672,0.7239117622375488,0.8187239170074463,0.28207993507385254,0.0,0.18429974973201751,5.652369954852788e-06
f290e55279050407,cars196-resnet18-regression-profile-N2-final-s0,finished,final,cars196,profile,regression,2,0,resnet18,120.0,0.03526784107089043,0.25310540199279785,0.3589964210987091,0.48124462366104126,0.6033698320388794,0.10079970955848694,0.17222318053245544,0.5020870566368103,0.6261180639266968,0.7257006764411926,0.8193202018737793,0.2826525568962097,0.0,0.184498101323843,1e-06
928ebb4951a7a312,cub200-resnet18-regression-mds-N2-search-s1,finished,search,cub200,mds,regression,2,1,resnet18,5.0,0.0024097703862935305,0.029535865411162376,0.049789030104875565,0.09164556860923767,0.15797469019889832,0.018958745524287224,0.01877051591873169,0.13893653452396393,0.22469982504844666,0.3679245412349701,0.5334476828575134,0.08770786970853806,0.0,0.17658625140786172,0.001
928ebb4951a7a312,cub200-resnet18-regression-mds-N2-search-s1,finished,search,cub200,mds,regression,2,1,resnet18,10.0,0.004149983637034893,0.04573839530348778,0.07797468453645706,0.13721519708633423,0.22092826664447784,0.02903270348906517,0.03225454315543175,0.17581474781036377,0.289022296667099,0.4519725441932678,0.6483705043792725,0.12189995497465134,0.0,0.17236365661025047,0.0009046039886902862
928ebb4951a7a312,cub200-resnet18-regression-mds-N2-search-s1,finished,search,cub200,mds,regression,2,1,resnet18,15.0,0.010899235494434834,0.06362868845462799,0.11746835708618164,0.1890295296907425,0.2945147752761841,0.0478077307343483,0.07452229410409927,0.27958834171295166,0.4193825125694275,0.578044593334198,0.7384219765663147,0.18843083083629608,0.0,0.18060963615775108,0.0006548539886902863
928ebb4951a7a312,cub200-resnet18-regression-mds-N2-search-s1,finished,search,cub200,mds,regression,2,1,resnet18,20.0,0.017328334972262383,0.08843881636857986,0.1537552773952484,0.23679324984550476,0.350210964679718,0.060853101313114166,0.11226024478673935,0.3653516173362732,0.5017152428627014,0.645797610282898,0.765866219997406,0.2348145991563797,0.0,0.18483162179589271,0.0003461460113097138
928ebb4951a7a312,cub200-resnet18-regression-mds-N2-search-s1,finished,search,cub200,mds,regression,2,1,resnet18,25.0,0.020103035494685173,0.10278481245040894,0.16489452123641968,0.2540084421634674,0.37383967638015747,0.06569339334964752,0.12312991917133331,0.37564322352409363,0.5274442434310913,0.6680960655212402,0.7890223264694214,0.24650827050209045,0.0,0.18642740815877915,9.63960113097138e-05
928ebb4951a7a312,cub200-resnet18-regression-mds-N2-search-s1,finished,search,cub200,mds,regression,2,1,resnet18,30.0,0.02073683962225914,0.10329113900661469,0.16523206233978271,0.2558649778366089,0.38194093108177185,0.06663009524345398,0.1266186386346817,0.37650084495544434,0.5257290005683899,0.6680960655212402,0.7933104634284973,0.2498675137758255,0.0,0.18631425231695176,1e-06
e7288bbea38722a1,cub200-resnet18-regression-mds-N2-search-s2,finished,search,cub200,mds,regression,2,2,resnet18,5.0,0.0024129506200551987,0.02362869121134281,0.04776371270418167,0.08691982924938202,0.15611813962459564,0.01926812343299389,0.014871189370751381,0.09252971410751343,0.18336163461208344,0.32342955470085144,0.48811545968055725,0.08034083247184753,0.0,0.17516664028167725,0.001
e7288bbea38722a1,cub200-resnet18-regression-mds-N2-search-s2,finished,search,cub200,mds,regression,2,2,resnet18,10.0,0.007318021263927221,0.04962025210261345,0.09181434661149979,0.15814346075057983,0.2590717375278473,0.038305945694446564,0.031315285712480545,0.16723260283470154,0.2809847295284271,0.43972834944725037,0.6196944117546082,0.11611877381801605,0.0,0.1751931868493557,0.0009046039886902862
e7288bbea38722a1,cub200-resnet18-regression-mds-N2-search-s2,finished,search,cub200,mds,regression,2,2,resnet18,15.0,0.015292823314666748,0.08742616325616837,0.14059071242809296,0.22953586280345917,0.3397468328475952,0.057120248675346375,0.06799286603927612,0.23938879370689392,0.3616298735141754,0.5348047614097595,0.6960950493812561,0.16885487735271454,0.0,0.182925855666399,0.0006548539886902863
e7288bbea38722a1,cub200-resnet18-regression-mds-N2-search-s2,finished,search,cub200,mds,regression,2,2,resnet18,20.0,0.020412752404808998,0.10481012612581253,0.17215189337730408,0.2590717375278473,0.3792405128479004,0.0661081075668335,0.078870989382267,0.2809847295284271,0.4083191752433777,0.5526315569877625,0.674872636795044,0.18769343197345734,0.0,0.1850754775106907,0.0003461460113097138
e7288bbea38722a1,cub200-resnet18-regression-mds-N2-search-s2,finished,search,cub200,mds,regression,2,2,resnet18,25.0,0.021415691822767258,0.11240506172180176,0.17417721450328827,0.2673417627811432,0.39037975668907166,0.06939222663640976,0.09097283333539963,0.31833615899086,0.4202037453651428,0.5662139058113098,0.7190153002738953,0.20253166556358337,0.0,0.1909824028611183,9.63960113097138e-05
e7288bbea38722a1,cub200-resnet18-regression-mds-N2-search-s2,finished,search,cub200,mds,regression,2,2,resnet18,30.0,0.021886596456170082,0.1107172966003418,0.18042193353176117,0.27291139960289,0.3957805931568146,0.0701369047164917,0.09276070445775986,0.3200339674949646,0.43039050698280334,0.5738539695739746,0.7275042533874512,0.20430098474025726,0.0,0.18982961311936378,1e-06
1aa6ea549ad46c35,cub200-resnet18-regression-mds-N4-search-s0,finished,search,cub200,mds,regression,4,0,resnet18,5.0,0.0021780068054795265,0.02362869121134281,0.03983122482895851,0.07594936341047287,0.14227847754955292,0.01805719919502735,0.013456368818879128,0.08786610513925552,0.16652719676494598,0.2811715602874756,0.45439329743385315,0.07353252172470093,157.71675285339356,158.29377548217772,0.001
1aa6ea549ad46c35,cub200-resnet18-regression-mds-N4-search-s0,finished,search,cub200,mds,regression,4,0,resnet18,10.0,0.002125479280948639,0.022278480231761932,0.04253164678812027,0.07493671029806137,0.1378902941942215,0.017677679657936096,0.013142161071300507,0.07698744535446167,0.15732216835021973,0.29456067085266113,0.4870292842388153,0.07383006066083908,147.19099906921386,147.75064025878908,0.0009046039886902862
1aa6ea549ad46c35,cub200-resnet18-regression-mds-N4-search-s0,finished,search,cub200,mds,regression,4,0,resnet18,15.0,0.0020024485420435667,0.022616034373641014,0.03949367254972458,0.07679324597120285,0.13350211083889008,0.016953501850366592,0.012392593547701836,0.07949791103601456,0.15648534893989563,0.2769874334335327,0.45188283920288086,0.07051311433315277,143.27262916564942,143.81415740966796,0.0006548539886902863
1aa6ea549ad46c35,cub200-resnet18-regression-mds-N4-search-s0,finished,search,cub200,mds,regression,4,0,resnet18,20.0,0.0019447699887678027,0.020928269252181053,0.03915611654520035,0.07189873605966568,0.1348523199558258,0.01664324477314949,0.012189383618533611,0.07447698712348938,0.15732216835021973,0.28619247674942017,0.47698745131492615,0.07006197422742844,138.95583862304687,139.47050422668457,0.0003461460113097138
1aa6ea549ad46c35,cub200-resnet18-regression-mds-N4-search-s0,finished,search,cub200,mds,regression,4,0,resnet18,25.0,0.001874607871286571,0.021603375673294067,0.03949367254972458,0.06869198381900787,0.1306329071521759,0.01622902601957321,0.01251516304910183,0.08451882749795914,0.15397489070892334,0.28953975439071655,0.47196653485298157,0.06960848718881607,136.54451217651368,137.0468431854248,9.63960113097138e-05
1aa6ea549ad46c35,cub200-resnet18-regression-mds-N4-search-s0,finished,search,cub200,mds,regression,4,0,resnet18,30.0,0.0018451455980539322,0.020759493112564087,0.03848101198673248,0.06818565726280212,0.12928269803524017,0.016128040850162506,0.012253228574991226,0.08702928572893143,0.17489539086818695,0.29205021262168884,0.4661087989807129,0.06903918087482452,139.55606353759765,140.04798675537108,1e-06
8f6e2cad851652c9,cub200-resnet18-regression-mds-N4-search-s1,finished,search,cub200,mds,regression,4,1,resnet18,5.0,0.0019948382396250963,0.01974683627486229,0.03729957714676857,0.07172995805740356,0.13215190172195435,0.016893021762371063,0.013495841063559055,0.09691251814365387,0.1603773534297943,0.27101200819015503,0.46226415038108826,0.07176724821329117,156.7980525970459,157.39291275024414,0.001
8f6e2cad851652c9,cub200-resnet18-regression-mds-N4-search-s1,finished,search,cub200,mds,regression,4,1,resnet18,10.0,0.001991902245208621,0.018734177574515343,0.03983122482895851,0.07848101109266281,0.13924050331115723,0.017076091840863228,0.013853036798536777,0.12435677647590637,0.19382503628730774,0.3164665400981903,0.46226415038108826,0.07227245718240738,147.1696046447754,147.7250414276123,0.0009046039886902862
8f6e2cad851652c9,cub200-resnet18-regression-mds-N4-search-s1,finished,search,cub200,mds,regression,4,1,resnet18,15.0,0.0020239055156707764,0.024810126051306725,0.044050633907318115,0.07544303685426712,0.13333334028720856,0.016604939475655556,0.012433599680662155,0.1054888516664505,0.16895368695259094,0.28387650847435,0.45969125628471375,0.06977622210979462,139.16698753356934,139.69806732177733,0.0006548539886902863
8f6e2cad851652c9,cub200-resnet18-regression-mds-N4-search-s1,finished,search,cub200,mds,regression,4,1,resnet18,20.0,0.0018644941737875342,0.020084388554096222,0.03679325059056282,0.0720675140619278,0.12894514203071594,0.01632194221019745,0.011584109626710415,0.10205832123756409,0.17838765680789948,0.28130361437797546,0.43481990694999695,0.06640602648258209,137.64099365234375,138.15397178649903,0.0003461460113097138
8f6e2cad851652c9,cub200-resnet18-regression-mds-N4-search-s1,finished,search,cub200,mds,regression,4,1,resnet18,25.0,0.0016791162779554725,0.01670886017382145,0.035274259746074677,0.06818565726280212,0.1211814358830452,0.015405039303004742,0.010758069343864918,0.09090909361839294,0.16209262609481812,0.27701544761657715,0.43910807371139526,0.06492529809474945,132.76857948303223,133.2704756164551,9.63960113097138e-05
8f6e2cad851652c9,cub200-resnet18-regression-mds-N4-search-s1,finished,search,cub200,mds,regression,4,1,resnet18,30.0,0.0017325801309198141,0.019578058272600174,0.037468355149030685,0.06886076182126999,0.12489451467990875,0.015412471257150173,0.010420220904052258,0.08747855573892593,0.16209262609481812,0.27444252371788025,0.4425385892391205,0.06392346322536469,131.9962473297119,132.4865673828125,1e-06
847ca9217ac773fb,cub200-resnet18-regression-mds-N4-search-s2,finished,search,cub200,mds,regression,4,2,resnet18,5.0,0.002094441093504429,0.025654008612036705,0.04421940818428993,0.07983122020959854,0.1346835494041443,0.016845930367708206,0.01128364447504282,0.08404074609279633,0.1638370156288147,0.27504244446754456,0.4278438091278076,0.06758908182382584,163.66973342895508,164.24168029785156,0.001
847ca9217ac773fb,cub200-resnet18-regression-mds-N4-search-s2,finished,search,cub200,mds,regression,4,2,resnet18,10.0,0.0020401449874043465,0.022447258234024048,0.04084388166666031,0.07443037629127502,0.1356962025165558,0.017052320763468742,0.01116238534450531,0.09083192050457001,0.1561969369649887,0.27334466576576233,0.4337860643863678,0.06773331016302109,148.91287689208986,149.47249732971193,0.0009046039886902862
847ca9217ac773fb,cub200-resnet18-regression-mds-N4-search-s2,finished,search,cub200,mds,regression,4,2,resnet18,15.0,0.0020351961720734835,0.022616034373641014,0.04219409450888634,0.075274258852005,0.13502109050750732,0.016982054337859154,0.011546776629984379,0.08913412690162659,0.1561969369649887,0.26570457220077515,0.4575551748275757,0.06834849715232849,141.94448806762696,142.48857704162597,0.0006548539886902863
847ca9217ac773fb,cub200-resnet18-regression-mds-N4-search-s2,finished,search,cub200,mds,regression,4,2,resnet18,20.0,0.0019582128152251244,0.023122362792491913,0.041856538504362106,0.07881856709718704,0.1378902941942215,0.01634077914059162,0.01055102702230215,0.08488964289426804,0.16044142842292786,0.2707979679107666,0.426146000623703,0.06490923464298248,137.8481015777588,138.38003166198732,0.0003461460113097138
847ca9217ac773fb,cub200-resnet18-regression-mds-N4-search-s2,finished,search,cub200,mds,regression,4,2,resnet18,25.0,0.001978994579985738,0.023459915071725845,0.04168776422739029,0.07544303685426712,0.13721519708633423,0.0165077093988657,0.010593151673674583,0.0738539919257164,0.16129031777381897,0.25891339778900146,0.4337860643863678,0.06473677605390549,136.66346336364745,137.16655731201172,9.63960113097138e-05
847ca9217ac773fb,cub200-resnet18-regression-mds-N4-search-s2,finished,search,cub200,mds,regression,4,2,resnet18,30.0,0.0019398450385779142,0.023797469213604927,0.040168777108192444,0.07156118005514145,0.1328269988298416,0.016296278685331345,0.010154605843126774,0.08064515888690948,0.14516128599643707,0.2623089849948883,0.4329371750354767,0.06329462677240372,135.77319862365724,136.26876213073731,1e-06
9951c4b11663c8ab,cub200-resnet18-regression-mds-N8-search-s0,finished,search,cub200,mds,regression,8,0,resnet18,5.0,0.002178252674639225,0.024810126051306725,0.04337552562355995,0.07932489365339279,0.1390717327594757,0.01783015951514244,0.013700053095817566,0.09121339023113251,0.17322175204753876,0.28619247674942017,0.4426778256893158,0.07432807981967926,262.18573440551756,262.76737686157225,0.001
9951c4b11663c8ab,cub200-resnet18-regression-mds-N8-search-s0,finished,search,cub200,mds,regression,8,0,resnet18,10.0,0.0021030763164162636,0.023797469213604927,0.041012659668922424,0.08016877621412277,0.14227847754955292,0.017561662942171097,0.013249725103378296,0.08619246631860733,0.1640167385339737,0.2761506140232086,0.45271965861320496,0.07333185523748398,238.73109375,239.28960174560547,0.0009046039886902862
9951c4b11663c8ab,cub200-resnet18-regression-mds-N8-search-s0,finished,search,cub200,mds,regression,8,0,resnet18,15.0,0.0021226785611361265,0.022109704092144966,0.041856538504362106,0.0762869194149971,0.13434599339962006,0.017411943525075912,0.012711472809314728,0.0928870290517807,0.15732216835021973,0.26778241991996765,0.4485355615615845,0.07059329003095627,232.12103454589842,232.68027603149415,0.0006548539886902863
9951c4b11663c8ab,cub200-resnet18-regression-mds-N8-search-s0,finished,search,cub200,mds,regression,8,0,resnet18,20.0,0.0020363826770335436,0.022278480231761932,0.04354430362582207,0.07611814141273499,0.1356962025165558,0.016975361853837967,0.011362618766725063,0.08200836926698685,0.15732216835021973,0.2744769752025604,0.45020920038223267,0.06633701175451279,225.5689045715332,226.10856994628907,0.0003461460113097138
9951c4b11663c8ab,cub200-resnet18-regression-mds-N8-search-s0,finished,search,cub200,mds,regression,8,0,resnet18,25.0,0.002045764122158289,0.022278480231761932,0.042362868785858154,0.07645569741725922,0.13316455483436584,0.017246736213564873,0.012024999596178532,0.08702928572893143,0.16903765499591827,0.27029287815093994,0.4460251033306122,0.06897718459367752,223.81998291015626,224.3436134338379,9.63960113097138e-05
9951c4b11663c8ab,cub200-resnet18-regression-mds-N8-search-s0,finished,search,cub200,mds,regression,8,0,resnet18,30.0,0.002012742217630148,0.020759493112564087,0.037974681705236435,0.07409282773733139,0.1390717327594757,0.017174862325191498,0.011597529985010624,0.08451882749795914,0.1589958220720291,0.27196651697158813,0.4468619227409363,0.06754884868860245,219.4256492614746,219.93175338745118,1e-06
5192793110db66d6,cub200-resnet18-regression-mds-N8-search-s1,finished,search,cub200,mds,regression,8,1,resnet18,5.0,0.002022659173235297,0.020421940833330154,0.03915611654520035,0.07578059285879135,0.13350211083889008,0.017195088788866997,0.013418174348771572,0.09348198771476746,0.15008576214313507,0.2907375693321228,0.45883360505104065,0.07120555639266968,247.78203353881835,248.3588717651367,0.001
5192793110db66d6,cub200-resnet18-regression-mds-N8-search-s1,finished,search,cub200,mds,regression,8,1,resnet18,10.0,0.0020508950110524893,0.019578058272600174,0.041012659668922424,0.07122363150119781,0.13502109050750732,0.017352811992168427,0.013107323087751865,0.10720411688089371,0.17066895961761475,0.2924528419971466,0.46226415038108826,0.07250405848026276,227.30904266357422,227.87457260131836,0.0009046039886902862
5192793110db66d6,cub200-resnet18-regression-mds-N8-search-s1,finished,search,cub200,mds,regression,8,1,resnet18,15.0,0.001948077348060906,0.021603375673294067,0.04118143394589424,0.07189873605966568,0.12978902459144592,0.016585972160100937,0.012421325780451298,0.09691251814365387,0.16466552019119263,0.2933104634284973,0.4476843774318695,0.06961734592914581,227.25721420288085,227.80540069580078,0.0006548539886902863
5192793110db66d6,cub200-resnet18-regression-mds-N8-search-s1,finished,search,cub200,mds,regression,8,1,resnet18,20.0,0.0019288903567939997,0.019915612414479256,0.03983122482895851,0.07172995805740356,0.13130801916122437,0.016380999237298965,0.012247215025126934,0.1037735864520073,0.17924527823925018,0.30531731247901917,0.46397942304611206,0.06893397122621536,223.50654739379883,224.02847122192384,0.0003461460113097138
5192793110db66d6,cub200-resnet18-regression-mds-N8-search-s1,finished,search,cub200,mds,regression,8,1,resnet18,25.0,0.0019411968532949686,0.018734177574515343,0.03983122482895851,0.07172995805740356,0.13046413660049438,0.016690267249941826,0.012322050519287586,0.1046312153339386,0.17924527823925018,0.27873069047927856,0.48284733295440674,0.06853079795837402,222.03682037353516,222.5494091796875,9.63960113097138e-05
5192793110db66d6,cub200-resnet18-regression-mds-N8-search-s1,finished,search,cub200,mds,regression,8,1,resnet18,30.0,0.0019127641571685672,0.01890295371413231,0.038312237709760666,0.07274261862039566,0.13046413660049438,0.016493743285536766,0.01212081778794527,0.10720411688089371,0.17924527823925018,0.2950257360935211,0.4682675898075104,0.06836992502212524,214.79610656738282,215.3021627807617,1e-06
8cccb4cf446fa836,cub200-resnet18-regression-mds-N8-search-s2,finished,search,cub200,mds,regression,8,2,resnet18,5.0,0.0020954967476427555,0.022953586652874947,0.04135021194815636,0.07510548830032349,0.13502109050750732,0.01707017421722412,0.011177009902894497,0.08064515888690948,0.1553480476140976,0.2886247932910919,0.4346349835395813,0.06720080971717834,243.8935076904297,244.4667483520508,0.001
8cccb4cf446fa836,cub200-resnet18-regression-mds-N8-search-s2,finished,search,cub200,mds,regression,8,2,resnet18,10.0,0.002120744436979294,0.023966245353221893,0.044894516468048096,0.07864978909492493,0.14059071242809296,0.01749945431947708,0.01163728628307581,0.0899830237030983,0.16044142842292786,0.27589133381843567,0.43718165159225464,0.06964371353387833,232.3626043701172,232.92836196899415,0.0009046039886902862
8cccb4cf446fa836,cub200-resnet18-regression-mds-N8-search-s2,finished,search,cub200,mds,regression,8,2,resnet18,15.0,0.002093789866194129,0.024810126051306725,0.04354430362582207,0.07932489365339279,0.1378902941942215,0.017069412395358086,0.011573497205972672,0.09168081730604172,0.1646859049797058,0.2767402231693268,0.4524618089199066,0.06830983608961105,231.49983657836913,232.05248748779297,0.0006548539886902863
8cccb4cf446fa836,cub200-resnet18-regression-mds-N8-search-s2,finished,search,cub200,mds,regression,8,2,resnet18,20.0,0.0020210302900522947,0.023122362792491913,0.04607594758272171,0.08067510277032852,0.14278480410575867,0.01658073253929615,0.01087880227714777,0.08319184929132462,0.14176569879055023,0.2623089849948883,0.43123939633369446,0.06659185141324997,222.93570205688476,223.47031509399415,0.0003461460113097138
8cccb4cf446fa836,cub200-resnet18-regression-mds-N8-search-s2,finished,search,cub200,mds,regression,8,2,resnet18,25.0,0.002019354375079274,0.024472573772072792,0.044894516468048096,0.07679324597120285,0.13755273818969727,0.016958987340331078,0.010844473727047443,0.07640068233013153,0.1485568732023239,0.2614600956439972,0.43718165159225464,0.06572143733501434,220.71681045532227,221.2292401123047,9.63960113097138e-05
8cccb4cf446fa836,cub200-resnet18-regression-mds-N8-search-s2,finished,search,cub200,mds,regression,8,2,resnet18,30.0,0.00204631220549345,0.02497890219092369,0.043881855905056,0.07864978909492493,0.1378902941942215,0.01698250137269497,0.010891771875321865,0.07809846848249435,0.1561969369649887,0.2767402231693268,0.42954158782958984,0.06559587270021439,221.24164962768555,221.74859893798828,1e-06
48655ad903ac9b12,cars196-resnet18-regression-mds-N2-search-s0,finished,search,cars196,mds,regression,2,0,resnet18,5.0,0.00245073763653636,0.03209937363862991,0.054359856992959976,0.09297749400138855,0.16025088727474213,0.019249314442276955,0.012554241344332695,0.09660107642412186,0.1717352420091629,0.2993440628051758,0.4752534329891205,0.07439029961824417,0.0,0.19470547243952752,0.001
48655ad903ac9b12,cars196-resnet18-regression-mds-N2-search-s0,finished,search,cars196,mds,regression,2,0,resnet18,10.0,0.0038450330030173063,0.045258887112140656,0.07403763383626938,0.1218792274594307,0.19136637449264526,0.02414502203464508,0.015768034383654594,0.11270125210285187,0.21765056252479553,0.3506261110305786,0.5181872248649597,0.0818299800157547,0.0,0.18773677170276643,0.0009046039886902862
48655ad903ac9b12,cars196-resnet18-regression-mds-N2-search-s0,finished,search,cars196,mds,regression,2,0,resnet18,15.0,0.005251496564596891,0.0544828437268734,0.09137867391109467,0.1461074948310852,0.2292460948228836,0.028442203998565674,0.019394297152757645,0.1556350588798523,0.24746571481227875,0.370900422334671,0.5468097925186157,0.08894343674182892,0.0,0.1830512799322605,0.0006548539886902863
48655ad903ac9b12,cars196-resnet18-regression-mds-N2-search-s0,finished,search,cars196,mds,regression,2,0,resnet18,20.0,0.0065404875203967094,0.06887222081422806,0.11105644702911377,0.16873693466186523,0.2577788829803467,0.03338485583662987,0.0261220782995224,0.1932021528482437,0.28145498037338257,0.40787118673324585,0.5736433863639832,0.10074413567781448,0.0,0.18382283985614778,0.0003461460113097138
48655ad903ac9b12,cars196-resnet18-regression-mds-N2-search-s0,finished,search,cars196,mds,regression,2,0,resnet18,25.0,0.007252954877912998,0.07071700692176819,0.11117943376302719,0.17599311470985413,0.2702004611492157,0.036282386630773544,0.030962444841861725,0.1824686974287033,0.28264757990837097,0.42456766963005066,0.585569441318512,0.10909746587276459,0.0,0.1854417897760868,9.63960113097138e-05
48655ad903ac9b12,cars196-resnet18-regression-mds-N2-search-s0,finished,search,cars196,mds,regression,2,0,resnet18,30.0,0.007251508999615908,0.06924117356538773,0.11474603414535522,0.17968270182609558,0.27905547618865967,0.03646096959710121,0.0309872068464756,0.1884317249059677,0.28443649411201477,0.43351221084594727,0.5963029265403748,0.10973764955997467,0.0,0.18501843705773355,1e-06
2a03fbeaf9f7c3b8,cub200-resnet18-regression-mds-N16-search-s0,finished,search,cub200,mds,regression,16,0,resnet18,5.0,0.002151025692000985,0.027848102152347565,0.044050633907318115,0.07780590653419495,0.13687764108181,0.01735040917992592,0.012973180040717125,0.08870293200016022,0.1589958220720291,0.2803347408771515,0.444351464509964,0.07185381650924683,351.4790307617188,352.02894317626954,0.001
2a03fbeaf9f7c3b8,cub200-resnet18-regression-mds-N16-search-s0,finished,search,cub200,mds,regression,16,0,resnet18,10.0,0.0020755771547555923,0.02632911317050457,0.04523206874728203,0.08033755421638489,0.14345991611480713,0.017133548855781555,0.0125277079641819,0.09958159178495407,0.17656904458999634,0.27280333638191223,0.4627614915370941,0.07121630012989044,338.1645346069336,338.7260491943359,0.0009046039886902862
2a03fbeaf9f7c3b8,cub200-resnet18-regression-mds-N16-search-s0,finished,search,cub200,mds,regression,16,0,resnet18,15.0,0.0019961802754551172,0.02278481051325798,0.04084388166666031,0.07324894517660141,0.13805906474590302,0.01702609471976757,0.012941312976181507,0.08702928572893143,0.15313807129859924,0.28870293498039246,0.4652719795703888,0.07191584259271622,324.8165216064453,325.36067840576175,0.0006548539886902863
2a03fbeaf9f7c3b8,cub200-resnet18-regression-mds-N16-search-s0,finished,search,cub200,mds,regression,16,0,resnet18,20.0,0.00201923749409616,0.02329113893210888,0.04135021194815636,0.07443037629127502,0.13654008507728577,0.01700979471206665,0.012558896094560623,0.08200836926698685,0.16736401617527008,0.302092045545578,0.4686192572116852,0.07045956701040268,320.8771388244629,321.4017057800293,0.0003461460113097138
2a03fbeaf9f7c3b8,cub200-resnet18-regression-mds-N16-search-s0,finished,search,cub200,mds,regression,16,0,resnet18,25.0,0.001987969037145376,0.023797469213604927,0.040168777108192444,0.07746835798025131,0.13873417675495148,0.016832085326313972,0.012423120439052582,0.08535564690828323,0.15815900266170502,0.2786611020565033,0.45020920038223267,0.07056999951601028,320.4172094726562,320.9330465698242,9.63960113097138e-05
2a03fbeaf9f7c3b8,cub200-resnet18-regression-mds-N16-search-s0,finished,search,cub200,mds,regression,16,0,resnet18,30.0,0.0018977593863382936,0.02329113893210888,0.03983122482895851,0.07189873605966568,0.12793248891830444,0.016282014548778534,0.011346481740474701,0.07782426476478577,0.14979079365730286,0.27112969756126404,0.4485355615615845,0.0679476261138916,315.9495474243164,316.4476663208008,1e-06
d56a2c90b2935ea3,cub200-resnet18-regression-mds-N16-search-s1,finished,search,cub200,mds,regression,16,1,resnet18,5.0,0.0020915560889989138,0.021940927952528,0.04067510366439819,0.07713080197572708,0.13316455483436584,0.017197219654917717,0.014386983588337898,0.10806175321340561,0.1843910813331604,0.29759863018989563,0.46140652894973755,0.07407330721616745,363.45175506591795,364.01430755615235,0.001
d56a2c90b2935ea3,cub200-resnet18-regression-mds-N16-search-s1,finished,search,cub200,mds,regression,16,1,resnet18,10.0,0.0019849208183586597,0.0214345995336771,0.0376371294260025,0.07156118005514145,0.13451476395130157,0.016756080090999603,0.013068657368421555,0.10205832123756409,0.17324185371398926,0.2915951907634735,0.4691252112388611,0.07091095298528671,332.8911184692383,333.4598150634766,0.0009046039886902862
d56a2c90b2935ea3,cub200-resnet18-regression-mds-N16-search-s1,finished,search,cub200,mds,regression,16,1,resnet18,15.0,0.002044401131570339,0.022447258234024048,0.04337552562355995,0.07274261862039566,0.13333334028720856,0.01686057262122631,0.013368400745093822,0.11320754885673523,0.17066895961761475,0.28130361437797546,0.45711836218833923,0.07283817231655121,324.24763244628906,324.78410675048826,0.0006548539886902863
d56a2c90b2935ea3,cub200-resnet18-regression-mds-N16-search-s1,finished,search,cub200,mds,regression,16,1,resnet18,20.0,0.0020315011497586966,0.02109704725444317,0.040168777108192444,0.07459915429353714,0.13350211083889008,0.01702701672911644,0.013256960548460484,0.11234991252422333,0.186106339097023,0.2881646752357483,0.4699828326702118,0.07184185087680817,322.40168060302733,322.89380126953125,0.0003461460113097138
d56a2c90b2935ea3,cub200-resnet18-regression-mds-N16-search-s1,finished,search,cub200,mds,regression,16,1,resnet18,25.0,0.0018798118690028787,0.02059071697294712,0.03645569458603859,0.06936708837747574,0.1284388154745102,0.016002388671040535,0.01205853745341301,0.10120068490505219,0.1835334450006485,0.30274441838264465,0.46226415038108826,0.06777825206518173,320.19770568847656,320.6952194213867,9.63960113097138e-05
d56a2c90b2935ea3,cub200-resnet18-regression-mds-N16-search-s1,finished,search,cub200,mds,regression,16,1,resnet18,30.0,0.0018626347882673144,0.01890295371413231,0.03696202486753464,0.0710548534989357,0.12928269803524017,0.016064278781414032,0.012174161151051521,0.10720411688089371,0.1835334450006485,0.2950257360935211,0.4665523171424866,0.06850466877222061,314.982673034668,315.48074981689456,1e-06
c74b286f9b06a0a8,cars196-resnet18-regression-mds-N2-search-s1,finished,search,cars196,mds,regression,2,1,resnet18,5.0,0.002466378966346383,0.03173041343688965,0.0573115237057209,0.09580617398023605,0.15938998758792877,0.019600732252001762,0.007990756072103977,0.07968369871377945,0.15267640352249146,0.2749391794204712,0.4270072877407074,0.0578044168651104,0.0,0.18908899992704392,0.001
c74b286f9b06a0a8,cars196-resnet18-regression-mds-N2-search-s1,finished,search,cars196,mds,regression,2,1,resnet18,10.0,0.003862151177600026,0.05128520354628563,0.08289263397455215,0.12729062139987946,0.2012052685022354,0.023752527311444283,0.010278119705617428,0.09671533107757568,0.16301703453063965,0.2761557102203369,0.4489051103591919,0.06500839442014694,0.0,0.1784586216509342,0.0009046039886902862
c74b286f9b06a0a8,cars196-resnet18-regression-mds-N2-search-s1,finished,search,cars196,mds,regression,2,1,resnet18,15.0,0.0047438922338187695,0.05595867708325386,0.08682818710803986,0.13688352704048157,0.21079817414283752,0.026119843125343323,0.010938416235148907,0.09975668787956238,0.17518247663974762,0.2998783588409424,0.4592457413673401,0.06632747501134872,0.0,0.17719672068953515,0.0006548539886902863
c74b286f9b06a0a8,cars196-resnet18-regression-mds-N2-search-s1,finished,search,cars196,mds,regression,2,1,resnet18,20.0,0.005441948771476746,0.060140203684568405,0.09543721377849579,0.14992006123065948,0.23096789419651031,0.028440434485673904,0.012081031687557697,0.11070559918880463,0.18248175084590912,0.29014599323272705,0.4476885497570038,0.06800265610218048,0.0,0.17772450536489487,0.0003461460113097138
c74b286f9b06a0a8,cars196-resnet18-regression-mds-N2-search-s1,finished,search,cars196,mds,regression,2,1,resnet18,25.0,0.0062091778963804245,0.06604353338479996,0.10195548087358475,0.16000491380691528,0.2347804754972458,0.030501913279294968,0.013289254158735275,0.11922141164541245,0.18734793365001678,0.3083941638469696,0.4677615463733673,0.0713316798210144,0.0,0.1766871501505375,9.63960113097138e-05
c74b286f9b06a0a8,cars196-resnet18-regression-mds-N2-search-s1,finished,search,cars196,mds,regression,2,1,resnet18,30.0,0.006314111407846212,0.06616652011871338,0.10380026698112488,0.16369450092315674,0.2388390153646469,0.031042512506246567,0.013312123715877533,0.11678832024335861,0.18795619904994965,0.3114355206489563,0.4793187379837036,0.07244207710027695,0.0,0.1761512191593647,1e-06
7c11f857131f5958,cub200-resnet18-regression-mds-N16-search-s2,finished,search,cub200,mds,regression,16,2,resnet18,5.0,0.0020176111720502377,0.02362869121134281,0.04067510366439819,0.07662447541952133,0.1336708813905716,0.016781549900770187,0.010716087184846401,0.07809846848249435,0.15195246040821075,0.269100159406662,0.4244482219219208,0.06506117433309555,361.68391052246096,362.2492129516602,0.001
7c11f857131f5958,cub200-resnet18-regression-mds-N16-search-s2,finished,search,cub200,mds,regression,16,2,resnet18,10.0,0.0020506044384092093,0.023122362792491913,0.04033755138516426,0.07257384061813354,0.13316455483436584,0.01687430590391159,0.010875208303332329,0.0899830237030983,0.15704584121704102,0.27504244446754456,0.4431239366531372,0.0642365962266922,333.0270111083984,333.58234741210936,0.0009046039886902862
7c11f857131f5958,cub200-resnet18-regression-mds-N16-search-s2,finished,search,cub200,mds,regression,16,2,resnet18,15.0,0.002005727495998144,0.02362869121134281,0.03898734226822853,0.07358650118112564,0.13518987596035004,0.016639871522784233,0.010577643290162086,0.08913412690162659,0.1561969369649887,0.2623089849948883,0.4252971112728119,0.06450316309928894,331.3537307739258,331.8886450195312,0.0006548539886902863
7c11f857131f5958,cub200-resnet18-regression-mds-N16-search-s2,finished,search,cub200,mds,regression,16,2,resnet18,20.0,0.0019379372242838144,0.02362869121134281,0.04506329074501991,0.07611814141273499,0.1316455751657486,0.015674298629164696,0.00976475328207016,0.07555178552865982,0.13752122223377228,0.24363327026367188,0.4091680943965912,0.06164170429110527,328.2797750854492,328.8079388427734,0.0003461460113097138
7c11f857131f5958,cub200-resnet18-regression-mds-N16-search-s2,finished,search,cub200,mds,regression,16,2,resnet18,25.0,0.0018475931137800217,0.021772151812911034,0.042362868785858154,0.07510548830032349,0.1358649730682373,0.015621930360794067,0.01002043392509222,0.08488964289426804,0.13752122223377228,0.24957555532455444,0.4329371750354767,0.06306895613670349,325.5678552246094,326.07695343017576,9.63960113097138e-05
7c11f857131f5958,cub200-resnet18-regression-mds-N16-search-s2,finished,search,cub200,mds,regression,16,2,resnet18,30.0,0.0019091218709945679,0.022616034373641014,0.043206751346588135,0.07594936341047287,0.13232067227363586,0.01609349250793457,0.010274078696966171,0.07640068233013153,0.14261460304260254,0.2623089849948883,0.4278438091278076,0.06464012712240219,318.2558660888672,318.76203536987305,1e-06
59a6369de53099b4,cub200-resnet18-regression-mds-N17-search-s0,finished,search,cub200,mds,regression,17,0,resnet18,5.0,0.002055827062577009,0.020421940833330154,0.04033755138516426,0.07662447541952133,0.13738396763801575,0.01715233363211155,0.012437202967703342,0.08870293200016022,0.14979079365730286,0.253556489944458,0.4426778256893158,0.07009206712245941,368.60438415527346,369.1672052001953,0.001
59a6369de53099b4,cub200-resnet18-regression-mds-N17-search-s0,finished,search,cub200,mds,regression,17,0,resnet18,10.0,0.0020323481876403093,0.0214345995336771,0.04084388166666031,0.075274258852005,0.13451476395130157,0.01714186742901802,0.012652566656470299,0.09121339023113251,0.15564852952957153,0.27280333638191223,0.4451882839202881,0.07013002038002014,351.0903482055664,351.6415512084961,0.0009046039886902862
59a6369de53099b4,cub200-resnet18-regression-mds-N17-search-s0,finished,search,cub200,mds,regression,17,0,resnet18,15.0,0.002035250188782811,0.023966245353221893,0.043206751346588135,0.07645569741725922,0.13637131452560425,0.016763979569077492,0.012162528932094574,0.08368200808763504,0.1631799191236496,0.284518837928772,0.45188283920288086,0.06987827271223068,334.78898986816404,335.3219155883789,0.0006548539886902863
59a6369de53099b4,cub200-resnet18-regression-mds-N17-search-s0,finished,search,cub200,mds,regression,17,0,resnet18,20.0,0.001958021894097328,0.022278480231761932,0.04354430362582207,0.07476793229579926,0.13687764108181,0.016360273584723473,0.011595902033150196,0.08619246631860733,0.1615062803030014,0.26778241991996765,0.4426778256893158,0.06857052445411682,334.4725994873047,334.99580474853514,0.0003461460113097138
59a6369de53099b4,cub200-resnet18-regression-mds-N17-search-s0,finished,search,cub200,mds,regression,17,0,resnet18,25.0,0.001949043944478035,0.024472573772072792,0.042362868785858154,0.07459915429353714,0.13721519708633423,0.016551146283745766,0.011305130086839199,0.08535564690828323,0.14560669660568237,0.2753137946128845,0.45020920038223267,0.0670386552810669,332.43310302734375,332.9435003662109,9.63960113097138e-05
59a6369de53099b4,cub200-resnet18-regression-mds-N17-search-s0,finished,search,cub200,mds,regression,17,0,resnet18,30.0,0.0019331000512465835,0.022953586652874947,0.043881855905056,0.07696202397346497,0.14126582443714142,0.016197511926293373,0.010952980257570744,0.07949791103601456,0.14393305778503418,0.2569037675857544,0.4368200898170471,0.06640075147151947,324.4203634643555,324.9204098510742,1e-06
7696e7dd1597ae13,cub200-resnet18-regression-mds-N17-search-s1,finished,search,cub200,mds,regression,17,1,resnet18,5.0,0.002123804995790124,0.022278480231761932,0.040506329387426376,0.07291138917207718,0.13299578428268433,0.01717374287545681,0.013985482044517994,0.11063464730978012,0.17409949004650116,0.2855917811393738,0.4528301954269409,0.07357301563024521,360.7752478027344,361.3313555908203,0.001
7696e7dd1597ae13,cub200-resnet18-regression-mds-N17-search-s1,finished,search,cub200,mds,regression,17,1,resnet18,10.0,0.001978927757591009,0.020759493112564087,0.03679325059056282,0.07240506261587143,0.13046413660049438,0.01689099706709385,0.013578358106315136,0.10891938209533691,0.17409949004650116,0.2907375693321228,0.476843923330307,0.07196859270334244,340.12341796875,340.6658432006836,0.0009046039886902862
7696e7dd1597ae13,cub200-resnet18-regression-mds-N17-search-s1,finished,search,cub200,mds,regression,17,1,resnet18,15.0,0.0020041316747665405,0.022616034373641014,0.04118143394589424,0.07291138917207718,0.13046413660049438,0.016531964763998985,0.013596632517874241,0.11835334450006485,0.19210977852344513,0.2950257360935211,0.4751286506652832,0.07275336980819702,340.58891204833986,341.1305773925781,0.0006548539886902863
7696e7dd1597ae13,cub200-resnet18-regression-mds-N17-search-s1,finished,search,cub200,mds,regression,17,1,resnet18,20.0,0.002057744190096855,0.023966245353221893,0.043206751346588135,0.07561181485652924,0.138902947306633,0.01674717105925083,0.012917076237499714,0.11320754885673523,0.19554030895233154,0.3181818127632141,0.46397942304611206,0.07019076496362686,330.3392007446289,330.863974609375,0.0003461460113097138
7696e7dd1597ae13,cub200-resnet18-regression-mds-N17-search-s1,finished,search,cub200,mds,regression,17,1,resnet18,25.0,0.002007758943364024,0.02464134991168976,0.043881855905056,0.07510548830032349,0.12810125946998596,0.016375266015529633,0.013235360383987427,0.12349914014339447,0.17838765680789948,0.2898799180984497,0.4545454680919647,0.07084464281797409,328.5062017822266,329.01416961669923,9.63960113097138e-05
7696e7dd1597ae13,cub200-resnet18-regression-mds-N17-search-s1,finished,search,cub200,mds,regression,17,1,resnet18,30.0,0.0019483575597405434,0.024303797632455826,0.04202531650662422,0.07240506261587143,0.12708860635757446,0.01613936759531498,0.012505438178777695,0.11663807928562164,0.17924527823925018,0.289022296667099,0.4545454680919647,0.068985715508461,327.2393048095703,327.7435140991211,1e-06
1d1d7e5fb3a7a962,cub200-resnet18-regression-mds-N17-search-s2,finished,search,cub200,mds,regression,17,2,resnet18,5.0,0.0021488715428858995,0.026160337030887604,0.04337552562355995,0.07780590653419495,0.1378902941942215,0.017470551654696465,0.010469112545251846,0.07300509512424469,0.13667233288288116,0.2538200318813324,0.4202037453651428,0.06542789191007614,362.3773559570312,362.9355352783203,0.001
1d1d7e5fb3a7a962,cub200-resnet18-regression-mds-N17-search-s2,finished,search,cub200,mds,regression,17,2,resnet18,10.0,0.002087236847728491,0.021772151812911034,0.03983122482895851,0.07510548830032349,0.13822785019874573,0.017302805557847023,0.010712137445807457,0.08064515888690948,0.1485568732023239,0.25976231694221497,0.43039050698280334,0.06580305844545364,344.9851263427734,345.5411169433594,0.0009046039886902862
1d1d7e5fb3a7a962,cub200-resnet18-regression-mds-N17-search-s2,finished,search,cub200,mds,regression,17,2,resnet18,15.0,0.002018147613853216,0.023966245353221893,0.04084388166666031,0.07122363150119781,0.12827004492282867,0.016841288655996323,0.010728862136602402,0.07470288872718811,0.14091680943965912,0.2538200318813324,0.4329371750354767,0.06599526852369308,339.33543090820314,339.8788082885742,0.0006548539886902863
1d1d7e5fb3a7a962,cub200-resnet18-regression-mds-N17-search-s2,finished,search,cub200,mds,regression,17,2,resnet18,20.0,0.0019848227966576815,0.023122362792491913,0.04219409450888634,0.07594936341047287,0.13080169260501862,0.01638803631067276,0.010731372982263565,0.07555178552865982,0.14601019024848938,0.2546689212322235,0.4244482219219208,0.0671832337975502,332.38692260742187,332.9127951049805,0.0003461460113097138
1d1d7e5fb3a7a962,cub200-resnet18-regression-mds-N17-search-s2,finished,search,cub200,mds,regression,17,2,resnet18,25.0,0.0019682752899825573,0.022447258234024048,0.04033755138516426,0.07358650118112564,0.13620252907276154,0.01658441871404648,0.010548721998929977,0.07809846848249435,0.14261460304260254,0.24787776172161102,0.4202037453651428,0.0663415715098381,337.9082684326172,338.4304705810547,9.63960113097138e-05
1d1d7e5fb3a7a962,cub200-resnet18-regression-mds-N17-search-s2,finished,search,cub200,mds,regression,17,2,resnet18,30.0,0.0019228766905143857,0.02329113893210888,0.04067510366439819,0.07594936341047287,0.13350211083889008,0.01618141308426857,0.009941492229700089,0.07130730152130127,0.14431239664554596,0.25042444467544556,0.426146000623703,0.06382371485233307,333.9247430419922,334.4345712280273,1e-06
03e3dc25c7f3a664,cub200-resnet18-regression-mds-N2-final-s0,finished,final,cub200,mds,regression,2,0,resnet18,5.0,0.0026405835524201393,0.03071730025112629,0.04995780438184738,0.09080168604850769,0.16118143498897552,0.020052367821335793,0.017080452293157578,0.10460250824689865,0.1882845163345337,0.3179916441440582,0.5104602575302124,0.08679302036762238,0.0,0.1792083962261677,0.001
03e3dc25c7f3a664,cub200-resnet18-regression-mds-N2-final-s0,finished,final,cub200,mds,regression,2,0,resnet18,10.0,0.0070870667695999146,0.05097046494483948,0.08978903293609619,0.14801688492298126,0.24911391735076904,0.03571063280105591,0.029688728973269463,0.14393305778503418,0.2569037675857544,0.421757310628891,0.6133891344070435,0.11771005392074585,0.0,0.17392648681998252,0.000995347630045147
03e3dc25c7f3a664,cub200-resnet18-regression-mds-N2-final-s0,finished,final,cub200,mds,regression,2,0,resnet18,15.0,0.015055989846587181,0.08624472469091415,0.1441350281238556,0.23054851591587067,0.351054847240448,0.05716545879840851,0.06753727793693542,0.284518837928772,0.4175732135772705,0.5849372148513794,0.7297071218490601,0.18635033071041107,0.0,0.1828692851960659,0.0009814771850302259
03e3dc25c7f3a664,cub200-resnet18-regression-mds-N2-final-s0,finished,final,cub200,mds,regression,2,0,resnet18,20.0,0.021270697936415672,0.10953586548566818,0.17637130618095398,0.2621096968650818,0.38413500785827637,0.06813271343708038,0.09651374071836472,0.3196652829647064,0.4870292842388153,0.6635982990264893,0.7966527342796326,0.22667570412158966,0.0,0.18941132456064225,0.0009586470451019739
03e3dc25c7f3a664,cub200-resnet18-regression-mds-N2-final-s0,finished,final,cub200,mds,regression,2,0,resnet18,25.0,0.025870930403470993,0.12219409644603729,0.18886075913906097,0.2808438837528229,0.40793249011039734,0.07517267763614655,0.11706410348415375,0.40334728360176086,0.550627589225769,0.7004184126853943,0.8209205269813538,0.25153613090515137,0.0,0.19170135259628296,0.0009272824925709711
03e3dc25c7f3a664,cub200-resnet18-regression-mds-N2-final-s0,finished,final,cub200,mds,regression,2,0,resnet18,30.0,0.026976782828569412,0.13434599339962006,0.2048945128917694,0.3032911419868469,0.4264978766441345,0.07861539721488953,0.12759514153003693,0.4234309494495392,0.5790795087814331,0.73221755027771,0.8410041928291321,0.26215794682502747,0.0,0.1948307117819786,0.0008879677897068578
03e3dc25c7f3a664,cub200-resnet18-regression-mds-N2-final-s0,finished,final,cub200,mds,regression,2,0,resnet18,35.0,0.028252985328435898,0.13957805931568146,0.21468354761600494,0.3144303858280182,0.43915611505508423,0.08113572746515274,0.13197821378707886,0.4125522971153259,0.5832635760307312,0.7213389277458191,0.8443514704704285,0.26838916540145874,0.0,0.19537618190050124,0.0008414352950377178
03e3dc25c7f3a664,cub200-resnet18-regression-mds-N2-final-s0,finished,final,cub200,mds,regression,2,0,resnet18,40.0,0.0289438646286726,0.13974682986736298,0.20860759913921356,0.3039662539958954,0.4261603355407715,0.08068279176950455,0.1298956573009491,0.4426778256893158,0.5715481042861938,0.7263598442077637,0.8451882600784302,0.26798585057258606,0.0,0.19456340119242668,0.0007885518208963762
03e3dc25c7f3a664,cub200-resnet18-regression-mds-N2-final-s0,finished,final,cub200,mds,regression,2,0,resnet18,45.0,0.029016751796007156,0.138902947306633,0.2151898741722107,0.3071729838848114,0.43628692626953125,0.0811876580119133,0.11931569874286652,0.4435146450996399,0.5882844924926758,0.7263598442077637,0.8485355377197266,0.2516995370388031,0.0,0.19440735146403312,0.0007303024863467105
03e3dc25c7f3a664,cub200-resnet18-regression-mds-N2-final-s0,finished,final,cub200,mds,regression,2,0,resnet18,50.0,0.030160626396536827,0.13924050331115723,0.2153586447238922,0.3083544373512268,0.43324893712997437,0.08162784576416016,0.1286492794752121,0.435983270406723,0.5941422581672668,0.7355648279190063,0.8502091765403748,0.260417103767395,0.0,0.19019227907061576,0.0006677723662794075
03e3dc25c7f3a664,cub200-resnet18-regression-mds-N2-final-s0,finished,final,cub200,mds,regression,2,0,resnet18,55.0,0.0289719570428133,0.13957805931568146,0.20776371657848358,0.3000843822956085,0.42464134097099304,0.0782276839017868,0.12276393175125122,0.43012553453445435,0.5907949805259705,0.7263598442077637,0.8326359987258911,0.253360390663147,0.0,0.1876606312394142,0.0006021262785197906
03e3dc25c7f3a664,cub200-resnet18-regression-mds-N2-final-s0,finished,final,cub200,mds,regression,2,0,resnet18,60.0,0.029329540207982063,0.1400843858718872,0.21198312938213348,0.30886074900627136,0.43105486035346985,0.07895945012569427,0.11904025822877884,0.4184100329875946,0.5824267864227295,0.7188284397125244,0.822594165802002,0.24725954234600067,0.0,0.18219244435429574,0.0005345870854756532
03e3dc25c7f3a664,cub200-resnet18-regression-mds-N2-final-s0,finished,final,cub200,mds,regression,2,0,resnet18,65.0,0.0287834070622921,0.13350211083889008,0.2069198340177536,0.2985653877258301,0.4210970401763916,0.07763088494539261,0.1256473958492279,0.41338911652565,0.5581589937210083,0.7087866067886353,0.8200836777687073,0.2562180757522583,0.0,0.17217843979597092,0.0004664129145243469
03e3dc25c7f3a664,cub200-resnet18-regression-mds-N2-final-s0,finished,final,cub200,mds,regression,2,0,resnet18,70.0,0.02825697511434555,0.13029536604881287,0.20000000298023224,0.29518988728523254,0.41535866260528564,0.07651800662279129,0.12421005219221115,0.41087865829467773,0.5715481042861938,0.7255229949951172,0.8410041928291321,0.25464197993278503,0.0,0.161894778162241,0.0003988737214802095
03e3dc25c7f3a664,cub200-resnet18-regression-mds-N2-final-s0,finished,final,cub200,mds,regression,2,0,resnet18,75.0,0.02789117582142353,0.13333334028720856,0.2047257423400879,0.2913080155849457,0.40506330132484436,0.07595855742692947,0.12519092857837677,0.4234309494495392,0.5723849534988403,0.7196652889251709,0.8209205269813538,0.2558785378932953,0.0,0.14958536610007286,0.0003332276337205924
03e3dc25c7f3a664,cub200-resnet18-regression-mds-N2-final-s0,finished,final,cub200,mds,regression,2,0,resnet18,80.0,0.02692859061062336,0.1274261623620987,0.1994936764240265,0.29620254039764404,0.4104641377925873,0.07395025342702866,0.12277305871248245,0.4200836718082428,0.5656903982162476,0.715481162071228,0.8158996105194092,0.2521302103996277,0.0,0.13786532543599606,0.00027069751365328947
03e3dc25c7f3a664,cub200-resnet18-regression-mds-N2-final-s0,finished,final,cub200,mds,regression,2,0,resnet18,85.0,0.02683059126138687,0.1275949329137802,0.19358649849891663,0.28371307253837585,0.40894514322280884,0.07378076761960983,0.12150687724351883,0.40920501947402954,0.5715481042861938,0.7121338844299316,0.812552273273468,0.24969765543937683,0.0,0.12854234203696252,0.0002124481791036239
03e3dc25c7f3a664,cub200-resnet18-regression-mds-N2-final-s0,finished,final,cub200,mds,regression,2,0,resnet18,90.0,0.02675757370889187,0.12303797155618668,0.19071729481220245,0.28455695509910583,0.401350200176239,0.07329621911048889,0.12177837640047073,0.4000000059604645,0.5640167593955994,0.7146443724632263,0.8209205269813538,0.25089091062545776,0.0,0.11707162596285343,0.00015956470496228238
03e3dc25c7f3a664,cub200-resnet18-regression-mds-N2-final-s0,finished,final,cub200,mds,regression,2,0,resnet18,95.0,0.025958027690649033,0.11746835708618164,0.18683543801307678,0.2771308124065399,0.39746835827827454,0.07289309799671173,0.11727660149335861,0.40251046419143677,0.5556485652923584,0.701255202293396,0.8058577179908752,0.24440054595470428,0.0,0.11447012208402157,0.00011303221029314226
03e3dc25c7f3a664,cub200-resnet18-regression-mds-N2-final-s0,finished,final,cub200,mds,regression,2,0,resnet18,100.0,0.026508701965212822,0.12303797155618668,0.1870042234659195,0.2840506434440613,0.4062447249889374,0.07277711480855942,0.11808540672063828,0.4008368253707886,0.5615062713623047,0.6987447738647461,0.8142259120941162,0.24513038992881775,0.0,0.10608839727938175,7.371750742902897e-05
03e3dc25c7f3a664,cub200-resnet18-regression-mds-N2-final-s0,finished,final,cub200,mds,regression,2,0,resnet18,105.0,0.02629208005964756,0.11628691852092743,0.1839662492275238,0.27527424693107605,0.3927426040172577,0.07271119952201843,0.11780114471912384,0.40585774183273315,0.5698744654655457,0.7029288411140442,0.8083682060241699,0.24578002095222473,0.0,0.10477035619318485,4.235295489802631e-05
03e3dc25c7f3a664,cub200-resnet18-regression-mds-N2-final-s0,finished,final,cub200,mds,regression,2,0,resnet18,110.0,0.026212424039840698,0.12185654044151306,0.18767932057380676,0.2788185775279999,0.3929114043712616,0.07221504300832748,0.11840151250362396,0.40669456124305725,0.573221743106842,0.7129707336425781,0.8066945672035217,0.24626584351062775,0.0,0.10240741524845362,1.9522814969774334e-05
03e3dc25c7f3a664,cub200-resnet18-regression-mds-N2-final-s0,finished,final,cub200,mds,regression,2,0,resnet18,115.0,0.026171261444687843,0.11999999731779099,0.18514767289161682,0.2788185775279999,0.39426159858703613,0.07227388024330139,0.11853443831205368,0.40585774183273315,0.5665271878242493,0.7104602456092834,0.8100418448448181,0.2465633600950241,0.0,0.0975845243036747,5.652369954852788e-06
03e3dc25c7f3a664,cub200-resnet18-regression-mds-N2-final-s0,finished,final,cub200,mds,regression,2,0,resnet18,120.0,0.026207782328128815,0.11949367076158524,0.18514767289161682,0.27966246008872986,0.3967932462692261,0.0724007859826088,0.11856205761432648,0.40836820006370544,0.5682008266448975,0.7096234560012817,0.812552273273468,0.24651899933815002,0.0,0.10130329117178917,1e-06
508e3a7275f9410a,cars196-resnet18-regression-mds-N2-search-s2,finished,search,cars196,mds,regression,2,2,resnet18,5.0,0.0024301577359437943,0.03578895702958107,0.05915631353855133,0.09765096753835678,0.16922888159751892,0.019375331699848175,0.011029147543013096,0.09667673707008362,0.15709969401359558,0.2688821852207184,0.42779457569122314,0.06644713878631592,0.0,0.19030383884906768,0.001
508e3a7275f9410a,cars196-resnet18-regression-mds-N2-search-s2,finished,search,cars196,mds,regression,2,2,resnet18,10.0,0.0031519136391580105,0.04599680379033089,0.07477554678916931,0.12138728052377701,0.19148936867713928,0.02234315313398838,0.01334248948842287,0.11903323233127594,0.18972809612751007,0.3105740249156952,0.4700906276702881,0.07368996739387512,0.0,0.18211630418896674,0.0009046039886902862
508e3a7275f9410a,cars196-resnet18-regression-mds-N2-search-s2,finished,search,cars196,mds,regression,2,2,resnet18,15.0,0.004742762539535761,0.052269093692302704,0.08670520037412643,0.13184110820293427,0.208953395485878,0.026182232424616814,0.01608235016465187,0.11661631613969803,0.2078549861907959,0.325679749250412,0.4876132905483246,0.07934749871492386,0.0,0.17768736243247985,0.0006548539886902863
508e3a7275f9410a,cars196-resnet18-regression-mds-N2-search-s2,finished,search,cars196,mds,regression,2,2,resnet18,20.0,0.004988963715732098,0.056204650551080704,0.09199360758066177,0.14635346829891205,0.22408068180084229,0.02800447680056095,0.01682409457862377,0.14078550040721893,0.21933534741401672,0.34078550338745117,0.48882174491882324,0.08042486011981964,0.0,0.17708805352449417,0.0003461460113097138
508e3a7275f9410a,cars196-resnet18-regression-mds-N2-search-s2,finished,search,cars196,mds,regression,2,2,resnet18,25.0,0.005787829868495464,0.062107980251312256,0.10121756047010422,0.1572992205619812,0.24142171442508698,0.030751196667551994,0.01873948983848095,0.1353474259376526,0.21933534741401672,0.3546827733516693,0.5250755548477173,0.08338997513055801,0.0,0.17629374280571938,9.63960113097138e-05
508e3a7275f9410a,cars196-resnet18-regression-mds-N2-search-s2,finished,search,cars196,mds,regression,2,2,resnet18,30.0,0.00588652677834034,0.06333784013986588,0.10011068731546402,0.1590210348367691,0.2399458885192871,0.031011924147605896,0.01854645274579525,0.14622355997562408,0.23987916111946106,0.374018132686615,0.5317220687866211,0.08339257538318634,0.0,0.17671331256628037,1e-06
4ceee663732f2dde,cars196-resnet18-regression-mds-N4-search-s0,finished,search,cars196,mds,regression,4,0,resnet18,5.0,0.0016836681170389056,0.021153610199689865,0.040462426841259,0.07539048045873642,0.13553068041801453,0.0156572088599205,0.009110447019338608,0.08825283497571945,0.1592128872871399,0.26654741168022156,0.42397138476371765,0.06258578598499298,176.7155288696289,177.24625450134278,0.001
4ceee663732f2dde,cars196-resnet18-regression-mds-N4-search-s0,finished,search,cars196,mds,regression,4,0,resnet18,10.0,0.001448801951482892,0.022383470088243484,0.040708400309085846,0.07219284027814865,0.1280285269021988,0.014521348290145397,0.008176832459867,0.07811567932367325,0.1460942178964615,0.26356589794158936,0.42814549803733826,0.06019625812768936,172.62387237548828,173.13564392089845,0.0009046039886902862
4ceee663732f2dde,cars196-resnet18-regression-mds-N4-search-s0,finished,search,cars196,mds,regression,4,0,resnet18,15.0,0.0014765692176297307,0.02152256853878498,0.03910958021879196,0.07293076068162918,0.12310908734798431,0.014879763126373291,0.008911550045013428,0.08706022799015045,0.1484794318675995,0.27191412448883057,0.42576029896736145,0.06257829070091248,164.89645362854003,165.39652740478516,0.0006548539886902863
4ceee663732f2dde,cars196-resnet18-regression-mds-N4-search-s0,finished,search,cars196,mds,regression,4,0,resnet18,20.0,0.0014567651087418199,0.021768540143966675,0.039355553686618805,0.0691181868314743,0.12409297376871109,0.014853952452540398,0.007929746992886066,0.06857483834028244,0.13655336201190948,0.24627310037612915,0.40488967299461365,0.059824388474226,166.7406649017334,167.22425712585448,0.0003461460113097138
4ceee663732f2dde,cars196-resnet18-regression-mds-N4-search-s0,finished,search,cars196,mds,regression,4,0,resnet18,25.0,0.0013226731680333614,0.020538678392767906,0.03972451016306877,0.07071700692176819,0.12310908734798431,0.014045444317162037,0.007419125642627478,0.07930828630924225,0.13655336201190948,0.24329158663749695,0.42277878522872925,0.05673988536000252,167.94392509460448,168.40853507995607,9.63960113097138e-05
4ceee663732f2dde,cars196-resnet18-regression-mds-N4-search-s0,finished,search,cars196,mds,regression,4,0,resnet18,30.0,0.0013105067191645503,0.020907636731863022,0.0376337468624115,0.06850326061248779,0.11831262707710266,0.01395490299910307,0.00755363330245018,0.08050089329481125,0.1419200897216797,0.25163984298706055,0.41443052887916565,0.05782324820756912,170.9850457763672,171.4487554168701,1e-06
8d245562f6b0c9ef,cars196-resnet18-regression-mds-N4-search-s1,finished,search,cars196,mds,regression,4,1,resnet18,5.0,0.0016918500186875463,0.02410527691245079,0.04279916360974312,0.07379166036844254,0.12901242077350616,0.01568620279431343,0.00677226297557354,0.07725060731172562,0.1301703155040741,0.23357664048671722,0.3947688639163971,0.05533500388264656,178.85493118286132,179.4002826690674,0.001
8d245562f6b0c9ef,cars196-resnet18-regression-mds-N4-search-s1,finished,search,cars196,mds,regression,4,1,resnet18,10.0,0.0015443344600498676,0.022260485216975212,0.041938260197639465,0.07293076068162918,0.12679867446422577,0.014777773059904575,0.006600480992347002,0.07055961340665817,0.12347932159900665,0.23296837508678436,0.38807785511016846,0.05393527075648308,168.3451421356201,168.85454208374023,0.0009046039886902862
8d245562f6b0c9ef,cars196-resnet18-regression-mds-N4-search-s1,finished,search,cars196,mds,regression,4,1,resnet18,15.0,0.001553186448290944,0.0227524284273386,0.041938260197639465,0.07059402018785477,0.1253228336572647,0.015275982208549976,0.006106528453528881,0.058394160121679306,0.10766423493623734,0.2019464671611786,0.36313867568969727,0.05297018215060234,173.2295905303955,173.74324516296386,0.0006548539886902863
8d245562f6b0c9ef,cars196-resnet18-regression-mds-N4-search-s1,finished,search,cars196,mds,regression,4,1,resnet18,20.0,0.0012922044843435287,0.019185831770300865,0.033575206995010376,0.06333784013986588,0.11671381443738937,0.01376070361584425,0.006118405610322952,0.06265206634998322,0.11070559918880463,0.2208029180765152,0.37043794989585876,0.0527719184756279,168.90475440979003,169.42031448364258,0.0003461460113097138
8d245562f6b0c9ef,cars196-resnet18-regression-mds-N4-search-s1,finished,search,cars196,mds,regression,4,1,resnet18,25.0,0.0014433242613449693,0.02078465186059475,0.03554298356175423,0.06862624734640121,0.12212520092725754,0.014667648822069168,0.006066928151994944,0.06021897867321968,0.11739659309387207,0.20133820176124573,0.3570559620857239,0.052724480628967285,165.8965106201172,166.40183013916015,9.63960113097138e-05
8d245562f6b0c9ef,cars196-resnet18-regression-mds-N4-search-s1,finished,search,cars196,mds,regression,4,1,resnet18,30.0,0.0014081920962780714,0.02078465186059475,0.036649856716394424,0.06862624734640121,0.12151026725769043,0.014501345343887806,0.00599531689658761,0.06386861205101013,0.10888078063726425,0.19829683005809784,0.3552311360836029,0.05213754624128342,167.04469451904296,167.53968017578126,1e-06
91a478958ecfeb34,cars196-resnet18-regression-mds-N4-search-s2,finished,search,cars196,mds,regression,4,2,resnet18,5.0,0.001782562118023634,0.02410527691245079,0.04304513707756996,0.07329971343278885,0.12962734699249268,0.016098879277706146,0.008331777527928352,0.06888217478990555,0.12809666991233826,0.21933534741401672,0.365558922290802,0.05968533083796501,182.6316136932373,183.18369682312013,0.001
91a478958ecfeb34,cars196-resnet18-regression-mds-N4-search-s2,finished,search,cars196,mds,regression,4,2,resnet18,10.0,0.0015790541656315327,0.022383470088243484,0.038617637008428574,0.07145492732524872,0.13159513473510742,0.015353914350271225,0.007914673537015915,0.06948640197515488,0.12990936636924744,0.2211480289697647,0.37039273977279663,0.05850470811128616,174.6907985687256,175.22235038757324,0.0009046039886902862
91a478958ecfeb34,cars196-resnet18-regression-mds-N4-search-s2,finished,search,cars196,mds,regression,4,2,resnet18,15.0,0.00164513080380857,0.021768540143966675,0.03960152342915535,0.07280777394771576,0.12679867446422577,0.015846403315663338,0.008217300288379192,0.06888217478990555,0.1335347443819046,0.24410876631736755,0.39093655347824097,0.059328217059373856,169.47342666625977,169.98622665405273,0.0006548539886902863
91a478958ecfeb34,cars196-resnet18-regression-mds-N4-search-s2,finished,search,cars196,mds,regression,4,2,resnet18,20.0,0.0015087167266756296,0.021891526877880096,0.038740623742341995,0.06936416029930115,0.12409297376871109,0.015229500830173492,0.0076439520344138145,0.07371601462364197,0.1311178207397461,0.22416917979717255,0.3716011941432953,0.05832283943891525,168.5178231048584,169.02937156677245,0.0003461460113097138
91a478958ecfeb34,cars196-resnet18-regression-mds-N4-search-s2,finished,search,cars196,mds,regression,4,2,resnet18,25.0,0.0013773181708529592,0.018693886697292328,0.036157913506031036,0.06505964696407318,0.11880457401275635,0.014826006256043911,0.007275003008544445,0.06465256959199905,0.1202416941523552,0.21993957459926605,0.37945619225502014,0.0573432594537735,169.06618057250978,169.5455463409424,9.63960113097138e-05
91a478958ecfeb34,cars196-resnet18-regression-mds-N4-search-s2,finished,search,cars196,mds,regression,4,2,resnet18,30.0,0.0013976831687614322,0.021153610199689865,0.03578895702958107,0.06653548032045364,0.11843561381101608,0.014719809405505657,0.007305039092898369,0.062235649675130844,0.12990936636924744,0.23081570863723755,0.38610270619392395,0.056975871324539185,168.62089904785157,169.09678520202635,1e-06
8a35534ce81b329e,cars196-resnet18-regression-mds-N8-search-s0,finished,search,cars196,mds,regression,8,0,resnet18,5.0,0.0017083048587664962,0.022629443556070328,0.044397983700037,0.075267493724823,0.12913541495800018,0.01567661575973034,0.008890068158507347,0.08825283497571945,0.1550387591123581,0.26416218280792236,0.41800835728645325,0.06206418573856354,286.8911361694336,287.4490618896484,0.001
8a35534ce81b329e,cars196-resnet18-regression-mds-N8-search-s0,finished,search,cars196,mds,regression,8,0,resnet18,10.0,0.001663808012381196,0.02484319359064102,0.04341409355401993,0.0780961737036705,0.13491575419902802,0.015456323511898518,0.008643086068332195,0.08228980004787445,0.14132378995418549,0.24806201457977295,0.41085270047187805,0.06171566620469093,285.53934158325194,286.096908416748,0.0009046039886902862
8a35534ce81b329e,cars196-resnet18-regression-mds-N8-search-s0,finished,search,cars196,mds,regression,8,0,resnet18,15.0,0.0016433806158602238,0.023736318573355675,0.043906036764383316,0.07834214717149734,0.1365145742893219,0.015460570342838764,0.00843124557286501,0.08527132123708725,0.14072749018669128,0.24925461411476135,0.41979727149009705,0.06066197156906128,273.31604904174804,273.86126037597654,0.0006548539886902863
8a35534ce81b329e,cars196-resnet18-regression-mds-N8-search-s0,finished,search,cars196,mds,regression,8,0,resnet18,20.0,0.0015398903051391244,0.022506456822156906,0.043906036764383316,0.07858812063932419,0.13184110820293427,0.015043024905025959,0.008520718663930893,0.09063804149627686,0.1586165726184845,0.26356589794158936,0.41681572794914246,0.061149898916482925,277.44314102172854,278.0090606689453,0.0003461460113097138
8a35534ce81b329e,cars196-resnet18-regression-mds-N8-search-s0,finished,search,cars196,mds,regression,8,0,resnet18,25.0,0.0014639481669291854,0.02152256853878498,0.04169229045510292,0.07575944066047668,0.13098019361495972,0.014949413016438484,0.008518587797880173,0.09123434871435165,0.1508646458387375,0.26833632588386536,0.43709003925323486,0.06064730882644653,272.34179306030273,272.90422760009767,9.63960113097138e-05
8a35534ce81b329e,cars196-resnet18-regression-mds-N8-search-s0,finished,search,cars196,mds,regression,8,0,resnet18,30.0,0.0014817422488704324,0.021030623465776443,0.042553190141916275,0.07662034034729004,0.1325790137052536,0.015059331431984901,0.008464855141937733,0.08706022799015045,0.1526535451412201,0.26118066906929016,0.42516398429870605,0.061107028275728226,275.000625,275.55279357910155,1e-06
f30806c37ca26708,cars196-resnet18-regression-mds-N8-search-s1,finished,search,cars196,mds,regression,8,1,resnet18,5.0,0.0017782830400392413,0.024228261783719063,0.0426761768758297,0.07625138014554977,0.1331939548254013,0.016142919659614563,0.007037200499325991,0.07360097020864487,0.12043795734643936,0.22141119837760925,0.38199514150619507,0.05664679408073425,280.05962890625,280.62011489868166,0.001
f30806c37ca26708,cars196-resnet18-regression-mds-N8-search-s1,finished,search,cars196,mds,regression,8,1,resnet18,10.0,0.0014682961627840996,0.021153610199689865,0.039355553686618805,0.07403763383626938,0.13073422014713287,0.01500660926103592,0.006663656793534756,0.06386861205101013,0.11131387203931808,0.2062043845653534,0.3728710412979126,0.05538304150104523,279.1504655456543,279.70858657836914,0.0009046039886902862
f30806c37ca26708,cars196-resnet18-regression-mds-N8-search-s1,finished,search,cars196,mds,regression,8,1,resnet18,15.0,0.001394686521962285,0.020538678392767906,0.03849465027451515,0.07059402018785477,0.12446193397045135,0.01460239663720131,0.006092109251767397,0.059002432972192764,0.09610705822706223,0.17883211374282837,0.3540146052837372,0.05405091494321823,271.76806640625,272.3411094665527,0.0006548539886902863
f30806c37ca26708,cars196-resnet18-regression-mds-N8-search-s1,finished,search,cars196,mds,regression,8,1,resnet18,20.0,0.0013332882663235068,0.01893986016511917,0.03640388697385788,0.06899520009756088,0.12618374824523926,0.014253417029976845,0.0062919179908931255,0.0614355243742466,0.11313868314027786,0.21107055246829987,0.3643552362918854,0.05401626601815224,275.1758818054199,275.7287214660644,0.0003461460113097138
f30806c37ca26708,cars196-resnet18-regression-mds-N8-search-s1,finished,search,cars196,mds,regression,8,1,resnet18,25.0,0.0013662560377269983,0.020538678392767906,0.03689583018422127,0.06764235347509384,0.12163325399160385,0.014569549821317196,0.006210596300661564,0.06021897867321968,0.10948905348777771,0.20863747596740723,0.36922141909599304,0.053819261491298676,269.8716093444824,270.4189784240723,9.63960113097138e-05
f30806c37ca26708,cars196-resnet18-regression-mds-N8-search-s1,finished,search,cars196,mds,regression,8,1,resnet18,30.0,0.0013602699618786573,0.020415693521499634,0.03591194376349449,0.06592055410146713,0.1247079074382782,0.01446342933923006,0.00610138475894928,0.05961070582270622,0.10218977928161621,0.19708029925823212,0.3594890534877777,0.053037241101264954,267.66770095825194,268.2178045654297,1e-06
f18358668e671353,cars196-resnet18-regression-mds-N8-search-s2,finished,search,cars196,mds,regression,8,2,resnet18,5.0,0.001846252242103219,0.02730291523039341,0.04734965041279793,0.07981798052787781,0.13774444162845612,0.016108445823192596,0.008275724947452545,0.07552870362997055,0.1335347443819046,0.22900302708148956,0.387311190366745,0.059949297457933426,287.1081825256348,287.6761901855469,0.001
f18358668e671353,cars196-resnet18-regression-mds-N8-search-s2,finished,search,cars196,mds,regression,8,2,resnet18,10.0,0.0016752396477386355,0.02398229017853737,0.04169229045510292,0.07280777394771576,0.12765957415103912,0.015615938231348991,0.008108977228403091,0.07129909098148346,0.1353474259376526,0.23021148145198822,0.3830815851688385,0.05906951054930687,274.46491806030275,275.04310165405275,0.0009046039886902862
f18358668e671353,cars196-resnet18-regression-mds-N8-search-s2,finished,search,cars196,mds,regression,8,2,resnet18,15.0,0.0014541096752509475,0.022629443556070328,0.04144631698727608,0.07440659403800964,0.12630672752857208,0.014759354293346405,0.0072569213807582855,0.062235649675130844,0.1226586103439331,0.22900302708148956,0.38791540265083313,0.05761349946260452,278.08210235595703,278.6501226806641,0.0006548539886902863
f18358668e671353,cars196-resnet18-regression-mds-N8-search-s2,finished,search,cars196,mds,regression,8,2,resnet18,20.0,0.00155826925765723,0.025089165195822716,0.04230722039937973,0.07391464710235596,0.1270446479320526,0.01512819342315197,0.007385078817605972,0.06404833495616913,0.12870091199874878,0.2277945578098297,0.3933534622192383,0.05694931373000145,275.1388121032715,275.6858250427246,0.0003461460113097138
f18358668e671353,cars196-resnet18-regression-mds-N8-search-s2,finished,search,cars196,mds,regression,8,2,resnet18,25.0,0.0015047936467453837,0.020907636731863022,0.03947854042053223,0.07256180047988892,0.12556880712509155,0.015075575560331345,0.007476987782865763,0.06163141876459122,0.11359516531229019,0.22598187625408173,0.37945619225502014,0.0577804334461689,273.92628997802734,274.4766664123535,9.63960113097138e-05
f18358668e671353,cars196-resnet18-regression-mds-N8-search-s2,finished,search,cars196,mds,regression,8,2,resnet18,30.0,0.0015054934192448854,0.02139958180487156,0.04169229045510292,0.07170090079307556,0.12433894723653793,0.015073676593601704,0.007504147011786699,0.06525679677724838,0.11903323233127594,0.22477340698242188,0.39274924993515015,0.05844898149371147,274.738526763916,275.29332061767576,1e-06
26972af93b95c593,cars196-resnet18-regression-mds-N16-search-s0,finished,search,cars196,mds,regression,16,0,resnet18,5.0,0.0017040992388501763,0.0247202068567276,0.0455048568546772,0.08055589348077774,0.13700652122497559,0.0155809186398983,0.008721809834241867,0.08348240703344345,0.1496720314025879,0.25939178466796875,0.42874181270599365,0.06101085618138313,391.5015075683594,392.0743292236328,0.001
26972af93b95c593,cars196-resnet18-regression-mds-N16-search-s0,finished,search,cars196,mds,regression,16,0,resnet18,10.0,0.0015293111791834235,0.023859303444623947,0.04353708028793335,0.0741606205701828,0.13073422014713287,0.01501161977648735,0.008336379192769527,0.08348240703344345,0.1478831171989441,0.25998806953430176,0.42337507009506226,0.060895297676324844,381.4777325439453,382.0595831298828,0.0009046039886902862
26972af93b95c593,cars196-resnet18-regression-mds-N16-search-s0,finished,search,cars196,mds,regression,16,0,resnet18,15.0,0.00137493503279984,0.021276595070958138,0.038740623742341995,0.06751936674118042,0.12372402101755142,0.014658276923000813,0.0077493516728281975,0.08169350028038025,0.12999403476715088,0.24627310037612915,0.42695289850234985,0.05824524909257889,376.5775476074219,377.15610656738284,0.0006548539886902863
26972af93b95c593,cars196-resnet18-regression-mds-N16-search-s0,finished,search,cars196,mds,regression,16,0,resnet18,20.0,0.001347262179479003,0.019308818504214287,0.03578895702958107,0.06690444052219391,0.11843561381101608,0.014410443603992462,0.008300677873194218,0.08169350028038025,0.14311270415782928,0.26356589794158936,0.43589743971824646,0.06017579510807991,370.9840145874023,371.5566876220703,0.0003461460113097138
26972af93b95c593,cars196-resnet18-regression-mds-N16-search-s0,finished,search,cars196,mds,regression,16,0,resnet18,25.0,0.0013169468147680163,0.020538678392767906,0.036772843450307846,0.06862624734640121,0.12003443390130997,0.014271453954279423,0.00834677368402481,0.08348240703344345,0.1550387591123581,0.26475849747657776,0.42337507009506226,0.06028299406170845,367.57819000244143,368.14221740722655,9.63960113097138e-05
26972af93b95c593,cars196-resnet18-regression-mds-N16-search-s0,finished,search,cars196,mds,regression,16,0,resnet18,30.0,0.001332091516815126,0.019923748448491096,0.03566597029566765,0.06813430041074753,0.12089534103870392,0.014499558135867119,0.00858384184539318,0.07871198654174805,0.14311270415782928,0.26475849747657776,0.41979727149009705,0.06095939502120018,375.3858166503906,375.9483868408203,1e-06
02336f2e2d939d8d,cars196-resnet18-regression-mds-N16-search-s1,finished,search,cars196,mds,regression,16,1,resnet18,5.0,0.0017616099212318659,0.02459722012281418,0.043291106820106506,0.07821916043758392,0.13442380726337433,0.0158033799380064,0.006859002634882927,0.06812652200460434,0.1155717745423317,0.2177615612745285,0.38260340690612793,0.05587250366806984,395.1127621459961,395.6898132324219,0.001
02336f2e2d939d8d,cars196-resnet18-regression-mds-N16-search-s1,finished,search,cars196,mds,regression,16,1,resnet18,10.0,0.0014115794328972697,0.022998401895165443,0.04021645709872246,0.06825728714466095,0.12114131450653076,0.014531252905726433,0.006553863175213337,0.06447688490152359,0.12165450304746628,0.20985402166843414,0.38990268111228943,0.05445857346057892,376.62175842285154,377.2041940307617,0.0009046039886902862
02336f2e2d939d8d,cars196-resnet18-regression-mds-N16-search-s1,finished,search,cars196,mds,regression,16,1,resnet18,15.0,0.0013794079422950745,0.023859303444623947,0.038617637008428574,0.06924117356538773,0.12151026725769043,0.014673493802547455,0.006241365801542997,0.06021897867321968,0.11374695599079132,0.19343066215515137,0.36313867568969727,0.05408012494444847,374.56575744628907,375.118450012207,0.0006548539886902863
02336f2e2d939d8d,cars196-resnet18-regression-mds-N16-search-s1,finished,search,cars196,mds,regression,16,1,resnet18,20.0,0.001335587352514267,0.021645553410053253,0.03898659348487854,0.0691181868314743,0.12089534103870392,0.014304427430033684,0.006296294275671244,0.06630170345306396,0.12347932159900665,0.20985402166843414,0.3789537847042084,0.05384906008839607,376.0871810913086,376.6344125366211,0.0003461460113097138
02336f2e2d939d8d,cars196-resnet18-regression-mds-N16-search-s1,finished,search,cars196,mds,regression,16,1,resnet18,25.0,0.001332946470938623,0.02016972005367279,0.038002707064151764,0.06838027387857437,0.12163325399160385,0.01440452691167593,0.006307276897132397,0.06508515775203705,0.11496350169181824,0.210462287068367,0.3686131238937378,0.053612057119607925,368.87866760253905,369.41518646240235,9.63960113097138e-05
02336f2e2d939d8d,cars196-resnet18-regression-mds-N16-search-s1,finished,search,cars196,mds,regression,16,1,resnet18,30.0,0.0013087730621919036,0.020292706787586212,0.036649856716394424,0.06567458063364029,0.11806666105985641,0.014259319752454758,0.006369465962052345,0.06812652200460434,0.11618004739284515,0.20985402166843414,0.3637469708919525,0.05378372594714165,374.4055892944336,374.9404071044922,1e-06
1e5ca9e2edf2e6ef,cars196-resnet18-regression-mds-N16-search-s2,finished,search,cars196,mds,regression,16,2,resnet18,5.0,0.0016346569173038006,0.02484319359064102,0.04169229045510292,0.07625138014554977,0.12790554761886597,0.015199527144432068,0.007561876904219389,0.06827794760465622,0.11963745951652527,0.21087613701820374,0.37522658705711365,0.05735406652092934,391.33521911621096,391.91133483886716,0.001
1e5ca9e2edf2e6ef,cars196-resnet18-regression-mds-N16-search-s2,finished,search,cars196,mds,regression,16,2,resnet18,10.0,0.0015773690538480878,0.02533513680100441,0.04279916360974312,0.07575944066047668,0.1253228336572647,0.015276321209967136,0.007470328360795975,0.06827794760465622,0.1202416941523552,0.21389728784561157,0.374018132686615,0.05701432749629021,379.93603271484375,380.50860473632815,0.0009046039886902862
1e5ca9e2edf2e6ef,cars196-resnet18-regression-mds-N16-search-s2,finished,search,cars196,mds,regression,16,2,resnet18,15.0,0.0014016855275258422,0.024228261783719063,0.03972451016306877,0.06961013376712799,0.12286311388015747,0.01451211515814066,0.007786313537508249,0.06283988058567047,0.11661631613969803,0.23746223747730255,0.39516615867614746,0.057962264865636826,379.060364074707,379.63393310546877,0.0006548539886902863
1e5ca9e2edf2e6ef,cars196-resnet18-regression-mds-N16-search-s2,finished,search,cars196,mds,regression,16,2,resnet18,20.0,0.0013061828212812543,0.019923748448491096,0.03714180365204811,0.06469068676233292,0.11905054748058319,0.014259827323257923,0.007320505566895008,0.05861027166247368,0.10815709829330444,0.2163141965866089,0.39274924993515015,0.05703047662973404,371.64901947021485,372.21924255371096,0.0003461460113097138
1e5ca9e2edf2e6ef,cars196-resnet18-regression-mds-N16-search-s2,finished,search,cars196,mds,regression,16,2,resnet18,25.0,0.0013928241096436977,0.021768540143966675,0.038740623742341995,0.06924117356538773,0.12261714786291122,0.014397586695849895,0.007612193468958139,0.06283988058567047,0.12205438315868378,0.23806646466255188,0.3987915515899658,0.05769963189959526,372.09565979003906,372.6556365966797,9.63960113097138e-05
1e5ca9e2edf2e6ef,cars196-resnet18-regression-mds-N16-search-s2,finished,search,cars196,mds,regression,16,2,resnet18,30.0,0.0014127938775345683,0.0227524284273386,0.03898659348487854,0.0702250674366951,0.12765957415103912,0.014447232708334923,0.007580332458019257,0.06525679677724838,0.11842900514602661,0.23746223747730255,0.4157099723815918,0.05733770877122879,374.89678466796875,375.452978515625,1e-06
6d2302903e6ba08e,cars196-resnet18-regression-mds-N17-search-s0,finished,search,cars196,mds,regression,17,0,resnet18,5.0,0.0017695429269224405,0.024474235251545906,0.043291106820106506,0.0780961737036705,0.13626860082149506,0.016032090410590172,0.009249906986951828,0.08944544196128845,0.1520572453737259,0.26356589794158936,0.43172332644462585,0.06291951984167099,398.94317230224607,399.49938079833987,0.001
6d2302903e6ba08e,cars196-resnet18-regression-mds-N17-search-s0,finished,search,cars196,mds,regression,17,0,resnet18,10.0,0.001673749997280538,0.022629443556070328,0.041815273463726044,0.07760423421859741,0.1409420669078827,0.01606650836765766,0.009232085198163986,0.09600476920604706,0.1657722145318985,0.27072152495384216,0.43470484018325806,0.06363414227962494,397.72942291259767,398.3210894775391,0.0009046039886902862
6d2302903e6ba08e,cars196-resnet18-regression-mds-N17-search-s0,finished,search,cars196,mds,regression,17,0,resnet18,15.0,0.001404880895279348,0.020907636731863022,0.03898659348487854,0.0702250674366951,0.1258147805929184,0.014720121398568153,0.008367706090211868,0.08407871425151825,0.1443053036928177,0.24508050084114075,0.42158615589141846,0.05995003134012222,388.0094848632813,388.5822018432617,0.0006548539886902863
6d2302903e6ba08e,cars196-resnet18-regression-mds-N17-search-s0,finished,search,cars196,mds,regression,17,0,resnet18,20.0,0.0013514762977138162,0.019800761714577675,0.03775673359632492,0.06948714703321457,0.1224941611289978,0.014525588601827621,0.008100911043584347,0.07751937955617905,0.14132378995418549,0.24269528687000275,0.41502684354782104,0.05939951911568642,388.60019775390623,389.1611596679688,0.0003461460113097138
6d2302903e6ba08e,cars196-resnet18-regression-mds-N17-search-s0,finished,search,cars196,mds,regression,17,0,resnet18,25.0,0.001370509504340589,0.021276595070958138,0.03898659348487854,0.06948714703321457,0.1247079074382782,0.014784041792154312,0.008381524123251438,0.06917113810777664,0.14251640439033508,0.26296958327293396,0.42576029896736145,0.060850635170936584,379.97938079833983,380.53868377685546,9.63960113097138e-05
6d2302903e6ba08e,cars196-resnet18-regression-mds-N17-search-s0,finished,search,cars196,mds,regression,17,0,resnet18,30.0,0.0013745598262175918,0.0227524284273386,0.03984749689698219,0.07010208070278168,0.12630672752857208,0.014824423007667065,0.008625876158475876,0.07215265184640884,0.1437090039253235,0.25819915533065796,0.42516398429870605,0.0615813210606575,378.60447570800784,379.1554788208008,1e-06
201d27d5bd9de0a7,cars196-resnet18-regression-mds-N17-search-s1,finished,search,cars196,mds,regression,17,1,resnet18,5.0,0.0017998134717345238,0.02533513680100441,0.04464395344257355,0.07674332708120346,0.1336858868598938,0.015908312052488327,0.0067574456334114075,0.06386861205101013,0.11496350169181824,0.21532846987247467,0.38503649830818176,0.055672723799943924,404.5804693603516,405.1466943359375,0.001
201d27d5bd9de0a7,cars196-resnet18-regression-mds-N17-search-s1,finished,search,cars196,mds,regression,17,1,resnet18,10.0,0.001530301757156849,0.023859303444623947,0.04083138704299927,0.06997909396886826,0.12138728052377701,0.015014496631920338,0.0065882583148777485,0.06021897867321968,0.12347932159900665,0.22141119837760925,0.3783454895019531,0.05510261654853821,390.0443365478516,390.6044918823242,0.0009046039886902862
201d27d5bd9de0a7,cars196-resnet18-regression-mds-N17-search-s1,finished,search,cars196,mds,regression,17,1,resnet18,15.0,0.0014767488464713097,0.022383470088243484,0.03824867680668831,0.06850326061248779,0.12519985437393188,0.014960382133722305,0.006782309152185917,0.0656934306025505,0.1271289587020874,0.2323600947856903,0.3813868761062622,0.05468570068478584,382.80053253173827,383.3553494262695,0.0006548539886902863
201d27d5bd9de0a7,cars196-resnet18-regression-mds-N17-search-s1,finished,search,cars196,mds,regression,17,1,resnet18,20.0,0.001442921464331448,0.019923748448491096,0.03960152342915535,0.06874923408031464,0.12458492070436478,0.01492589432746172,0.006573469378054142,0.06995134055614471,0.11861313879489899,0.2238442748785019,0.38503649830818176,0.05405646562576294,390.2532473754883,390.79187438964846,0.0003461460113097138
201d27d5bd9de0a7,cars196-resnet18-regression-mds-N17-search-s1,finished,search,cars196,mds,regression,17,1,resnet18,25.0,0.001435525598935783,0.021030623465776443,0.03960152342915535,0.06936416029930115,0.12175624072551727,0.014847814105451107,0.006535877473652363,0.07360097020864487,0.12408759444952011,0.2208029180765152,0.38929441571235657,0.05425981804728508,387.3095016479492,387.83802185058596,9.63960113097138e-05
201d27d5bd9de0a7,cars196-resnet18-regression-mds-N17-search-s1,finished,search,cars196,mds,regression,17,1,resnet18,30.0,0.001436350168660283,0.020292706787586212,0.03824867680668831,0.07096298038959503,0.12274012714624405,0.014844602905213833,0.006505179218947887,0.07360097020864487,0.13199512660503387,0.21715328097343445,0.3886861205101013,0.05378677695989609,381.94780181884767,382.47434326171873,1e-06
35a34ec98fe1123a,cars196-resnet18-regression-mds-N17-search-s2,finished,search,cars196,mds,regression,17,2,resnet18,5.0,0.0016941851936280727,0.023613331839442253,0.04230722039937973,0.07329971343278885,0.13048826158046722,0.01560058444738388,0.007815287448465824,0.07311177998781204,0.12567976117134094,0.21087613701820374,0.3716011941432953,0.05827425420284271,401.2904769897461,401.86766937255857,0.001
35a34ec98fe1123a,cars196-resnet18-regression-mds-N17-search-s2,finished,search,cars196,mds,regression,17,2,resnet18,10.0,0.0014971450436860323,0.022260485216975212,0.03910958021879196,0.07170090079307556,0.1280285269021988,0.014948948286473751,0.007707685232162476,0.07129909098148346,0.12870091199874878,0.2320241630077362,0.3945619463920593,0.05849418416619301,392.1408880615234,392.73859954833983,0.0009046039886902862
35a34ec98fe1123a,cars196-resnet18-regression-mds-N17-search-s2,finished,search,cars196,mds,regression,17,2,resnet18,15.0,0.0014347498072311282,0.0227524284273386,0.04107735678553581,0.07219284027814865,0.12446193397045135,0.014783605001866817,0.007854877039790154,0.07069486379623413,0.1359516680240631,0.2404833883047104,0.39516615867614746,0.05847090855240822,384.86835693359376,385.44985443115235,0.0006548539886902863
35a34ec98fe1123a,cars196-resnet18-regression-mds-N17-search-s2,finished,search,cars196,mds,regression,17,2,resnet18,20.0,0.001469791284762323,0.022383470088243484,0.03910958021879196,0.07096298038959503,0.12606075406074524,0.015108199790120125,0.007939185947179794,0.06646525859832764,0.12990936636924744,0.23685801029205322,0.40422961115837097,0.05881262943148613,383.24302368164064,383.80022399902344,0.0003461460113097138
35a34ec98fe1123a,cars196-resnet18-regression-mds-N17-search-s2,finished,search,cars196,mds,regression,17,2,resnet18,25.0,0.0013980218209326267,0.022875415161252022,0.040708400309085846,0.06850326061248779,0.1224941611289978,0.014638307504355907,0.008008779026567936,0.0700906366109848,0.12870091199874878,0.2320241630077362,0.40181270241737366,0.058834802359342575,384.3900970458984,384.9313647460938,9.63960113097138e-05
35a34ec98fe1123a,cars196-resnet18-regression-mds-N17-search-s2,finished,search,cars196,mds,regression,17,2,resnet18,30.0,0.001356355263851583,0.022506456822156906,0.036649856716394424,0.06751936674118042,0.11868158727884293,0.014492561109364033,0.007636844180524349,0.07190332561731339,0.1268882155418396,0.2211480289697647,0.39033231139183044,0.05796226114034653,379.904543762207,380.44170471191404,1e-06
d6dbf3110d9ddeb8,cars196-resnet18-regression-mds-N2-final-s0,finished,final,cars196,mds,regression,2,0,resnet18,5.0,0.0024072090163826942,0.03332923352718353,0.05706555023789406,0.09949575364589691,0.16664616763591766,0.018823394551873207,0.012365426868200302,0.09540846943855286,0.1627907007932663,0.28145498037338257,0.4567680358886719,0.07460612803697586,0.0,0.19474809676408766,0.001
d6dbf3110d9ddeb8,cars196-resnet18-regression-mds-N2-final-s0,finished,final,cars196,mds,regression,2,0,resnet18,10.0,0.004293825477361679,0.047103676944971085,0.0780961737036705,0.13233304023742676,0.2106751948595047,0.025407258421182632,0.017407629638910294,0.12820513546466827,0.22540250420570374,0.3506261110305786,0.5163983106613159,0.08632159978151321,0.0,0.1845812825858593,0.000995347630045147
d6dbf3110d9ddeb8,cars196-resnet18-regression-mds-N2-final-s0,finished,final,cars196,mds,regression,2,0,resnet18,15.0,0.005431404337286949,0.05927930027246475,0.0977739542722702,0.1528717279434204,0.23342762887477875,0.029851822182536125,0.020802214741706848,0.1526535451412201,0.24567680060863495,0.3786523640155792,0.5450208783149719,0.09030239284038544,0.0,0.1825178536772728,0.0009814771850302259
d6dbf3110d9ddeb8,cars196-resnet18-regression-mds-N2-final-s0,finished,final,cars196,mds,regression,2,0,resnet18,20.0,0.0070645445957779884,0.0741606205701828,0.11695978045463562,0.17906776070594788,0.27622678875923157,0.03565652668476105,0.026362450793385506,0.1788908839225769,0.28145498037338257,0.42933809757232666,0.5861657857894897,0.10301217436790466,0.0,0.1840660345554352,0.0009586470451019739
d6dbf3110d9ddeb8,cars196-resnet18-regression-mds-N2-final-s0,finished,final,cars196,mds,regression,2,0,resnet18,25.0,0.008407067507505417,0.07908006757497787,0.12876644730567932,0.19972942769527435,0.3051285147666931,0.04111964628100395,0.03169699013233185,0.20691710710525513,0.3184257745742798,0.44901609420776367,0.60345858335495,0.11483010649681091,0.0,0.18190454810857773,0.0009272824925709711
d6dbf3110d9ddeb8,cars196-resnet18-regression-mds-N2-final-s0,finished,final,cars196,mds,regression,2,0,resnet18,30.0,0.01095436792820692,0.1010945737361908,0.1555774211883545,0.2387160211801529,0.34755873680114746,0.049366068094968796,0.04294538497924805,0.24388790130615234,0.3738819360733032,0.5324985384941101,0.6911150813102722,0.1356896460056305,0.0,0.1841749994456768,0.0008879677897068578
d6dbf3110d9ddeb8,cars196-resnet18-regression-mds-N2-final-s0,finished,final,cars196,mds,regression,2,0,resnet18,35.0,0.013198822736740112,0.12224818766117096,0.18669290840625763,0.2700774669647217,0.38617634773254395,0.05557733774185181,0.05419543385505676,0.25819915533065796,0.39355993270874023,0.5426356792449951,0.7006559371948242,0.15297728776931763,0.0,0.1849726366996765,0.0008414352950377178
d6dbf3110d9ddeb8,cars196-resnet18-regression-mds-N2-final-s0,finished,final,cars196,mds,regression,2,0,resnet18,40.0,0.01723451167345047,0.1347927749156952,0.21448776125907898,0.30808019638061523,0.430451363325119,0.06429367512464523,0.07089246809482574,0.3029218912124634,0.44424566626548767,0.5825879573822021,0.7286821603775024,0.17406624555587769,0.0,0.18762530118227005,0.0007885518208963762
d6dbf3110d9ddeb8,cars196-resnet18-regression-mds-N2-final-s0,finished,final,cars196,mds,regression,2,0,resnet18,45.0,0.02040431648492813,0.1579141616821289,0.2342885285615921,0.344976007938385,0.4706678092479706,0.0724034532904625,0.0868314877152443,0.35599285364151,0.4806201457977295,0.6225402355194092,0.7537268996238708,0.19398224353790283,0.0,0.1924455015361309,0.0007303024863467105
d6dbf3110d9ddeb8,cars196-resnet18-regression-mds-N2-final-s0,finished,final,cars196,mds,regression,2,0,resnet18,50.0,0.023849591612815857,0.18300332129001617,0.27266019582748413,0.3870372772216797,0.5108842849731445,0.08074821531772614,0.10294853150844574,0.40131187438964844,0.5378652215003967,0.663088858127594,0.7811568379402161,0.215201273560524,0.0,0.1949293665587902,0.0006677723662794075
d6dbf3110d9ddeb8,cars196-resnet18-regression-mds-N2-final-s0,finished,final,cars196,mds,regression,2,0,resnet18,55.0,0.027283120900392532,0.20821547508239746,0.30697330832481384,0.41716885566711426,0.547042191028595,0.08652930706739426,0.11427677422761917,0.43530112504959106,0.5700656175613403,0.6917113661766052,0.8067978620529175,0.22529390454292297,0.0,0.19551041677594186,0.0006021262785197906
d6dbf3110d9ddeb8,cars196-resnet18-regression-mds-N2-final-s0,finished,final,cars196,mds,regression,2,0,resnet18,60.0,0.029826395213603973,0.22174394130706787,0.31877997517585754,0.43512484431266785,0.5663509964942932,0.09126954525709152,0.14309284090995789,0.4889684021472931,0.6118068099021912,0.7280858755111694,0.8217054009437561,0.2592703700065613,0.0,0.19450220063328744,0.0005345870854756532
d6dbf3110d9ddeb8,cars196-resnet18-regression-mds-N2-final-s0,finished,final,cars196,mds,regression,2,0,resnet18,65.0,0.032748669385910034,0.2399458885192871,0.3391956686973572,0.45590949058532715,0.5818472504615784,0.09664379805326462,0.15778259932994843,0.4979129433631897,0.6165772080421448,0.741204559803009,0.8336314558982849,0.27430349588394165,0.0,0.19377014309167861,0.0004664129145243469
d6dbf3110d9ddeb8,cars196-resnet18-regression-mds-N2-final-s0,finished,final,cars196,mds,regression,2,0,resnet18,70.0,0.0343036986887455,0.2500307559967041,0.3498954474925995,0.462919682264328,0.5899643301963806,0.09860936552286148,0.17183411121368408,0.5092427134513855,0.6285032629966736,0.7525342702865601,0.8354203701019287,0.28644853830337524,0.0,0.1935548162460327,0.0003988737214802095
d6dbf3110d9ddeb8,cars196-resnet18-regression-mds-N2-final-s0,finished,final,cars196,mds,regression,2,0,resnet18,75.0,0.03694034740328789,0.2596236765384674,0.35936540365219116,0.4808756709098816,0.6039847731590271,0.10322652012109756,0.17603181302547455,0.5324985384941101,0.6511628031730652,0.7507453560829163,0.8455575704574585,0.29000309109687805,0.0,0.19342065259814262,0.0003332276337205924
d6dbf3110d9ddeb8,cars196-resnet18-regression-mds-N2-final-s0,finished,final,cars196,mds,regression,2,0,resnet18,80.0,0.03771182894706726,0.2690936028957367,0.3679744303226471,0.48554912209510803,0.5986963510513306,0.10337869077920914,0.18153104186058044,0.5217650532722473,0.6583184003829956,0.7668455839157104,0.8521168828010559,0.29633796215057373,0.0,0.18842858254909514,0.00027069751365328947
d6dbf3110d9ddeb8,cars196-resnet18-regression-mds-N2-final-s0,finished,final,cars196,mds,regression,2,0,resnet18,85.0,0.038365837186574936,0.2651580274105072,0.3685893416404724,0.484196275472641,0.6058295369148254,0.10434389859437943,0.18225526809692383,0.5122241973876953,0.644603431224823,0.7555158138275146,0.8491353392601013,0.2964041829109192,0.0,0.18806347489356995,0.0002124481791036239
d6dbf3110d9ddeb8,cars196-resnet18-regression-mds-N2-final-s0,finished,final,cars196,mds,regression,2,0,resnet18,90.0,0.0383417122066021,0.2673717737197876,0.3695732355117798,0.484196275472641,0.6006641387939453,0.10489270836114883,0.18544641137123108,0.5348837375640869,0.6511628031730652,0.7620751261711121,0.8491353392601013,0.29963868856430054,0.0,0.18552204400300978,0.00015956470496228238
d6dbf3110d9ddeb8,cars196-resnet18-regression-mds-N2-final-s0,finished,final,cars196,mds,regression,2,0,resnet18,95.0,0.039012353867292404,0.2695855498313904,0.37510761618614197,0.4893617033958435,0.6065674424171448,0.10544240474700928,0.188050776720047,0.5330948233604431,0.6559332013130188,0.7638640403747559,0.8515205979347229,0.302904337644577,0.0,0.18413474202156066,0.00011303221029314226
d6dbf3110d9ddeb8,cars196-resnet18-regression-mds-N2-final-s0,finished,final,cars196,mds,regression,2,0,resnet18,100.0,0.03933233395218849,0.268601655960083,0.3719099760055542,0.48800885677337646,0.6053376197814941,0.10596798360347748,0.18979929387569427,0.5307096242904663,0.6493738889694214,0.7573047280311584,0.8342278003692627,0.3039652109146118,0.0,0.1808663196861744,7.371750742902897e-05
d6dbf3110d9ddeb8,cars196-resnet18-regression-mds-N2-final-s0,finished,final,cars196,mds,regression,2,0,resnet18,105.0,0.039164405316114426,0.26552700996398926,0.3724019229412079,0.4926823377609253,0.6037387847900391,0.10506520420312881,0.1894165426492691,0.5390578508377075,0.6493738889694214,0.7525342702865601,0.8485390543937683,0.3033910393714905,0.0,0.1778832247108221,4.235295489802631e-05
d6dbf3110d9ddeb8,cars196-resnet18-regression-mds-N2-final-s0,finished,final,cars196,mds,regression,2,0,resnet18,110.0,0.039164949208498,0.2658959627151489,0.3730168342590332,0.49194440245628357,0.6049686670303345,0.10523127764463425,0.191488578915596,0.5390578508377075,0.6660703420639038,0.7590936422348022,0.8497316837310791,0.3050548732280731,0.0,0.17988615706562996,1.9522814969774334e-05
d6dbf3110d9ddeb8,cars196-resnet18-regression-mds-N2-final-s0,finished,final,cars196,mds,regression,2,0,resnet18,115.0,0.03919505700469017,0.2629442811012268,0.37043413519859314,0.48739391565322876,0.60459965467453,0.10536420345306396,0.19152478873729706,0.5366726517677307,0.6571258306503296,0.7626714110374451,0.8515205979347229,0.3052796423435211,0.0,0.1802055421471596,5.652369954852788e-06
d6dbf3110d9ddeb8,cars196-resnet18-regression-mds-N2-final-s0,finished,final,cars196,mds,regression,2,0,resnet18,120.0,0.0392853282392025,0.26380518078804016,0.3692042827606201,0.49022260308265686,0.6048456430435181,0.10555943101644516,0.1914832442998886,0.5366726517677307,0.6517590880393982,0.761478841304779,0.8485390543937683,0.30532121658325195,0.0,0.17812611296772957,1e-06
e1b8774de46a4d88,cub200-convnext_tiny-regression-profile-N2-search-s0,finished,search,cub200,profile,regression,2,0,convnext_tiny,5.0,0.0025469001848250628,0.02632911317050457,0.04793249070644379,0.09147679060697556,0.15848101675510406,0.019929707050323486,0.017114879563450813,0.10460250824689865,0.18242678046226501,0.31129705905914307,0.4937238395214081,0.08560318499803543,0.0,0.17895103469491005,0.001
e1b8774de46a4d88,cub200-convnext_tiny-regression-profile-N2-search-s0,finished,search,cub200,profile,regression,2,0,convnext_tiny,10.0,0.006747398059815168,0.054514769464731216,0.0940084382891655,0.16337552666664124,0.25755274295806885,0.03557953983545303,0.032152559608221054,0.1598326414823532,0.26778241991996765,0.4209204912185669,0.6292886734008789,0.12317515164613724,0.0,0.17677478030323981,0.0009046039886902862
e1b8774de46a4d88,cub200-convnext_tiny-regression-profile-N2-search-s0,finished,search,cub200,profile,regression,2,0,convnext_tiny,15.0,0.012442538514733315,0.08472573757171631,0.14464135468006134,0.22599156200885773,0.3417721390724182,0.05225493758916855,0.06147260591387749,0.2510460317134857,0.3941422700881958,0.5489539504051208,0.7330543994903564,0.17760781943798065,0.0,0.18468125388026238,0.0006548539886902863
e1b8774de46a4d88,cub200-convnext_tiny-regression-profile-N2-search-s0,finished,search,cub200,profile,regression,2,0,convnext_tiny,20.0,0.017467619851231575,0.10042194277048111,0.16270041465759277,0.24725738167762756,0.3691139221191406,0.06202266737818718,0.08539257198572159,0.3046025037765503,0.4694560766220093,0.6443514823913574,0.791631817817688,0.21061362326145172,0.0,0.18735768988728524,0.0003461460113097138
e1b8774de46a4d88,cub200-convnext_tiny-regression-profile-N2-search-s0,finished,search,cub200,profile,regression,2,0,convnext_tiny,25.0,0.01959770917892456,0.10700421780347824,0.16962026059627533,0.25873416662216187,0.37890294194221497,0.06527088582515717,0.09355992078781128,0.31464433670043945,0.4895397424697876,0.6543933153152466,0.7941422462463379,0.22250573337078094,0.0,0.18951087549328804,9.63960113097138e-05
e1b8774de46a4d88,cub200-convnext_tiny-regression-profile-N2-search-s0,finished,search,cub200,profile,regression,2,0,convnext_tiny,30.0,0.02019410766661167,0.11122363060712814,0.1702953577041626,0.2604219317436218,0.38109704852104187,0.0663217157125473,0.09589565545320511,0.3305439352989197,0.492887020111084,0.671966552734375,0.7983263731002808,0.2241652011871338,0.0,0.1889410722255707,1e-06
be0509e8f814ce2e,cub200-convnext_tiny-regression-profile-N2-search-s1,finished,search,cub200,profile,regression,2,1,convnext_tiny,5.0,0.0025158191565424204,0.026160337030887604,0.048101264983415604,0.08945147693157196,0.15831223130226135,0.01951177977025509,0.01983458176255226,0.13979417085647583,0.21955403685569763,0.3610634505748749,0.5394511222839355,0.08990173041820526,0.0,0.1744030736386776,0.001
be0509e8f814ce2e,cub200-convnext_tiny-regression-profile-N2-search-s1,finished,search,cub200,profile,regression,2,1,convnext_tiny,10.0,0.004470438230782747,0.04590717330574989,0.080506332218647,0.13333334028720856,0.23476792871952057,0.03059379756450653,0.03665000945329666,0.17409949004650116,0.29931390285491943,0.4699828326702118,0.6440823078155518,0.12970565259456635,0.0,0.17592267528176309,0.0009046039886902862
be0509e8f814ce2e,cub200-convnext_tiny-regression-profile-N2-search-s1,finished,search,cub200,profile,regression,2,1,convnext_tiny,15.0,0.01382393203675747,0.080506332218647,0.12978902459144592,0.2143459916114807,0.3250632882118225,0.053697619587183,0.08859717845916748,0.28387650847435,0.43310463428497314,0.5934820175170898,0.744425356388092,0.20997050404548645,0.0,0.18403755411505698,0.0006548539886902863
be0509e8f814ce2e,cub200-convnext_tiny-regression-profile-N2-search-s1,finished,search,cub200,profile,regression,2,1,convnext_tiny,20.0,0.017991337925195694,0.09654008597135544,0.15443037450313568,0.23493671417236328,0.34936708211898804,0.062348317354917526,0.11243333667516708,0.35077187418937683,0.5042881369590759,0.645797610282898,0.7838764786720276,0.23712345957756042,0.0,0.18526005610823632,0.0003461460113097138
be0509e8f814ce2e,cub200-convnext_tiny-regression-profile-N2-search-s1,finished,search,cub200,profile,regression,2,1,convnext_tiny,25.0,0.020116351544857025,0.0972151905298233,0.15696202218532562,0.24405063688755035,0.3659071624279022,0.06629639863967896,0.12285804748535156,0.35849055647850037,0.5188679099082947,0.6706689596176147,0.7941681146621704,0.24848443269729614,0.0,0.18921241983771325,9.63960113097138e-05
be0509e8f814ce2e,cub200-convnext_tiny-regression-profile-N2-search-s1,finished,search,cub200,profile,regression,2,1,convnext_tiny,30.0,0.020678363740444183,0.09940928220748901,0.1598312258720398,0.24489451944828033,0.36742615699768066,0.0671142190694809,0.12499064207077026,0.3662092685699463,0.5231561064720154,0.6595197319984436,0.7967410087585449,0.2504153549671173,0.0,0.18762033700942993,1e-06
bd473d12858c876d,cub200-convnext_tiny-regression-profile-N2-search-s2,finished,search,cub200,profile,regression,2,2,convnext_tiny,5.0,0.0024349729064852,0.02632911317050457,0.04725738242268562,0.08691982924938202,0.15088607370853424,0.019467413425445557,0.014838830567896366,0.10271646827459335,0.18505942821502686,0.3200339674949646,0.5033955574035645,0.08077094703912735,0.0,0.17347714811563492,0.001
bd473d12858c876d,cub200-convnext_tiny-regression-profile-N2-search-s2,finished,search,cub200,profile,regression,2,2,convnext_tiny,10.0,0.006353620905429125,0.057721517980098724,0.0929957777261734,0.14649789035320282,0.24725738167762756,0.03477155789732933,0.025844652205705643,0.1400679051876068,0.25042444467544556,0.3837011754512787,0.5653650164604187,0.10817695409059525,0.0,0.1756739667057991,0.0009046039886902862
bd473d12858c876d,cub200-convnext_tiny-regression-profile-N2-search-s2,finished,search,cub200,profile,regression,2,2,convnext_tiny,15.0,0.01415574736893177,0.08016877621412277,0.1346835494041443,0.2101265788078308,0.3259071707725525,0.05447317659854889,0.05897168442606926,0.2224108725786209,0.3463497459888458,0.5178267955780029,0.6706281900405884,0.15701450407505035,0.0,0.18203360840678215,0.0006548539886902863
bd473d12858c876d,cub200-convnext_tiny-regression-profile-N2-search-s2,finished,search,cub200,profile,regression,2,2,convnext_tiny,20.0,0.017239322885870934,0.10075949132442474,0.16438817977905273,0.250801682472229,0.3655696213245392,0.06202676519751549,0.07905963808298111,0.2860780954360962,0.4083191752433777,0.5687606334686279,0.7054329514503479,0.18677270412445068,0.0,0.18610127434134482,0.0003461460113097138
bd473d12858c876d,cub200-convnext_tiny-regression-profile-N2-search-s2,finished,search,cub200,profile,regression,2,2,convnext_tiny,25.0,0.02059408649802208,0.11139240860939026,0.17367088794708252,0.2693670988082886,0.3888607621192932,0.06774614751338959,0.08674424141645432,0.3106960952281952,0.43972834944725037,0.5840407609939575,0.7266553640365601,0.198530375957489,0.0,0.1904706433415413,9.63960113097138e-05
bd473d12858c876d,cub200-convnext_tiny-regression-profile-N2-search-s2,finished,search,cub200,profile,regression,2,2,convnext_tiny,30.0,0.020510472357273102,0.1107172966003418,0.17586497962474823,0.26599156856536865,0.3834599256515503,0.06778070330619812,0.0888141617178917,0.31748726963996887,0.45331069827079773,0.5959252715110779,0.7266553640365601,0.2010905146598816,0.0,0.19053060725331306,1e-06
9e1723ef60df4cc0,cub200-convnext_tiny-regression-profile-N4-search-s0,finished,search,cub200,profile,regression,4,0,convnext_tiny,5.0,0.0021928257774561644,0.02666666731238365,0.047594938427209854,0.080506332218647,0.14143459498882294,0.017495064064860344,0.013461997732520103,0.08200836926698685,0.1640167385339737,0.2794979214668274,0.4485355615615845,0.07423067092895508,285.4995954895019,286.06629364013673,0.001
9e1723ef60df4cc0,cub200-convnext_tiny-regression-profile-N4-search-s0,finished,search,cub200,profile,regression,4,0,convnext_tiny,10.0,0.0021177642047405243,0.02413502149283886,0.04202531650662422,0.07713080197572708,0.13654008507728577,0.017363689839839935,0.012672601267695427,0.09037657082080841,0.1598326414823532,0.2769874334335327,0.46192467212677,0.0726839229464531,271.33697952270506,271.8823849487305,0.0009046039886902862
9e1723ef60df4cc0,cub200-convnext_tiny-regression-profile-N4-search-s0,finished,search,cub200,profile,regression,4,0,convnext_tiny,15.0,0.0021872674115002155,0.026835443452000618,0.04556962102651596,0.08067510277032852,0.13822785019874573,0.01757800579071045,0.013061843812465668,0.08702928572893143,0.14476987719535828,0.2753137946128845,0.45606693625450134,0.07392270863056183,256.1118167114258,256.64481658935546,0.0006548539886902863
9e1723ef60df4cc0,cub200-convnext_tiny-regression-profile-N4-search-s0,finished,search,cub200,profile,regression,4,0,convnext_tiny,20.0,0.002172792563214898,0.02278481051325798,0.04556962102651596,0.08185654133558273,0.14379747211933136,0.017633937299251556,0.01237874012440443,0.09790795296430588,0.1598326414823532,0.2811715602874756,0.45271965861320496,0.07143830507993698,254.71469299316405,255.2263899230957,0.0003461460113097138
9e1723ef60df4cc0,cub200-convnext_tiny-regression-profile-N4-search-s0,finished,search,cub200,profile,regression,4,0,convnext_tiny,25.0,0.0022415432613343,0.02548523247241974,0.0491139255464077,0.08624472469091415,0.1443037986755371,0.01795482449233532,0.012956807389855385,0.08953975141048431,0.15815900266170502,0.2753137946128845,0.466945618391037,0.07315590977668762,257.0978535461426,257.59908264160157,9.63960113097138e-05
9e1723ef60df4cc0,cub200-convnext_tiny-regression-profile-N4-search-s0,finished,search,cub200,profile,regression,4,0,convnext_tiny,30.0,0.0021488151978701353,0.022953586652874947,0.043206751346588135,0.08219408988952637,0.14244726300239563,0.017203260213136673,0.01205655187368393,0.08870293200016022,0.15146443247795105,0.26610878109931946,0.45188283920288086,0.07036709785461426,259.4176469421387,259.909787902832,1e-06
ba9fb43ce1e3e602,cub200-convnext_tiny-regression-profile-N4-search-s1,finished,search,cub200,profile,regression,4,1,convnext_tiny,5.0,0.002080970909446478,0.01890295371413231,0.03999999910593033,0.07932489365339279,0.13924050331115723,0.016989819705486298,0.014135319739580154,0.10120068490505219,0.17838765680789948,0.28216123580932617,0.4416809678077698,0.07271938771009445,283.5680516052246,284.1586689758301,0.001
ba9fb43ce1e3e602,cub200-convnext_tiny-regression-profile-N4-search-s1,finished,search,cub200,profile,regression,4,1,convnext_tiny,10.0,0.0021369943860918283,0.02413502149283886,0.04354430362582207,0.07544303685426712,0.13316455483436584,0.01738930307328701,0.013076793402433395,0.11406517773866653,0.17581474781036377,0.2855917811393738,0.4485420286655426,0.07216235995292664,265.89497085571287,266.46058029174804,0.0009046039886902862
ba9fb43ce1e3e602,cub200-convnext_tiny-regression-profile-N4-search-s1,finished,search,cub200,profile,regression,4,1,convnext_tiny,15.0,0.002185601042583585,0.024472573772072792,0.044894516468048096,0.080506332218647,0.14244726300239563,0.0175153911113739,0.014229058288037777,0.10720411688089371,0.18953688442707062,0.30445969104766846,0.48885077238082886,0.07496822625398636,262.3258659362793,262.87667388916014,0.0006548539886902863
ba9fb43ce1e3e602,cub200-convnext_tiny-regression-profile-N4-search-s1,finished,search,cub200,profile,regression,4,1,convnext_tiny,20.0,0.0020846021361649036,0.025991560891270638,0.04641350358724594,0.08320675045251846,0.14143459498882294,0.01685127429664135,0.011932460591197014,0.09948541969060898,0.16380788385868073,0.28130361437797546,0.4545454680919647,0.06895380467176437,256.4422918701172,256.9666038513184,0.0003461460113097138
ba9fb43ce1e3e602,cub200-convnext_tiny-regression-profile-N4-search-s1,finished,search,cub200,profile,regression,4,1,convnext_tiny,25.0,0.0020857860799878836,0.022953586652874947,0.04270042106509209,0.08016877621412277,0.14295358955860138,0.016893019899725914,0.01258142851293087,0.09348198771476746,0.1612349897623062,0.28387650847435,0.4536878168582916,0.07110690325498581,251.64112884521484,252.15375564575194,9.63960113097138e-05
ba9fb43ce1e3e602,cub200-convnext_tiny-regression-profile-N4-search-s1,finished,search,cub200,profile,regression,4,1,convnext_tiny,30.0,0.002104732906445861,0.02329113893210888,0.04354430362582207,0.07915611565113068,0.14227847754955292,0.01693272590637207,0.01272530760616064,0.09777015447616577,0.16466552019119263,0.27787306904792786,0.46140652894973755,0.07142064720392227,249.2528681945801,249.75808715820312,1e-06
673e943cd44ef2cd,cub200-convnext_tiny-regression-profile-N4-search-s2,finished,search,cub200,profile,regression,4,2,convnext_tiny,5.0,0.0020687617361545563,0.024303797632455826,0.04168776422739029,0.07510548830032349,0.1316455751657486,0.01693197339773178,0.011005361564457417,0.08319184929132462,0.15195246040821075,0.2716468572616577,0.4329371750354767,0.06644631922245026,296.0399450683594,296.6305842590332,0.001
673e943cd44ef2cd,cub200-convnext_tiny-regression-profile-N4-search-s2,finished,search,cub200,profile,regression,4,2,convnext_tiny,10.0,0.0019380550365895033,0.020084388554096222,0.03645569458603859,0.06987341493368149,0.1336708813905716,0.01686481013894081,0.011004147119820118,0.08743633329868317,0.1553480476140976,0.2707979679107666,0.43208828568458557,0.06538047641515732,272.13157318115236,272.69016998291016,0.0009046039886902862
673e943cd44ef2cd,cub200-convnext_tiny-regression-profile-N4-search-s2,finished,search,cub200,profile,regression,4,2,convnext_tiny,15.0,0.002053511794656515,0.020421940833330154,0.03932489454746246,0.07594936341047287,0.13856540620326996,0.01741490140557289,0.010968533344566822,0.0814940556883812,0.15449915826320648,0.27589133381843567,0.44651952385902405,0.06715680658817291,259.9989666748047,260.53906661987304,0.0006548539886902863
673e943cd44ef2cd,cub200-convnext_tiny-regression-profile-N4-search-s2,finished,search,cub200,profile,regression,4,2,convnext_tiny,20.0,0.002066715620458126,0.023459915071725845,0.041856538504362106,0.07443037629127502,0.13097046315670013,0.017430957406759262,0.011131754145026207,0.08573853969573975,0.14940577745437622,0.2614600956439972,0.43803057074546814,0.06746949255466461,254.74917694091798,255.27805145263673,0.0003461460113097138
673e943cd44ef2cd,cub200-convnext_tiny-regression-profile-N4-search-s2,finished,search,cub200,profile,regression,4,2,convnext_tiny,25.0,0.002004996407777071,0.021940927952528,0.03898734226822853,0.0742616057395935,0.1378902941942215,0.017204327508807182,0.01079484075307846,0.08404074609279633,0.1485568732023239,0.2801358103752136,0.4422750473022461,0.06606440991163254,257.5652687072754,258.0794158935547,9.63960113097138e-05
673e943cd44ef2cd,cub200-convnext_tiny-regression-profile-N4-search-s2,finished,search,cub200,profile,regression,4,2,convnext_tiny,30.0,0.0020529513712972403,0.021603375673294067,0.03983122482895851,0.07493671029806137,0.1419409215450287,0.01743137277662754,0.011213590390980244,0.08488964289426804,0.15959252417087555,0.27589133381843567,0.4524618089199066,0.06757184118032455,252.68361633300782,253.19134094238282,1e-06
fc9e5f27e0605a6e,cub200-convnext_tiny-regression-profile-N8-search-s0,finished,search,cub200,profile,regression,8,0,convnext_tiny,5.0,0.0022567915730178356,0.025316456332802773,0.04506329074501991,0.07898734509944916,0.13518987596035004,0.017825692892074585,0.013746256940066814,0.10292886942625046,0.16903765499591827,0.2794979214668274,0.4652719795703888,0.07394766062498093,577.7841976928711,578.3732064819336,0.001
fc9e5f27e0605a6e,cub200-convnext_tiny-regression-profile-N8-search-s0,finished,search,cub200,profile,regression,8,0,convnext_tiny,10.0,0.0021842399146407843,0.023122362792491913,0.04202531650662422,0.08033755421638489,0.1431223601102829,0.018078267574310303,0.013915677554905415,0.08284518867731094,0.1656903773546219,0.302092045545578,0.47447699308395386,0.0775337964296341,564.8063729858399,565.4188244628906,0.0009046039886902862
fc9e5f27e0605a6e,cub200-convnext_tiny-regression-profile-N8-search-s0,finished,search,cub200,profile,regression,8,0,convnext_tiny,15.0,0.0022323932498693466,0.025147680193185806,0.04303797334432602,0.07881856709718704,0.14143459498882294,0.018221568316221237,0.01435039471834898,0.08702928572893143,0.1631799191236496,0.2979079484939575,0.4937238395214081,0.07789315283298492,551.1586697387695,551.7736770629883,0.0006548539886902863
fc9e5f27e0605a6e,cub200-convnext_tiny-regression-profile-N8-search-s0,finished,search,cub200,profile,regression,8,0,convnext_tiny,20.0,0.0022038393653929234,0.02413502149283886,0.044894516468048096,0.08270042389631271,0.13957805931568146,0.017803825438022614,0.013744204305112362,0.08368200808763504,0.1615062803030014,0.2987447679042816,0.4820083677768707,0.07579435408115387,553.1556829833985,553.7739520263672,0.0003461460113097138
fc9e5f27e0605a6e,cub200-convnext_tiny-regression-profile-N8-search-s0,finished,search,cub200,profile,regression,8,0,convnext_tiny,25.0,0.0022761335130780935,0.02497890219092369,0.044556960463523865,0.07966244965791702,0.14396624267101288,0.018206164240837097,0.014405540190637112,0.08953975141048431,0.1648535579442978,0.2987447679042816,0.492887020111084,0.07730893045663834,540.1720693969727,540.7963055419922,9.63960113097138e-05
fc9e5f27e0605a6e,cub200-convnext_tiny-regression-profile-N8-search-s0,finished,search,cub200,profile,regression,8,0,convnext_tiny,30.0,0.002268457319587469,0.023966245353221893,0.04607594758272171,0.08202531933784485,0.14683544635772705,0.01811404339969158,0.014566665515303612,0.0920502096414566,0.16820083558559418,0.31046023964881897,0.4895397424697876,0.07782966643571854,543.724874572754,544.3511129760742,1e-06
7e166c94ef1e6905,cub200-convnext_tiny-regression-profile-N8-search-s1,finished,search,cub200,profile,regression,8,1,convnext_tiny,5.0,0.002144480124115944,0.022447258234024048,0.04135021194815636,0.07949367165565491,0.14160338044166565,0.01770012266933918,0.013832313008606434,0.08919382840394974,0.17066895961761475,0.27358490228652954,0.4528301954269409,0.07324384897947311,571.5039453125,572.0971188354492,0.001
7e166c94ef1e6905,cub200-convnext_tiny-regression-profile-N8-search-s1,finished,search,cub200,profile,regression,8,1,convnext_tiny,10.0,0.0021852655336260796,0.02329113893210888,0.04371308162808418,0.07932489365339279,0.13738396763801575,0.017736654728651047,0.015453922562301159,0.11234991252422333,0.1843910813331604,0.3164665400981903,0.48198971152305603,0.07727115601301193,558.429952697754,559.0430108642578,0.0009046039886902862
7e166c94ef1e6905,cub200-convnext_tiny-regression-profile-N8-search-s1,finished,search,cub200,profile,regression,8,1,convnext_tiny,15.0,0.0021539474837481976,0.023966245353221893,0.04506329074501991,0.07814346253871918,0.13957805931568146,0.017414072528481483,0.014247273094952106,0.10291595011949539,0.17753002047538757,0.30017152428627014,0.4957118332386017,0.07644151151180267,548.8761001586914,549.4955044555664,0.0006548539886902863
7e166c94ef1e6905,cub200-convnext_tiny-regression-profile-N8-search-s1,finished,search,cub200,profile,regression,8,1,convnext_tiny,20.0,0.0022195414640009403,0.025654008612036705,0.04438818618655205,0.07814346253871918,0.1432911455631256,0.017870016396045685,0.014921389520168304,0.09777015447616577,0.18010291457176208,0.3138936460018158,0.5008576512336731,0.07788729667663574,550.8191250610352,551.4464788818359,0.0003461460113097138
7e166c94ef1e6905,cub200-convnext_tiny-regression-profile-N8-search-s1,finished,search,cub200,profile,regression,8,1,convnext_tiny,25.0,0.0022719267290085554,0.025147680193185806,0.04573839530348778,0.08236286789178848,0.14666666090488434,0.01793818548321724,0.015200515277683735,0.10891938209533691,0.1869639754295349,0.3164665400981903,0.48970839381217957,0.07912012189626694,537.9751473999023,538.6046301269531,9.63960113097138e-05
7e166c94ef1e6905,cub200-convnext_tiny-regression-profile-N8-search-s1,finished,search,cub200,profile,regression,8,1,convnext_tiny,30.0,0.0022693690843880177,0.025147680193185806,0.04573839530348778,0.0825316458940506,0.14599156379699707,0.018022635951638222,0.01507303211838007,0.11149228364229202,0.19296741485595703,0.3113207519054413,0.5,0.07851539552211761,536.1970944213867,536.8323916625976,1e-06
1f8f821e0a59f982,cub200-convnext_tiny-regression-profile-N8-search-s2,finished,search,cub200,profile,regression,8,2,convnext_tiny,5.0,0.0021467446349561214,0.02497890219092369,0.04590717330574989,0.07594936341047287,0.13147678971290588,0.0175915714353323,0.0115007683634758,0.09932088106870651,0.18166384100914001,0.2945670485496521,0.47198641300201416,0.0677109807729721,577.1461975097657,577.7458041381836,0.001
1f8f821e0a59f982,cub200-convnext_tiny-regression-profile-N8-search-s2,finished,search,cub200,profile,regression,8,2,convnext_tiny,10.0,0.0021296003833413124,0.023797469213604927,0.042362868785858154,0.07645569741725922,0.13502109050750732,0.017306778579950333,0.011699632741510868,0.09592529386281967,0.1629881113767624,0.2792869210243225,0.45670628547668457,0.06854210793972015,557.0439727783203,557.6544030761719,0.0009046039886902862
1f8f821e0a59f982,cub200-convnext_tiny-regression-profile-N8-search-s2,finished,search,cub200,profile,regression,8,2,convnext_tiny,15.0,0.0021479034330695868,0.023122362792491913,0.04421940818428993,0.07797468453645706,0.13856540620326996,0.01776055246591568,0.011813068762421608,0.07894736528396606,0.16553480923175812,0.2962648570537567,0.4584040641784668,0.06946144998073578,556.7029006958007,557.3262808227539,0.0006548539886902863
1f8f821e0a59f982,cub200-convnext_tiny-regression-profile-N8-search-s2,finished,search,cub200,profile,regression,8,2,convnext_tiny,20.0,0.0021542238537222147,0.02362869121134281,0.04202531650662422,0.0815189853310585,0.13924050331115723,0.01779402606189251,0.012732048518955708,0.09677419066429138,0.17657046020030975,0.3013582229614258,0.46943971514701843,0.07211971282958984,551.6226885986329,552.2476974487305,0.0003461460113097138
1f8f821e0a59f982,cub200-convnext_tiny-regression-profile-N8-search-s2,finished,search,cub200,profile,regression,8,2,convnext_tiny,25.0,0.002140149474143982,0.02582278475165367,0.04506329074501991,0.08016877621412277,0.14683544635772705,0.017458781599998474,0.01282969769090414,0.10441426187753677,0.1799660474061966,0.3013582229614258,0.475382000207901,0.07232742756605148,545.2380596923828,545.8643859863281,9.63960113097138e-05
1f8f821e0a59f982,cub200-convnext_tiny-regression-profile-N8-search-s2,finished,search,cub200,profile,regression,8,2,convnext_tiny,30.0,0.002203230978921056,0.026835443452000618,0.044894516468048096,0.08118143677711487,0.1473417729139328,0.01780206523835659,0.012795649468898773,0.09507639706134796,0.17657046020030975,0.2928692698478699,0.4728353023529053,0.07259298861026764,549.4213916015625,550.0516592407226,1e-06
54204dfbadf9bebe,cub200-convnext_tiny-regression-profile-N16-search-s0,finished,search,cub200,profile,regression,16,0,convnext_tiny,5.0,0.002262085909023881,0.025654008612036705,0.046244725584983826,0.08168776333332062,0.14177215099334717,0.018273383378982544,0.013978551141917706,0.0945606678724289,0.17322175204753876,0.284518837928772,0.47531381249427795,0.07628446817398071,1084.0524572753907,1084.6685784912108,0.001
54204dfbadf9bebe,cub200-convnext_tiny-regression-profile-N16-search-s0,finished,search,cub200,profile,regression,16,0,convnext_tiny,10.0,0.002321799285709858,0.02717299573123455,0.04658227786421776,0.08506329357624054,0.14497889578342438,0.01842457987368107,0.014654997736215591,0.09121339023113251,0.17991632223129272,0.2987447679042816,0.47615063190460205,0.07839402556419373,1027.2813446044922,1027.9485418701172,0.0009046039886902862
54204dfbadf9bebe,cub200-convnext_tiny-regression-profile-N16-search-s0,finished,search,cub200,profile,regression,16,0,convnext_tiny,15.0,0.0023652000818401575,0.02582278475165367,0.04928269982337952,0.08759493380784988,0.15274260938167572,0.018393753096461296,0.014206216670572758,0.07866108417510986,0.15062761306762695,0.2811715602874756,0.47112971544265747,0.07723649591207504,996.92291015625,997.6210552978515,0.0006548539886902863
54204dfbadf9bebe,cub200-convnext_tiny-regression-profile-N16-search-s0,finished,search,cub200,profile,regression,16,0,convnext_tiny,20.0,0.0023819480556994677,0.02902953512966633,0.052827004343271255,0.09063290804624557,0.1503797471523285,0.018269268795847893,0.01477766502648592,0.08451882749795914,0.16652719676494598,0.29456067085266113,0.47949790954589844,0.07967713475227356,985.1373937988282,985.8750689697266,0.0003461460113097138
54204dfbadf9bebe,cub200-convnext_tiny-regression-profile-N16-search-s0,finished,search,cub200,profile,regression,16,0,convnext_tiny,25.0,0.002396446419879794,0.027848102152347565,0.05383966118097305,0.09164556860923767,0.1545991599559784,0.01840720884501934,0.014789954759180546,0.08702928572893143,0.1623430997133255,0.2995815873146057,0.4652719795703888,0.07986906915903091,987.1450549316406,987.8857043457032,9.63960113097138e-05
54204dfbadf9bebe,cub200-convnext_tiny-regression-profile-N16-search-s0,finished,search,cub200,profile,regression,16,0,convnext_tiny,30.0,0.002403845079243183,0.030042193830013275,0.05316455662250519,0.09164556860923767,0.15645569562911987,0.018338985741138458,0.014768441207706928,0.08702928572893143,0.1598326414823532,0.29372385144233704,0.46192467212677,0.07997822016477585,976.3501422119141,977.1036614990235,1e-06
3dfa42a944e7852b,cub200-convnext_tiny-regression-profile-N16-search-s1,finished,search,cub200,profile,regression,16,1,convnext_tiny,5.0,0.0023238251451402903,0.02666666731238365,0.046751055866479874,0.08388185501098633,0.14278480410575867,0.017875639721751213,0.01529307197779417,0.10720411688089371,0.17838765680789948,0.30017152428627014,0.4708404839038849,0.077786386013031,1062.8827917480469,1063.5041827392579,0.001
3dfa42a944e7852b,cub200-convnext_tiny-regression-profile-N16-search-s1,finished,search,cub200,profile,regression,16,1,convnext_tiny,10.0,0.002215493470430374,0.02329113893210888,0.044894516468048096,0.080506332218647,0.14143459498882294,0.018014414235949516,0.015758998692035675,0.11663807928562164,0.19039450585842133,0.30703258514404297,0.49228131771087646,0.0795125886797905,1030.7483044433593,1031.413870239258,0.0009046039886902862
3dfa42a944e7852b,cub200-convnext_tiny-regression-profile-N16-search-s1,finished,search,cub200,profile,regression,16,1,convnext_tiny,15.0,0.00223797676153481,0.024303797632455826,0.04556962102651596,0.08438818901777267,0.1495358645915985,0.018091628327965736,0.015233306214213371,0.11063464730978012,0.17838765680789948,0.3181818127632141,0.5008576512336731,0.08005141466856003,1003.8691400146485,1004.5682067871094,0.0006548539886902863
3dfa42a944e7852b,cub200-convnext_tiny-regression-profile-N16-search-s1,finished,search,cub200,profile,regression,16,1,convnext_tiny,20.0,0.0022361474111676216,0.02362869121134281,0.04472573846578598,0.08337552845478058,0.1483544260263443,0.0179991964250803,0.014912490732967854,0.09948541969060898,0.17238421738147736,0.3198970854282379,0.5034305453300476,0.07903531938791275,991.0810717773437,991.7954827880859,0.0003461460113097138
3dfa42a944e7852b,cub200-convnext_tiny-regression-profile-N16-search-s1,finished,search,cub200,profile,regression,16,1,convnext_tiny,25.0,0.002303971676155925,0.02464134991168976,0.04995780438184738,0.08911392092704773,0.1547679305076599,0.018189705908298492,0.01519536692649126,0.09862779080867767,0.19039450585842133,0.3216123580932617,0.494854211807251,0.07999297231435776,989.4572766113281,990.1932568359375,9.63960113097138e-05
3dfa42a944e7852b,cub200-convnext_tiny-regression-profile-N16-search-s1,finished,search,cub200,profile,regression,16,1,convnext_tiny,30.0,0.0022964254021644592,0.025316456332802773,0.04945147782564163,0.09012658149003983,0.15611813962459564,0.018064793199300766,0.01520176324993372,0.10034305602312088,0.18953688442707062,0.3181818127632141,0.4931389391422272,0.08042395859956741,984.3395227050781,985.0777880859375,1e-06
392e505a73e13634,cub200-convnext_tiny-regression-profile-N16-search-s2,finished,search,cub200,profile,regression,16,2,convnext_tiny,5.0,0.0022455344442278147,0.025316456332802773,0.044556960463523865,0.0762869194149971,0.13856540620326996,0.018015041947364807,0.011880162172019482,0.09422750771045685,0.16723260283470154,0.29117149114608765,0.4677419364452362,0.06931764632463455,1072.7882122802735,1073.4101953125,0.001
392e505a73e13634,cub200-convnext_tiny-regression-profile-N16-search-s2,finished,search,cub200,profile,regression,16,2,convnext_tiny,10.0,0.0022055290173739195,0.02632911317050457,0.04776371270418167,0.07915611565113068,0.1399156153202057,0.0176573283970356,0.012614700943231583,0.09168081730604172,0.17741934955120087,0.293718159198761,0.4609507620334625,0.07087667286396027,1025.6990832519532,1026.3680090332032,0.0009046039886902862
392e505a73e13634,cub200-convnext_tiny-regression-profile-N16-search-s2,finished,search,cub200,profile,regression,16,2,convnext_tiny,15.0,0.002362365834414959,0.027848102152347565,0.04962025210261345,0.08658228069543839,0.149367094039917,0.018454210832715034,0.012631475925445557,0.10526315867900848,0.19100169837474823,0.3047538101673126,0.46943971514701843,0.07172118872404099,1007.5780029296875,1008.2938946533203,0.0006548539886902863
392e505a73e13634,cub200-convnext_tiny-regression-profile-N16-search-s2,finished,search,cub200,profile,regression,16,2,convnext_tiny,20.0,0.0024152195546776056,0.028691982850432396,0.055021096020936966,0.09451476484537125,0.1598312258720398,0.01872066594660282,0.013241839595139027,0.11290322244167328,0.1884550154209137,0.30050933361053467,0.48811545968055725,0.07364685088396072,997.8571661376953,998.5941192626954,0.0003461460113097138
392e505a73e13634,cub200-convnext_tiny-regression-profile-N16-search-s2,finished,search,cub200,profile,regression,16,2,convnext_tiny,25.0,0.0024289737921208143,0.027004219591617584,0.05316455662250519,0.09687763452529907,0.16151899099349976,0.01871653087437153,0.013623682782053947,0.11714770644903183,0.19185058772563934,0.3208828568458557,0.48641765117645264,0.07475738227367401,992.987924194336,993.7430627441406,9.63960113097138e-05
392e505a73e13634,cub200-convnext_tiny-regression-profile-N16-search-s2,finished,search,cub200,profile,regression,16,2,convnext_tiny,30.0,0.0024524126201868057,0.028185654431581497,0.05485232174396515,0.09738396853208542,0.161856546998024,0.018721455708146095,0.013643343932926655,0.12224108725786209,0.19439728558063507,0.31663838028907776,0.4898132383823395,0.07451889663934708,993.4677758789062,994.2184692382813,1e-06
cdab2198e0fc7bc0,cub200-convnext_tiny-regression-profile-N17-search-s0,finished,search,cub200,profile,regression,17,0,convnext_tiny,5.0,0.002250303979963064,0.023459915071725845,0.043206751346588135,0.07746835798025131,0.1400843858718872,0.018088875338435173,0.0139039047062397,0.10460250824689865,0.17907950282096863,0.29288703203201294,0.45271965861320496,0.0740216076374054,1151.3951220703125,1152.0200805664062,0.001
cdab2198e0fc7bc0,cub200-convnext_tiny-regression-profile-N17-search-s0,finished,search,cub200,profile,regression,17,0,convnext_tiny,10.0,0.002326472895219922,0.027510548010468483,0.04556962102651596,0.08438818901777267,0.1443037986755371,0.018454020842909813,0.014449797570705414,0.0920502096414566,0.18075314164161682,0.3096234202384949,0.4937238395214081,0.07756383717060089,1085.601231689453,1086.2641333007812,0.0009046039886902862
cdab2198e0fc7bc0,cub200-convnext_tiny-regression-profile-N17-search-s0,finished,search,cub200,profile,regression,17,0,convnext_tiny,15.0,0.0023307702504098415,0.02497890219092369,0.05130801722407341,0.08641350269317627,0.15291139483451843,0.01853100024163723,0.01472849864512682,0.09707112610340118,0.17489539086818695,0.2979079484939575,0.47866109013557434,0.078142449259758,1059.4616510009766,1060.1655084228516,0.0006548539886902863
cdab2198e0fc7bc0,cub200-convnext_tiny-regression-profile-N17-search-s0,finished,search,cub200,profile,regression,17,0,convnext_tiny,20.0,0.0023730569519102573,0.02582278475165367,0.04945147782564163,0.09130802005529404,0.15426160395145416,0.018372051417827606,0.014807147905230522,0.10627614706754684,0.17824268341064453,0.3096234202384949,0.4836820065975189,0.07714611291885376,1043.7417657470703,1044.48091796875,0.0003461460113097138
cdab2198e0fc7bc0,cub200-convnext_tiny-regression-profile-N17-search-s0,finished,search,cub200,profile,regression,17,0,convnext_tiny,25.0,0.0024082891177386045,0.026497891172766685,0.05097046494483948,0.08995780348777771,0.15510548651218414,0.018422279506921768,0.015044101513922215,0.10125523060560226,0.17573221027851105,0.31297069787979126,0.492887020111084,0.07889983803033829,1030.8059899902344,1031.5559539794922,9.63960113097138e-05
cdab2198e0fc7bc0,cub200-convnext_tiny-regression-profile-N17-search-s0,finished,search,cub200,profile,regression,17,0,convnext_tiny,30.0,0.002409262815490365,0.026497891172766685,0.05215189978480339,0.08978903293609619,0.15510548651218414,0.0184303168207407,0.014966720715165138,0.10376568883657455,0.17489539086818695,0.29539749026298523,0.4895397424697876,0.07841569185256958,1029.4784832763671,1030.2284014892577,1e-06
68158129c6c3ab2c,cub200-convnext_tiny-regression-profile-N17-search-s1,finished,search,cub200,profile,regression,17,1,convnext_tiny,5.0,0.0022144289687275887,0.02666666731238365,0.047594938427209854,0.07999999821186066,0.13772152364253998,0.01775580458343029,0.01489254366606474,0.10806175321340561,0.1835334450006485,0.30445969104766846,0.48456260561943054,0.07729578018188477,1126.2170544433593,1126.8514611816406,0.001
68158129c6c3ab2c,cub200-convnext_tiny-regression-profile-N17-search-s1,finished,search,cub200,profile,regression,17,1,convnext_tiny,10.0,0.0022448173258453608,0.023122362792491913,0.04860759526491165,0.08489451557397842,0.14700421690940857,0.017874374985694885,0.015247922390699387,0.10205832123756409,0.180960550904274,0.3096054792404175,0.5068610906600952,0.07975059002637863,1071.8043267822266,1072.4695178222655,0.0009046039886902862
68158129c6c3ab2c,cub200-convnext_tiny-regression-profile-N17-search-s1,finished,search,cub200,profile,regression,17,1,convnext_tiny,15.0,0.002234653104096651,0.024810126051306725,0.046244725584983826,0.08438818901777267,0.1451476812362671,0.01768243871629238,0.0151444673538208,0.10205832123756409,0.19210977852344513,0.33361920714378357,0.5034305453300476,0.07913718372583389,1057.995184326172,1058.699154663086,0.0006548539886902863
68158129c6c3ab2c,cub200-convnext_tiny-regression-profile-N17-search-s1,finished,search,cub200,profile,regression,17,1,convnext_tiny,20.0,0.0022944500669837,0.027004219591617584,0.05215189978480339,0.08843881636857986,0.14869198203086853,0.017665032297372818,0.015389258973300457,0.11234991252422333,0.19554030895233154,0.32933104038238525,0.5068610906600952,0.08002829551696777,1044.0753466796875,1044.7992706298828,0.0003461460113097138
68158129c6c3ab2c,cub200-convnext_tiny-regression-profile-N17-search-s1,finished,search,cub200,profile,regression,17,1,convnext_tiny,25.0,0.0023296691942960024,0.028354430571198463,0.05080168694257736,0.09012658149003983,0.1567932516336441,0.017884787172079086,0.01541889552026987,0.11406517773866653,0.19982847571372986,0.32675814628601074,0.5034305453300476,0.07978589832782745,1047.1102209472656,1047.850816040039,9.63960113097138e-05
68158129c6c3ab2c,cub200-convnext_tiny-regression-profile-N17-search-s1,finished,search,cub200,profile,regression,17,1,convnext_tiny,30.0,0.0023285294882953167,0.02852320671081543,0.05248945206403732,0.08843881636857986,0.15544304251670837,0.01789712905883789,0.015414648689329624,0.11749570816755295,0.19897083938121796,0.3207547068595886,0.4991423785686493,0.07961421459913254,1036.1927618408204,1036.9370672607422,1e-06
59ec680e4897d004,cub200-convnext_tiny-regression-profile-N17-search-s2,finished,search,cub200,profile,regression,17,2,convnext_tiny,5.0,0.002189842751249671,0.024303797632455826,0.04303797334432602,0.07713080197572708,0.13232067227363586,0.017558401450514793,0.011820945888757706,0.09168081730604172,0.16129031777381897,0.2971137464046478,0.4651952385902405,0.06970272213220596,1152.113265991211,1152.7379205322266,0.001
59ec680e4897d004,cub200-convnext_tiny-regression-profile-N17-search-s2,finished,search,cub200,profile,regression,17,2,convnext_tiny,10.0,0.00218012067489326,0.023797469213604927,0.044894516468048096,0.08202531933784485,0.1419409215450287,0.0178149975836277,0.012352736666798592,0.09422750771045685,0.17826825380325317,0.2869269847869873,0.4685908257961273,0.07000865787267685,1084.5599267578125,1085.2349786376953,0.0009046039886902862
59ec680e4897d004,cub200-convnext_tiny-regression-profile-N17-search-s2,finished,search,cub200,profile,regression,17,2,convnext_tiny,15.0,0.0023584063164889812,0.027341771870851517,0.05147679150104523,0.08894515037536621,0.1535864919424057,0.018203120678663254,0.01315976120531559,0.10780984908342361,0.1791171431541443,0.31578946113586426,0.475382000207901,0.07318500429391861,1058.1706848144531,1058.8876263427735,0.0006548539886902863
59ec680e4897d004,cub200-convnext_tiny-regression-profile-N17-search-s2,finished,search,cub200,profile,regression,17,2,convnext_tiny,20.0,0.002346183406189084,0.02632911317050457,0.049789030104875565,0.09113924205303192,0.1588185727596283,0.018404196947813034,0.013738632202148438,0.11629880964756012,0.20033955574035645,0.3132427930831909,0.46943971514701843,0.07452991604804993,1040.2979754638673,1041.0494226074218,0.0003461460113097138
59ec680e4897d004,cub200-convnext_tiny-regression-profile-N17-search-s2,finished,search,cub200,profile,regression,17,2,convnext_tiny,25.0,0.002363082254305482,0.026835443452000618,0.05029536038637161,0.09215189516544342,0.16135020554065704,0.01853484846651554,0.013652176596224308,0.10950764268636703,0.19015279412269592,0.31663838028907776,0.4847198724746704,0.0744258314371109,1032.7227783203125,1033.485594482422,9.63960113097138e-05
59ec680e4897d004,cub200-convnext_tiny-regression-profile-N17-search-s2,finished,search,cub200,profile,regression,17,2,convnext_tiny,30.0,0.0023626170586794615,0.027004219591617584,0.04928269982337952,0.09282700717449188,0.16135020554065704,0.01857869140803814,0.013699649833142757,0.11205433309078217,0.1960950791835785,0.3115449845790863,0.4915110468864441,0.0744943916797638,1029.9588153076172,1030.7215808105468,1e-06
67cfa1bb3745d0b5,cub200-convnext_tiny-regression-profile-N2-final-s0,finished,final,cub200,profile,regression,2,0,convnext_tiny,5.0,0.002417847979813814,0.02666666731238365,0.053670886904001236,0.09232067316770554,0.15139240026474,0.019107963889837265,0.016345325857400894,0.0945606678724289,0.17238493263721466,0.29288703203201294,0.4870292842388153,0.08470389991998672,0.0,0.1751192156970501,0.001
67cfa1bb3745d0b5,cub200-convnext_tiny-regression-profile-N2-final-s0,finished,final,cub200,profile,regression,2,0,convnext_tiny,10.0,0.0058847335167229176,0.05080168694257736,0.08607594668865204,0.14464135468006134,0.24185654520988464,0.033564042299985886,0.03128982335329056,0.15648534893989563,0.2602510452270508,0.4184100329875946,0.6158995628356934,0.12077896296977997,0.0,0.17581770852208137,0.000995347630045147
67cfa1bb3745d0b5,cub200-convnext_tiny-regression-profile-N2-final-s0,finished,final,cub200,profile,regression,2,0,convnext_tiny,15.0,0.014608368277549744,0.07999999821186066,0.14042194187641144,0.22278481721878052,0.34751054644584656,0.057583779096603394,0.07289693504571915,0.261924684047699,0.42928871512413025,0.6050209403038025,0.7631798982620239,0.1945103406906128,0.0,0.18687307223677635,0.0009814771850302259
67cfa1bb3745d0b5,cub200-convnext_tiny-regression-profile-N2-final-s0,finished,final,cub200,profile,regression,2,0,convnext_tiny,20.0,0.020762694999575615,0.10649789124727249,0.16978903114795685,0.25856539607048035,0.374008446931839,0.06760916113853455,0.09994050860404968,0.3221757411956787,0.4870292842388153,0.6502091884613037,0.7949790954589844,0.2310890108346939,0.0,0.18830646842718124,0.0009586470451019739
67cfa1bb3745d0b5,cub200-convnext_tiny-regression-profile-N2-final-s0,finished,final,cub200,profile,regression,2,0,convnext_tiny,25.0,0.024339983239769936,0.11443038284778595,0.17890295386314392,0.27932488918304443,0.400168776512146,0.07404987514019012,0.10912535339593887,0.38744768500328064,0.5456066727638245,0.692887008190155,0.822594165802002,0.23943762481212616,0.0,0.19145011350512506,0.0009272824925709711
67cfa1bb3745d0b5,cub200-convnext_tiny-regression-profile-N2-final-s0,finished,final,cub200,profile,regression,2,0,convnext_tiny,30.0,0.02746059186756611,0.1275949329137802,0.19763712584972382,0.2865822911262512,0.4182278513908386,0.07945611327886581,0.12293212115764618,0.3983263671398163,0.5573222041130066,0.6953974962234497,0.8292887210845947,0.2553538680076599,0.0,0.192902050614357,0.0008879677897068578
67cfa1bb3745d0b5,cub200-convnext_tiny-regression-profile-N2-final-s0,finished,final,cub200,profile,regression,2,0,convnext_tiny,35.0,0.029411809518933296,0.13856540620326996,0.2109704613685608,0.3080168664455414,0.43189874291419983,0.08263657987117767,0.13436345756053925,0.4384937286376953,0.5941422581672668,0.7389121055603027,0.8426778316497803,0.26851168274879456,0.0,0.194305519759655,0.0008414352950377178
67cfa1bb3745d0b5,cub200-convnext_tiny-regression-profile-N2-final-s0,finished,final,cub200,profile,regression,2,0,convnext_tiny,40.0,0.030317801982164383,0.14481012523174286,0.21603375673294067,0.3186497986316681,0.4418565332889557,0.08391444385051727,0.13762807846069336,0.4393305480480194,0.6083682179450989,0.738075315952301,0.8418409824371338,0.2720368206501007,0.0,0.19558833226561545,0.0007885518208963762
67cfa1bb3745d0b5,cub200-convnext_tiny-regression-profile-N2-final-s0,finished,final,cub200,profile,regression,2,0,convnext_tiny,45.0,0.030514059588313103,0.15409283339977264,0.22227847576141357,0.3188185691833496,0.44067510962486267,0.0825694277882576,0.12994709610939026,0.42594143748283386,0.573221743106842,0.7330543994903564,0.8460251092910767,0.2628483176231384,0.0,0.19468218743801116,0.0007303024863467105
67cfa1bb3745d0b5,cub200-convnext_tiny-regression-profile-N2-final-s0,finished,final,cub200,profile,regression,2,0,convnext_tiny,50.0,0.029320048168301582,0.1515611857175827,0.22194093465805054,0.31493669748306274,0.4386498034000397,0.080009326338768,0.12879572808742523,0.4125522971153259,0.5598326325416565,0.7104602456092834,0.8301255106925964,0.25875937938690186,0.0,0.19101931169629097,0.0006677723662794075
67cfa1bb3745d0b5,cub200-convnext_tiny-regression-profile-N2-final-s0,finished,final,cub200,profile,regression,2,0,convnext_tiny,55.0,0.02946084551513195,0.15189872682094574,0.2204219400882721,0.3167932629585266,0.43088608980178833,0.0799272283911705,0.12554410099983215,0.4401673674583435,0.5765690207481384,0.7004184126853943,0.8175732493400574,0.2534150779247284,0.0,0.1853419826924801,0.0006021262785197906
67cfa1bb3745d0b5,cub200-convnext_tiny-regression-profile-N2-final-s0,finished,final,cub200,profile,regression,2,0,convnext_tiny,60.0,0.028971586376428604,0.13940928876399994,0.20219409465789795,0.2967088520526886,0.4229535758495331,0.0785018727183342,0.1220187246799469,0.41004183888435364,0.5531380772590637,0.6995815634727478,0.8158996105194092,0.250237375497818,0.0,0.1788240207731724,0.0005345870854756532
67cfa1bb3745d0b5,cub200-convnext_tiny-regression-profile-N2-final-s0,finished,final,cub200,profile,regression,2,0,convnext_tiny,65.0,0.028704192489385605,0.14599156379699707,0.2194092869758606,0.3041350245475769,0.4172151982784271,0.07763860374689102,0.12103534489870071,0.4242677688598633,0.5682008266448975,0.7046025395393372,0.8209205269813538,0.2524367868900299,0.0,0.16827320873737336,0.0004664129145243469
67cfa1bb3745d0b5,cub200-convnext_tiny-regression-profile-N2-final-s0,finished,final,cub200,profile,regression,2,0,convnext_tiny,70.0,0.030045321211218834,0.14599156379699707,0.21383966505527496,0.30464133620262146,0.4202531576156616,0.07890751957893372,0.12440069019794464,0.4200836718082428,0.5757322311401367,0.7138075232505798,0.8142259120941162,0.2541930377483368,0.0,0.15672443203628064,0.0003988737214802095
67cfa1bb3745d0b5,cub200-convnext_tiny-regression-profile-N2-final-s0,finished,final,cub200,profile,regression,2,0,convnext_tiny,75.0,0.027874158695340157,0.13417720794677734,0.20641350746154785,0.297890305519104,0.4129957854747772,0.07559940218925476,0.11915013939142227,0.4142259359359741,0.5656903982162476,0.715481162071228,0.8184100389480591,0.24823953211307526,0.0,0.1477507209032774,0.0003332276337205924
67cfa1bb3745d0b5,cub200-convnext_tiny-regression-profile-N2-final-s0,finished,final,cub200,profile,regression,2,0,convnext_tiny,80.0,0.027535350993275642,0.13873417675495148,0.2048945128917694,0.2882700562477112,0.403037965297699,0.07397288084030151,0.11762857437133789,0.4142259359359741,0.5472803115844727,0.6953974962234497,0.8117154836654663,0.24413955211639404,0.0,0.13395410746335984,0.00027069751365328947
67cfa1bb3745d0b5,cub200-convnext_tiny-regression-profile-N2-final-s0,finished,final,cub200,profile,regression,2,0,convnext_tiny,85.0,0.028000013902783394,0.1348523199558258,0.20236286520957947,0.2928270101547241,0.40050631761550903,0.07549934834241867,0.11728744208812714,0.3974895477294922,0.529707133769989,0.6845188140869141,0.8117154836654663,0.246444970369339,0.0,0.12442868836224079,0.0002124481791036239
67cfa1bb3745d0b5,cub200-convnext_tiny-regression-profile-N2-final-s0,finished,final,cub200,profile,regression,2,0,convnext_tiny,90.0,0.027437053620815277,0.13046413660049438,0.19611814618110657,0.2865822911262512,0.401350200176239,0.07419214397668839,0.11896996945142746,0.3907949924468994,0.5556485652923584,0.701255202293396,0.8217573165893555,0.2484990656375885,0.0,0.11693072758615017,0.00015956470496228238
67cfa1bb3745d0b5,cub200-convnext_tiny-regression-profile-N2-final-s0,finished,final,cub200,profile,regression,2,0,convnext_tiny,95.0,0.02625412307679653,0.1275949329137802,0.19105485081672668,0.28354430198669434,0.39341771602630615,0.07251580059528351,0.11410801857709885,0.38158994913101196,0.5447698831558228,0.6979079246520996,0.8192468881607056,0.24175241589546204,0.0,0.11424232263118028,0.00011303221029314226
67cfa1bb3745d0b5,cub200-convnext_tiny-regression-profile-N2-final-s0,finished,final,cub200,profile,regression,2,0,convnext_tiny,100.0,0.02658800780773163,0.1275949329137802,0.18953587114810944,0.27932488918304443,0.39223629236221313,0.07261205464601517,0.11220218986272812,0.38242676854133606,0.5389121174812317,0.6861924529075623,0.8025104403495789,0.23941783607006073,0.0,0.10661133348941804,7.371750742902897e-05
67cfa1bb3745d0b5,cub200-convnext_tiny-regression-profile-N2-final-s0,finished,final,cub200,profile,regression,2,0,convnext_tiny,105.0,0.026637256145477295,0.1286076009273529,0.19611814618110657,0.2832067608833313,0.39561182260513306,0.07281004637479782,0.11345670372247696,0.38410040736198425,0.53807532787323,0.6753138303756714,0.8050209283828735,0.24177956581115723,0.0,0.09948973849415779,4.235295489802631e-05
67cfa1bb3745d0b5,cub200-convnext_tiny-regression-profile-N2-final-s0,finished,final,cub200,profile,regression,2,0,convnext_tiny,110.0,0.02638011798262596,0.1274261623620987,0.19274261593818665,0.28270041942596436,0.38902953267097473,0.07225385308265686,0.1136462464928627,0.38242676854133606,0.53807532787323,0.6828451752662659,0.8025104403495789,0.24153850972652435,0.0,0.10372936926782131,1.9522814969774334e-05
67cfa1bb3745d0b5,cub200-convnext_tiny-regression-profile-N2-final-s0,finished,final,cub200,profile,regression,2,0,convnext_tiny,115.0,0.026575028896331787,0.1286076009273529,0.19240505993366241,0.28270041942596436,0.3908860683441162,0.07230272144079208,0.11366371810436249,0.3790794909000397,0.5422593951225281,0.6728033423423767,0.8108786344528198,0.24170167744159698,0.0,0.09866004683077335,5.652369954852788e-06
67cfa1bb3745d0b5,cub200-convnext_tiny-regression-profile-N2-final-s0,finished,final,cub200,profile,regression,2,0,convnext_tiny,120.0,0.026552855968475342,0.12691983580589294,0.19240505993366241,0.2821940779685974,0.39004218578338623,0.07229146361351013,0.11376702785491943,0.3765690326690674,0.5456066727638245,0.6744769811630249,0.8050209283828735,0.2420521229505539,0.0,0.1016973752900958,1e-06
3a08b3f8af90fb5a,cub200-convnext_tiny-regression-mds-N2-search-s0,finished,search,cub200,mds,regression,2,0,convnext_tiny,5.0,0.002475530607625842,0.028860758990049362,0.04860759526491165,0.08945147693157196,0.15291139483451843,0.019437970593571663,0.01607186160981655,0.10543932765722275,0.17991632223129272,0.29205021262168884,0.4677824378013611,0.08335281163454056,0.0,0.17657997265458106,0.001
3a08b3f8af90fb5a,cub200-convnext_tiny-regression-mds-N2-search-s0,finished,search,cub200,mds,regression,2,0,convnext_tiny,10.0,0.007481795269995928,0.0595780573785305,0.10109704732894897,0.16438817977905273,0.26075950264930725,0.03780142217874527,0.034538090229034424,0.15481171011924744,0.2820083796977997,0.4384937286376953,0.6376569271087646,0.12704651057720184,0.0,0.17807675614953042,0.0009046039886902862
3a08b3f8af90fb5a,cub200-convnext_tiny-regression-mds-N2-search-s0,finished,search,cub200,mds,regression,2,0,convnext_tiny,15.0,0.012580481357872486,0.07510548830032349,0.12556962668895721,0.2038818597793579,0.3208438754081726,0.051543425768613815,0.05809541791677475,0.24100418388843536,0.3899581730365753,0.5439330339431763,0.7146443724632263,0.1702917367219925,0.0,0.1838351482152939,0.0006548539886902863
3a08b3f8af90fb5a,cub200-convnext_tiny-regression-mds-N2-search-s0,finished,search,cub200,mds,regression,2,0,convnext_tiny,20.0,0.017200294882059097,0.09130802005529404,0.14548523724079132,0.22970464825630188,0.3512236177921295,0.06171884387731552,0.0822162851691246,0.27029287815093994,0.421757310628891,0.6016736626625061,0.7564853429794312,0.20826250314712524,0.0,0.1877170492708683,0.0003461460113097138
3a08b3f8af90fb5a,cub200-convnext_tiny-regression-mds-N2-search-s0,finished,search,cub200,mds,regression,2,0,convnext_tiny,25.0,0.018852416425943375,0.09839662164449692,0.1557805836200714,0.2413502037525177,0.36303797364234924,0.06430953741073608,0.09122561663389206,0.302092045545578,0.45439329743385315,0.626778244972229,0.7757322192192078,0.2186042070388794,0.0,0.18875713780522346,9.63960113097138e-05
3a08b3f8af90fb5a,cub200-convnext_tiny-regression-mds-N2-search-s0,finished,search,cub200,mds,regression,2,0,convnext_tiny,30.0,0.019388196989893913,0.09991560876369476,0.16135020554065704,0.24489451944828033,0.3613502085208893,0.06503230333328247,0.0927930474281311,0.2995815873146057,0.47196653485298157,0.6192468404769897,0.7841004133224487,0.21989674866199493,0.0,0.19284818604588508,1e-06
f939d90e43cb0e5f,cub200-convnext_tiny-regression-mds-N2-search-s1,finished,search,cub200,mds,regression,2,1,convnext_tiny,5.0,0.0026288318913429976,0.02902953512966633,0.05350210890173912,0.09637130796909332,0.16523206233978271,0.019667208194732666,0.01996457204222679,0.14150942862033844,0.23156088590621948,0.3636363744735718,0.5394511222839355,0.09059405326843262,0.0,0.17331325888633728,0.001
f939d90e43cb0e5f,cub200-convnext_tiny-regression-mds-N2-search-s1,finished,search,cub200,mds,regression,2,1,convnext_tiny,10.0,0.005411874502897263,0.05248945206403732,0.08928269892930984,0.1515611857175827,0.24708861112594604,0.03319375962018967,0.042796216905117035,0.20497426390647888,0.3181818127632141,0.4734133780002594,0.6500857472419739,0.13959622383117676,0.0,0.1767246840894222,0.0009046039886902862
f939d90e43cb0e5f,cub200-convnext_tiny-regression-mds-N2-search-s1,finished,search,cub200,mds,regression,2,1,convnext_tiny,15.0,0.012578897178173065,0.07510548830032349,0.11746835708618164,0.19578059017658234,0.3049789071083069,0.05021841451525688,0.07873138040304184,0.2873070240020752,0.4185248613357544,0.5703259110450745,0.7229845523834229,0.19319239258766174,0.0,0.18149739861488343,0.0006548539886902863
f939d90e43cb0e5f,cub200-convnext_tiny-regression-mds-N2-search-s1,finished,search,cub200,mds,regression,2,1,convnext_tiny,20.0,0.01911369524896145,0.09502109885215759,0.15611813962459564,0.24320675432682037,0.36438819766044617,0.06416775286197662,0.11246999353170395,0.3353344798088074,0.48885077238082886,0.6732418537139893,0.7967410087585449,0.23583869636058807,0.0,0.18493332609534263,0.0003461460113097138
f939d90e43cb0e5f,cub200-convnext_tiny-regression-mds-N2-search-s1,finished,search,cub200,mds,regression,2,1,convnext_tiny,25.0,0.021076036617159843,0.09873417764902115,0.16151899099349976,0.24506328999996185,0.36607596278190613,0.06780179589986801,0.12150893360376358,0.35506004095077515,0.5128644704818726,0.6732418537139893,0.8044596910476685,0.24590475857257843,0.0,0.18648917660117148,9.63960113097138e-05
f939d90e43cb0e5f,cub200-convnext_tiny-regression-mds-N2-search-s1,finished,search,cub200,mds,regression,2,1,convnext_tiny,30.0,0.021345963701605797,0.10430379956960678,0.16523206233978271,0.24945147335529327,0.37485232949256897,0.06832359731197357,0.12395033985376358,0.34991422295570374,0.4965694546699524,0.682675838470459,0.8164665699005127,0.2488911896944046,0.0,0.18707168310880662,1e-06
b853c97ceac309b5,cub200-convnext_tiny-regression-mds-N2-search-s2,finished,search,cub200,mds,regression,2,2,convnext_tiny,5.0,0.0025711688213050365,0.027510548010468483,0.04945147782564163,0.09063290804624557,0.15763713419437408,0.019985944032669067,0.014773967675864697,0.09932088106870651,0.17826825380325317,0.3056027293205261,0.4906621277332306,0.0798441618680954,0.0,0.17813751012086868,0.001
b853c97ceac309b5,cub200-convnext_tiny-regression-mds-N2-search-s2,finished,search,cub200,mds,regression,2,2,convnext_tiny,10.0,0.006645382847636938,0.05248945206403732,0.08945147693157196,0.15105485916137695,0.24843882024288177,0.035912301391363144,0.030953723937273026,0.1561969369649887,0.2631579041481018,0.416808158159256,0.5950763821601868,0.11712569743394852,0.0,0.1763907964527607,0.0009046039886902862
b853c97ceac309b5,cub200-convnext_tiny-regression-mds-N2-search-s2,finished,search,cub200,mds,regression,2,2,convnext_tiny,15.0,0.013729759491980076,0.07493671029806137,0.13518987596035004,0.21468354761600494,0.32776370644569397,0.05443126708269119,0.06165232136845589,0.24108658730983734,0.35483869910240173,0.511035680770874,0.674872636795044,0.16106216609477997,0.0,0.18253662019968034,0.0006548539886902863
b853c97ceac309b5,cub200-convnext_tiny-regression-mds-N2-search-s2,finished,search,cub200,mds,regression,2,2,convnext_tiny,20.0,0.018875429406762123,0.09586498141288757,0.15746834874153137,0.24388185143470764,0.36624473333358765,0.06482064723968506,0.07813269644975662,0.2784380316734314,0.426146000623703,0.5823429822921753,0.7164685726165771,0.1877073049545288,0.0,0.18736305117607116,0.0003461460113097138
b853c97ceac309b5,cub200-convnext_tiny-regression-mds-N2-search-s2,finished,search,cub200,mds,regression,2,2,convnext_tiny,25.0,0.021196424961090088,0.10582278668880463,0.1702953577041626,0.26464134454727173,0.3826160430908203,0.06840058416128159,0.0854458287358284,0.3047538101673126,0.4422750473022461,0.5908319354057312,0.7241086363792419,0.1983262002468109,0.0,0.19038418859243392,9.63960113097138e-05
b853c97ceac309b5,cub200-convnext_tiny-regression-mds-N2-search-s2,finished,search,cub200,mds,regression,2,2,convnext_tiny,30.0,0.021588755771517754,0.10700421780347824,0.1745147705078125,0.2634599208831787,0.3905485272407532,0.06917911767959595,0.08786462992429733,0.2971137464046478,0.4439728260040283,0.5967742204666138,0.7266553640365601,0.2011318951845169,0.0,0.1909019324183464,1e-06
d0b6d334cd445186,cub200-convnext_tiny-regression-mds-N4-search-s0,finished,search,cub200,mds,regression,4,0,convnext_tiny,5.0,0.0021503353491425514,0.02548523247241974,0.04202531650662422,0.07864978909492493,0.14160338044166565,0.01763954944908619,0.013800756074488163,0.08451882749795914,0.17322175204753876,0.29037657380104065,0.4410041868686676,0.07357414811849594,175.49419036865234,176.07185943603517,0.001
d0b6d334cd445186,cub200-convnext_tiny-regression-mds-N4-search-s0,finished,search,cub200,mds,regression,4,0,convnext_tiny,10.0,0.002078319899737835,0.025316456332802773,0.041012659668922424,0.07443037629127502,0.13434599339962006,0.017048602923750877,0.012675842270255089,0.08702928572893143,0.1606694608926773,0.26610878109931946,0.4376569092273712,0.07019879668951035,160.16243583679199,160.7250114440918,0.0009046039886902862
d0b6d334cd445186,cub200-convnext_tiny-regression-mds-N4-search-s0,finished,search,cub200,mds,regression,4,0,convnext_tiny,15.0,0.0020175017416477203,0.02278481051325798,0.041856538504362106,0.07594936341047287,0.1346835494041443,0.016667820513248444,0.011364342644810677,0.08200836926698685,0.1648535579442978,0.2803347408771515,0.4485355615615845,0.0676393210887909,155.9717343902588,156.50691787719725,0.0006548539886902863
d0b6d334cd445186,cub200-convnext_tiny-regression-mds-N4-search-s0,finished,search,cub200,mds,regression,4,0,convnext_tiny,20.0,0.002027381444349885,0.02278481051325798,0.03999999910593033,0.07189873605966568,0.13502109050750732,0.017280811443924904,0.012119309045374393,0.07280334830284119,0.16652719676494598,0.28870293498039246,0.45774057507514954,0.06975416839122772,154.25272506713867,154.77270454406738,0.0003461460113097138
d0b6d334cd445186,cub200-convnext_tiny-regression-mds-N4-search-s0,finished,search,cub200,mds,regression,4,0,convnext_tiny,25.0,0.0019061291823163629,0.021265823394060135,0.04168776422739029,0.0678481012582779,0.12995781004428864,0.01651681773364544,0.010917248204350471,0.08451882749795914,0.1606694608926773,0.2761506140232086,0.45020920038223267,0.06493548303842545,151.8064736175537,152.3092147064209,9.63960113097138e-05
d0b6d334cd445186,cub200-convnext_tiny-regression-mds-N4-search-s0,finished,search,cub200,mds,regression,4,0,convnext_tiny,30.0,0.0018441641004756093,0.021265823394060135,0.03898734226822853,0.06649789214134216,0.12455695867538452,0.016008583828806877,0.01032035332173109,0.07866108417510986,0.1598326414823532,0.2602510452270508,0.4401673674583435,0.0629061684012413,153.0387335205078,153.52807571411134,1e-06
3230584b13b46dac,cub200-convnext_tiny-regression-mds-N4-search-s1,finished,search,cub200,mds,regression,4,1,convnext_tiny,5.0,0.0020074150525033474,0.02278481051325798,0.04084388166666031,0.07257384061813354,0.13856540620326996,0.016523759812116623,0.013278697617352009,0.09090909361839294,0.17581474781036377,0.294168084859848,0.46569469571113586,0.0704035684466362,171.8966177368164,172.4916957092285,0.001
3230584b13b46dac,cub200-convnext_tiny-regression-mds-N4-search-s1,finished,search,cub200,mds,regression,4,1,convnext_tiny,10.0,0.0019667567685246468,0.02059071697294712,0.040168777108192444,0.07358650118112564,0.13299578428268433,0.016903607174754143,0.013090109452605247,0.1063464805483818,0.1835334450006485,0.2830188572406769,0.476843923330307,0.07262624800205231,161.65365043640136,162.22006629943849,0.0009046039886902862
3230584b13b46dac,cub200-convnext_tiny-regression-mds-N4-search-s1,finished,search,cub200,mds,regression,4,1,convnext_tiny,15.0,0.001971371006220579,0.02362869121134281,0.041012659668922424,0.07358650118112564,0.13198311626911163,0.01673922687768936,0.012755448929965496,0.09090909361839294,0.16895368695259094,0.294168084859848,0.46397942304611206,0.07299274951219559,155.48249114990233,156.02353286743164,0.0006548539886902863
3230584b13b46dac,cub200-convnext_tiny-regression-mds-N4-search-s1,finished,search,cub200,mds,regression,4,1,convnext_tiny,20.0,0.001859945012256503,0.022278480231761932,0.03983122482895851,0.07021097093820572,0.12371308356523514,0.016002336516976357,0.011653806082904339,0.08919382840394974,0.16809605062007904,0.2855917811393738,0.4408233165740967,0.06745553016662598,148.1028352355957,148.631353225708,0.0003461460113097138
3230584b13b46dac,cub200-convnext_tiny-regression-mds-N4-search-s1,finished,search,cub200,mds,regression,4,1,convnext_tiny,25.0,0.00190074706915766,0.021940927952528,0.0376371294260025,0.07054851949214935,0.12472573667764664,0.016172492876648903,0.011911120265722275,0.10291595011949539,0.16981132328510284,0.289022296667099,0.4459691345691681,0.06729365140199661,149.7425936126709,150.25644798278807,9.63960113097138e-05
3230584b13b46dac,cub200-convnext_tiny-regression-mds-N4-search-s1,finished,search,cub200,mds,regression,4,1,convnext_tiny,30.0,0.0017857637722045183,0.020759493112564087,0.03544303774833679,0.06886076182126999,0.12624472379684448,0.015579317696392536,0.01142575591802597,0.09005145728588104,0.16723842918872833,0.28130361437797546,0.46226415038108826,0.06671445816755295,149.15966751098634,149.66323593139649,1e-06
1d86d3f617196c21,cub200-convnext_tiny-regression-mds-N4-search-s2,finished,search,cub200,mds,regression,4,2,convnext_tiny,5.0,0.0020841548684984446,0.022278480231761932,0.042362868785858154,0.07392404973506927,0.13248945772647858,0.01723514124751091,0.011291024275124073,0.09337861090898514,0.1629881113767624,0.25806450843811035,0.4252971112728119,0.06733305007219315,174.6994245147705,175.28524536132812,0.001
1d86d3f617196c21,cub200-convnext_tiny-regression-mds-N4-search-s2,finished,search,cub200,mds,regression,4,2,convnext_tiny,10.0,0.0020817741751670837,0.023797469213604927,0.044556960463523865,0.08388185501098633,0.1399156153202057,0.017232919111847878,0.011039667762815952,0.08404074609279633,0.15195246040821075,0.26485568284988403,0.4329371750354767,0.06763281673192978,162.5070595550537,163.06920639038086,0.0009046039886902862
1d86d3f617196c21,cub200-convnext_tiny-regression-mds-N4-search-s2,finished,search,cub200,mds,regression,4,2,convnext_tiny,15.0,0.0020506575237959623,0.02362869121134281,0.04354430362582207,0.07915611565113068,0.1356962025165558,0.016743270680308342,0.011118718422949314,0.09252971410751343,0.15789473056793213,0.2614600956439972,0.42105263471603394,0.06684907525777817,153.61577026367186,154.15766792297364,0.0006548539886902863
1d86d3f617196c21,cub200-convnext_tiny-regression-mds-N4-search-s2,finished,search,cub200,mds,regression,4,2,convnext_tiny,20.0,0.0019480284536257386,0.025147680193185806,0.042362868785858154,0.07476793229579926,0.13451476395130157,0.016048859804868698,0.010508731938898563,0.0814940556883812,0.14346349239349365,0.255517840385437,0.42869269847869873,0.06525923311710358,149.99204238891602,150.5240908050537,0.0003461460113097138
1d86d3f617196c21,cub200-convnext_tiny-regression-mds-N4-search-s2,finished,search,cub200,mds,regression,4,2,convnext_tiny,25.0,0.0018645240925252438,0.020084388554096222,0.038818564265966415,0.07071729749441147,0.12810125946998596,0.016024669632315636,0.010055145248770714,0.07979626208543777,0.13667233288288116,0.25127333402633667,0.42275041341781616,0.06377629935741425,150.07949798583985,150.59485076904298,9.63960113097138e-05
1d86d3f617196c21,cub200-convnext_tiny-regression-mds-N4-search-s2,finished,search,cub200,mds,regression,4,2,convnext_tiny,30.0,0.001898151240311563,0.02278481051325798,0.040168777108192444,0.07274261862039566,0.13181434571743011,0.016042910516262054,0.009999196976423264,0.07894736528396606,0.13667233288288116,0.24023769795894623,0.4185059368610382,0.06393951177597046,150.43814575195313,150.94372100830077,1e-06
4c23279defbcdaf0,cub200-convnext_tiny-regression-mds-N8-search-s0,finished,search,cub200,mds,regression,8,0,convnext_tiny,5.0,0.0021636756137013435,0.022616034373641014,0.04168776422739029,0.07763712853193283,0.1399156153202057,0.017530102282762527,0.01327377837151289,0.09037657082080841,0.15397489070892334,0.2602510452270508,0.4451882839202881,0.07396884262561798,281.3942237854004,281.9889959716797,0.001
4c23279defbcdaf0,cub200-convnext_tiny-regression-mds-N8-search-s0,finished,search,cub200,mds,regression,8,0,convnext_tiny,10.0,0.002045570407062769,0.023797469213604927,0.04135021194815636,0.07679324597120285,0.1410970389842987,0.016955172643065453,0.013351594097912312,0.09790795296430588,0.16987447440624237,0.29539749026298523,0.47615063190460205,0.07278995215892792,259.4689910888672,260.0558174133301,0.0009046039886902862
4c23279defbcdaf0,cub200-convnext_tiny-regression-mds-N8-search-s0,finished,search,cub200,mds,regression,8,0,convnext_tiny,15.0,0.0020524230785667896,0.023459915071725845,0.041012659668922424,0.07324894517660141,0.13839662075042725,0.01718294993042946,0.012222510762512684,0.07698744535446167,0.15313807129859924,0.2744769752025604,0.45690375566482544,0.0707407295703888,250.4508544921875,251.0109619140625,0.0006548539886902863
4c23279defbcdaf0,cub200-convnext_tiny-regression-mds-N8-search-s0,finished,search,cub200,mds,regression,8,0,convnext_tiny,20.0,0.0019744799938052893,0.021265823394060135,0.03983122482895851,0.07122363150119781,0.1338396668434143,0.016856476664543152,0.011907776817679405,0.08702928572893143,0.1589958220720291,0.26945605874061584,0.444351464509964,0.07031287252902985,246.69113845825194,247.24598983764648,0.0003461460113097138
4c23279defbcdaf0,cub200-convnext_tiny-regression-mds-N8-search-s0,finished,search,cub200,mds,regression,8,0,convnext_tiny,25.0,0.0020410886500030756,0.021940927952528,0.03932489454746246,0.07443037629127502,0.13721519708633423,0.01747044362127781,0.012243218719959259,0.08535564690828323,0.1623430997133255,0.27280333638191223,0.45941421389579773,0.07094612717628479,245.05663940429687,245.5897543334961,9.63960113097138e-05
4c23279defbcdaf0,cub200-convnext_tiny-regression-mds-N8-search-s0,finished,search,cub200,mds,regression,8,0,convnext_tiny,30.0,0.0019889348186552525,0.021603375673294067,0.03814345970749855,0.07189873605966568,0.13248945772647858,0.01702088862657547,0.012331611476838589,0.09539748728275299,0.15313807129859924,0.27280333638191223,0.44937238097190857,0.07033060491085052,245.96034408569335,246.48710311889647,1e-06
9fb2026c70ba24d2,cub200-convnext_tiny-regression-mds-N8-search-s1,finished,search,cub200,mds,regression,8,1,convnext_tiny,5.0,0.0021543530747294426,0.02413502149283886,0.041518986225128174,0.07611814141273499,0.13755273818969727,0.01729043759405613,0.01409743633121252,0.10034305602312088,0.17924527823925018,0.29759863018989563,0.4708404839038849,0.07384226471185684,262.3413540649414,262.92510665893553,0.001
9fb2026c70ba24d2,cub200-convnext_tiny-regression-mds-N8-search-s1,finished,search,cub200,mds,regression,8,1,convnext_tiny,10.0,0.002010061638429761,0.019409282132983208,0.03915611654520035,0.07122363150119781,0.13046413660049438,0.0170845165848732,0.013158728368580341,0.10291595011949539,0.1835334450006485,0.29759863018989563,0.4545454680919647,0.07232449948787689,251.05235046386719,251.6376933288574,0.0009046039886902862
9fb2026c70ba24d2,cub200-convnext_tiny-regression-mds-N8-search-s1,finished,search,cub200,mds,regression,8,1,convnext_tiny,15.0,0.0020222084131091833,0.021772151812911034,0.04135021194815636,0.07611814141273499,0.13046413660049438,0.016667675226926804,0.01262800581753254,0.08747855573892593,0.1578044593334198,0.2967410087585449,0.46569469571113586,0.07207680493593216,245.42910888671875,245.99190994262696,0.0006548539886902863
9fb2026c70ba24d2,cub200-convnext_tiny-regression-mds-N8-search-s1,finished,search,cub200,mds,regression,8,1,convnext_tiny,20.0,0.00187392916996032,0.020084388554096222,0.03679325059056282,0.06987341493368149,0.12506328523159027,0.01630995236337185,0.012018644250929356,0.09176672250032425,0.17409949004650116,0.289022296667099,0.46397942304611206,0.06836686283349991,251.96914123535157,252.53448608398438,0.0003461460113097138
9fb2026c70ba24d2,cub200-convnext_tiny-regression-mds-N8-search-s1,finished,search,cub200,mds,regression,8,1,convnext_tiny,25.0,0.0019349852809682488,0.019409282132983208,0.037974681705236435,0.07139240205287933,0.12894514203071594,0.01663779653608799,0.011546299792826176,0.08919382840394974,0.16552315652370453,0.27873069047927856,0.45883360505104065,0.06763534247875214,245.8248292541504,246.36702545166017,9.63960113097138e-05
9fb2026c70ba24d2,cub200-convnext_tiny-regression-mds-N8-search-s1,finished,search,cub200,mds,regression,8,1,convnext_tiny,30.0,0.0019611462485045195,0.020253164693713188,0.03848101198673248,0.07341772317886353,0.12877637147903442,0.01651809550821781,0.011386996135115623,0.09262435883283615,0.1612349897623062,0.28216123580932617,0.46226415038108826,0.06719178706407547,246.79227447509766,247.3315788269043,1e-06
6ec14c7686e55a8b,cub200-convnext_tiny-regression-mds-N8-search-s2,finished,search,cub200,mds,regression,8,2,convnext_tiny,5.0,0.0020550331100821495,0.02362869121134281,0.04303797334432602,0.07443037629127502,0.13029536604881287,0.016783198341727257,0.010510344058275223,0.0814940556883812,0.13752122223377228,0.26570457220077515,0.441426157951355,0.06455381214618683,270.5269779968262,271.1173014831543,0.001
6ec14c7686e55a8b,cub200-convnext_tiny-regression-mds-N8-search-s2,finished,search,cub200,mds,regression,8,2,convnext_tiny,10.0,0.0021179423201829195,0.021940927952528,0.04135021194815636,0.07662447541952133,0.13957805931568146,0.017332473769783974,0.011078491806983948,0.08913412690162659,0.15449915826320648,0.2538200318813324,0.43887946009635925,0.06590812653303146,251.1951516723633,251.77352020263672,0.0009046039886902862
6ec14c7686e55a8b,cub200-convnext_tiny-regression-mds-N8-search-s2,finished,search,cub200,mds,regression,8,2,convnext_tiny,15.0,0.0020632378291338682,0.02329113893210888,0.04202531650662422,0.07932489365339279,0.13974682986736298,0.017097309231758118,0.010920697823166847,0.08573853969573975,0.1477079838514328,0.26655349135398865,0.43887946009635925,0.06535618752241135,247.81862030029296,248.39858810424803,0.0006548539886902863
6ec14c7686e55a8b,cub200-convnext_tiny-regression-mds-N8-search-s2,finished,search,cub200,mds,regression,8,2,convnext_tiny,20.0,0.002038008766248822,0.021603375673294067,0.044556960463523865,0.08185654133558273,0.13873417675495148,0.016579510644078255,0.010668288916349411,0.07979626208543777,0.15365025401115417,0.25721561908721924,0.42190152406692505,0.06557759642601013,250.68849731445312,251.24674224853516,0.0003461460113097138
6ec14c7686e55a8b,cub200-convnext_tiny-regression-mds-N8-search-s2,finished,search,cub200,mds,regression,8,2,convnext_tiny,25.0,0.0020965600851923227,0.02497890219092369,0.045400843024253845,0.08084388077259064,0.13957805931568146,0.016845883801579475,0.010663159191608429,0.08828523010015488,0.15789473056793213,0.2538200318813324,0.40492358803749084,0.0639905333518982,248.72890258789062,249.26789138793944,9.63960113097138e-05
6ec14c7686e55a8b,cub200-convnext_tiny-regression-mds-N8-search-s2,finished,search,cub200,mds,regression,8,2,convnext_tiny,30.0,0.0020438265055418015,0.02278481051325798,0.044556960463523865,0.07932489365339279,0.13518987596035004,0.016840891912579536,0.01087195798754692,0.08743633329868317,0.15365025401115417,0.26485568284988403,0.42105263471603394,0.0654255747795105,243.43192764282227,243.95878463745117,1e-06
15ccca44296f61b8,cub200-convnext_tiny-regression-mds-N16-search-s0,finished,search,cub200,mds,regression,16,0,convnext_tiny,5.0,0.0021247847471386194,0.024472573772072792,0.04253164678812027,0.08067510277032852,0.13974682986736298,0.017100324854254723,0.012052079662680626,0.07447698712348938,0.14811715483665466,0.26694560050964355,0.4610878527164459,0.0700472816824913,383.54455322265625,384.10822052001953,0.001
15ccca44296f61b8,cub200-convnext_tiny-regression-mds-N16-search-s0,finished,search,cub200,mds,regression,16,0,convnext_tiny,10.0,0.0021364695858210325,0.026835443452000618,0.04506329074501991,0.07797468453645706,0.1400843858718872,0.01733391173183918,0.012929117307066917,0.0928870290517807,0.17489539086818695,0.2962343096733093,0.4677824378013611,0.07195602357387543,362.0946688842773,362.675823059082,0.0009046039886902862
15ccca44296f61b8,cub200-convnext_tiny-regression-mds-N16-search-s0,finished,search,cub200,mds,regression,16,0,convnext_tiny,15.0,0.0020996134262531996,0.02497890219092369,0.04135021194815636,0.07679324597120285,0.13687764108181,0.0171730387955904,0.01232201885432005,0.08953975141048431,0.1631799191236496,0.29372385144233704,0.4702928960323334,0.07092572748661041,354.3686682128906,354.93800750732424,0.0006548539886902863
15ccca44296f61b8,cub200-convnext_tiny-regression-mds-N16-search-s0,finished,search,cub200,mds,regression,16,0,convnext_tiny,20.0,0.0019478022586554289,0.01974683627486229,0.03729957714676857,0.07375527173280716,0.13535864651203156,0.016693148761987686,0.011221079155802727,0.08535564690828323,0.14476987719535828,0.26945605874061584,0.4376569092273712,0.06751860678195953,349.43921875,349.9894702148438,0.0003461460113097138
15ccca44296f61b8,cub200-convnext_tiny-regression-mds-N16-search-s0,finished,search,cub200,mds,regression,16,0,convnext_tiny,25.0,0.0019883206114172935,0.0214345995336771,0.03949367254972458,0.07679324597120285,0.13704641163349152,0.016610251739621162,0.011419634334743023,0.07364016771316528,0.15146443247795105,0.2769874334335327,0.4418410062789917,0.06714154779911041,354.5173342895508,355.050168762207,9.63960113097138e-05
15ccca44296f61b8,cub200-convnext_tiny-regression-mds-N16-search-s0,finished,search,cub200,mds,regression,16,0,convnext_tiny,30.0,0.00198041507974267,0.022953586652874947,0.04118143394589424,0.07392404973506927,0.1378902941942215,0.016525873914361,0.011247044429183006,0.07615062594413757,0.14811715483665466,0.27112969756126404,0.4418410062789917,0.06647616624832153,350.32448516845704,350.85694732666013,1e-06
80e304a6c2f28d55,cub200-convnext_tiny-regression-mds-N16-search-s1,finished,search,cub200,mds,regression,16,1,convnext_tiny,5.0,0.0020246035419404507,0.0214345995336771,0.03949367254972458,0.07696202397346497,0.1316455751657486,0.016806019470095634,0.013253085315227509,0.10205832123756409,0.17753002047538757,0.2873070240020752,0.43996569514274597,0.07115097343921661,392.2219857788086,392.80942504882813,0.001
80e304a6c2f28d55,cub200-convnext_tiny-regression-mds-N16-search-s1,finished,search,cub200,mds,regression,16,1,convnext_tiny,10.0,0.0018890188075602055,0.019915612414479256,0.03594936802983284,0.06919831037521362,0.12421941012144089,0.016335127875208855,0.012601345777511597,0.1054888516664505,0.16981132328510284,0.27873069047927856,0.4459691345691681,0.06960166990756989,368.9402899169922,369.4989254760742,0.0009046039886902862
80e304a6c2f28d55,cub200-convnext_tiny-regression-mds-N16-search-s1,finished,search,cub200,mds,regression,16,1,convnext_tiny,15.0,0.002007473725825548,0.022278480231761932,0.04118143394589424,0.0720675140619278,0.12911392748355865,0.016752900555729866,0.01320028305053711,0.11234991252422333,0.1826758086681366,0.2933104634284973,0.4699828326702118,0.07116297632455826,360.12850006103514,360.6739273071289,0.0006548539886902863
80e304a6c2f28d55,cub200-convnext_tiny-regression-mds-N16-search-s1,finished,search,cub200,mds,regression,16,1,convnext_tiny,20.0,0.0020349270198494196,0.018565401434898376,0.03848101198673248,0.07341772317886353,0.13012658059597015,0.017054706811904907,0.01263505034148693,0.10291595011949539,0.18010291457176208,0.2924528419971466,0.4734133780002594,0.0696854367852211,358.09663360595704,358.6464953613281,0.0003461460113097138
80e304a6c2f28d55,cub200-convnext_tiny-regression-mds-N16-search-s1,finished,search,cub200,mds,regression,16,1,convnext_tiny,25.0,0.001969058532267809,0.019915612414479256,0.04135021194815636,0.07223628461360931,0.13046413660049438,0.01661386340856552,0.012134798802435398,0.10034305602312088,0.16295026242733002,0.29759863018989563,0.4734133780002594,0.06889276206493378,342.7059634399414,343.2355551147461,9.63960113097138e-05
80e304a6c2f28d55,cub200-convnext_tiny-regression-mds-N16-search-s1,finished,search,cub200,mds,regression,16,1,convnext_tiny,30.0,0.0019618598744273186,0.019578058272600174,0.03915611654520035,0.07139240205287933,0.12928269803524017,0.016601189970970154,0.012264231219887733,0.09862779080867767,0.17066895961761475,0.2933104634284973,0.46483704447746277,0.06968072056770325,347.87532775878907,348.4018991088867,1e-06
48d9f4468f619fb4,cub200-convnext_tiny-regression-mds-N16-search-s2,finished,search,cub200,mds,regression,16,2,convnext_tiny,5.0,0.0019782325252890587,0.021772151812911034,0.03949367254972458,0.07257384061813354,0.13316455483436584,0.0168117955327034,0.01139917504042387,0.08828523010015488,0.15874363481998444,0.2682512700557709,0.4516128897666931,0.06803039461374283,387.66898956298826,388.24404083251954,0.001
48d9f4468f619fb4,cub200-convnext_tiny-regression-mds-N16-search-s2,finished,search,cub200,mds,regression,16,2,convnext_tiny,10.0,0.002015586942434311,0.021772151812911034,0.038818564265966415,0.0742616057395935,0.13924050331115723,0.016813578084111214,0.010981627739965916,0.09168081730604172,0.15280136466026306,0.2707979679107666,0.4354838728904724,0.0648413747549057,360.8488998413086,361.4314468383789,0.0009046039886902862
48d9f4468f619fb4,cub200-convnext_tiny-regression-mds-N16-search-s2,finished,search,cub200,mds,regression,16,2,convnext_tiny,15.0,0.001957752276211977,0.02278481051325798,0.040506329387426376,0.07611814141273499,0.13248945772647858,0.0163058303296566,0.011107109487056732,0.09083192050457001,0.1553480476140976,0.2538200318813324,0.4431239366531372,0.06649331748485565,360.66721405029296,361.23459075927735,0.0006548539886902863
48d9f4468f619fb4,cub200-convnext_tiny-regression-mds-N16-search-s2,finished,search,cub200,mds,regression,16,2,convnext_tiny,20.0,0.001960134133696556,0.023122362792491913,0.040506329387426376,0.07324894517660141,0.13637131452560425,0.01622903347015381,0.010330588556826115,0.07640068233013153,0.14431239664554596,0.2563667297363281,0.416808158159256,0.06309825927019119,357.9012878417969,358.43506805419923,0.0003461460113097138
48d9f4468f619fb4,cub200-convnext_tiny-regression-mds-N16-search-s2,finished,search,cub200,mds,regression,16,2,convnext_tiny,25.0,0.0019755710382014513,0.023122362792491913,0.04168776422739029,0.07544303685426712,0.13299578428268433,0.016488784924149513,0.010524674318730831,0.07979626208543777,0.14431239664554596,0.24278438091278076,0.41426146030426025,0.06392834335565567,354.6255728149414,355.16602996826174,9.63960113097138e-05
48d9f4468f619fb4,cub200-convnext_tiny-regression-mds-N16-search-s2,finished,search,cub200,mds,regression,16,2,convnext_tiny,30.0,0.001953980652615428,0.02362869121134281,0.04270042106509209,0.07611814141273499,0.1346835494041443,0.016062701120972633,0.010621575638651848,0.07809846848249435,0.15449915826320648,0.24872665107250214,0.4278438091278076,0.06463787704706192,352.29139221191406,352.8178958129883,1e-06
ff7e9ca346d28f29,cub200-convnext_tiny-regression-mds-N17-search-s0,finished,search,cub200,mds,regression,17,0,convnext_tiny,5.0,0.0020769729744642973,0.02497890219092369,0.04253164678812027,0.07662447541952133,0.13434599339962006,0.017153307795524597,0.013065189123153687,0.08953975141048431,0.16736401617527008,0.28870293498039246,0.45355647802352905,0.07084723562002182,394.2953631591797,394.86628173828126,0.001
ff7e9ca346d28f29,cub200-convnext_tiny-regression-mds-N17-search-s0,finished,search,cub200,mds,regression,17,0,convnext_tiny,10.0,0.002039944753050804,0.023122362792491913,0.04033755138516426,0.07594936341047287,0.13535864651203156,0.017217902466654778,0.012214958667755127,0.08953975141048431,0.16736401617527008,0.2794979214668274,0.4435146450996399,0.06967192143201828,369.95716247558596,370.5182559204102,0.0009046039886902862
ff7e9ca346d28f29,cub200-convnext_tiny-regression-mds-N17-search-s0,finished,search,cub200,mds,regression,17,0,convnext_tiny,15.0,0.001974087907001376,0.023459915071725845,0.042362868785858154,0.07274261862039566,0.13856540620326996,0.01664174161851406,0.012161679565906525,0.08953975141048431,0.1615062803030014,0.26694560050964355,0.4435146450996399,0.06969669461250305,360.93534576416016,361.49588653564456,0.0006548539886902863
ff7e9ca346d28f29,cub200-convnext_tiny-regression-mds-N17-search-s0,finished,search,cub200,mds,regression,17,0,convnext_tiny,20.0,0.002067021792754531,0.02666666731238365,0.04725738242268562,0.07949367165565491,0.14042194187641144,0.016666706651449203,0.01219026930630207,0.07866108417510986,0.15230125188827515,0.2610878646373749,0.45523011684417725,0.07168325781822205,365.64238189697267,366.18601379394534,0.0003461460113097138
ff7e9ca346d28f29,cub200-convnext_tiny-regression-mds-N17-search-s0,finished,search,cub200,mds,regression,17,0,convnext_tiny,25.0,0.002029780298471451,0.025654008612036705,0.04354430362582207,0.07898734509944916,0.13654008507728577,0.016706649214029312,0.011799097992479801,0.07698744535446167,0.14811715483665466,0.261924684047699,0.4410041868686676,0.06987130641937256,365.89780670166016,366.4263854980469,9.63960113097138e-05
ff7e9ca346d28f29,cub200-convnext_tiny-regression-mds-N17-search-s0,finished,search,cub200,mds,regression,17,0,convnext_tiny,30.0,0.002002058317884803,0.025991560891270638,0.04253164678812027,0.07881856709718704,0.1390717327594757,0.01642528735101223,0.011688300408422947,0.08619246631860733,0.15230125188827515,0.2778242826461792,0.45857739448547363,0.06895536184310913,361.22303100585935,361.7441384887695,1e-06
a454d50f6e697fea,cub200-convnext_tiny-regression-mds-N17-search-s1,finished,search,cub200,mds,regression,17,1,convnext_tiny,5.0,0.0021693152375519276,0.023122362792491913,0.043206751346588135,0.07459915429353714,0.14143459498882294,0.01736687496304512,0.013939249329268932,0.11149228364229202,0.17667238414287567,0.2967410087585449,0.4682675898075104,0.07331422716379166,389.44639404296873,390.02675689697264,0.001
a454d50f6e697fea,cub200-convnext_tiny-regression-mds-N17-search-s1,finished,search,cub200,mds,regression,17,1,convnext_tiny,10.0,0.002050145762041211,0.023122362792491913,0.03915611654520035,0.07510548830032349,0.13603375852108002,0.016884081065654755,0.012731974013149738,0.11406517773866653,0.17495711147785187,0.2873070240020752,0.445111483335495,0.06895033270120621,375.8465643310547,376.41646179199216,0.0009046039886902862
a454d50f6e697fea,cub200-convnext_tiny-regression-mds-N17-search-s1,finished,search,cub200,mds,regression,17,1,convnext_tiny,15.0,0.002025288762524724,0.02413502149283886,0.0428691990673542,0.0772995799779892,0.13552743196487427,0.016343921422958374,0.01296355202794075,0.1037735864520073,0.17152658104896545,0.2958833575248718,0.4716981053352356,0.07046647369861603,367.07457611083987,367.63775146484375,0.0006548539886902863
a454d50f6e697fea,cub200-convnext_tiny-regression-mds-N17-search-s1,finished,search,cub200,mds,regression,17,1,convnext_tiny,20.0,0.0020511415787041187,0.02582278475165367,0.046244725584983826,0.0815189853310585,0.14227847754955292,0.016209660097956657,0.01173117570579052,0.10034305602312088,0.16295026242733002,0.2924528419971466,0.4785591661930084,0.06899165362119675,364.8701644897461,365.4181463623047,0.0003461460113097138
a454d50f6e697fea,cub200-convnext_tiny-regression-mds-N17-search-s1,finished,search,cub200,mds,regression,17,1,convnext_tiny,25.0,0.0019912063144147396,0.022616034373641014,0.04084388166666031,0.075274258852005,0.13721519708633423,0.016407229006290436,0.012180096469819546,0.09691251814365387,0.1595197319984436,0.29845625162124634,0.46569469571113586,0.06990861147642136,365.9937454223633,366.5087564086914,9.63960113097138e-05
a454d50f6e697fea,cub200-convnext_tiny-regression-mds-N17-search-s1,finished,search,cub200,mds,regression,17,1,convnext_tiny,30.0,0.0020289651583880186,0.02413502149283886,0.04523206874728203,0.07578059285879135,0.13805906474590302,0.01632308028638363,0.01218461338430643,0.1037735864520073,0.16209262609481812,0.2881646752357483,0.4665523171424866,0.06937301158905029,362.58054626464843,363.08751098632814,1e-06
66f7047d972dcb83,cub200-convnext_tiny-regression-mds-N17-search-s2,finished,search,cub200,mds,regression,17,2,convnext_tiny,5.0,0.0021434719674289227,0.02362869121134281,0.042362868785858154,0.07594936341047287,0.13822785019874573,0.017294136807322502,0.010862773284316063,0.08828523010015488,0.15025466680526733,0.2461799681186676,0.4244482219219208,0.06602592766284943,400.059206237793,400.6312680053711,0.001
66f7047d972dcb83,cub200-convnext_tiny-regression-mds-N17-search-s2,finished,search,cub200,mds,regression,17,2,convnext_tiny,10.0,0.0020042748656123877,0.021772151812911034,0.04118143394589424,0.07696202397346497,0.1358649730682373,0.016783110797405243,0.009969068691134453,0.07724957913160324,0.13412563502788544,0.24193547666072845,0.41341257095336914,0.06306936591863632,387.5192532348633,388.10290374755857,0.0009046039886902862
66f7047d972dcb83,cub200-convnext_tiny-regression-mds-N17-search-s2,finished,search,cub200,mds,regression,17,2,convnext_tiny,15.0,0.0019395455019548535,0.021940927952528,0.04118143394589424,0.07696202397346497,0.13704641163349152,0.016192859038710594,0.009758450090885162,0.07640068233013153,0.14091680943965912,0.24278438091278076,0.4032258093357086,0.06212436035275459,372.1721588134766,372.73356689453124,0.0006548539886902863
66f7047d972dcb83,cub200-convnext_tiny-regression-mds-N17-search-s2,finished,search,cub200,mds,regression,17,2,convnext_tiny,20.0,0.0020323721691966057,0.022616034373641014,0.042362868785858154,0.07409282773733139,0.13738396763801575,0.01658511534333229,0.010504545643925667,0.08064515888690948,0.1477079838514328,0.255517840385437,0.4074702858924866,0.06488143652677536,363.9019854736328,364.45015380859377,0.0003461460113097138
66f7047d972dcb83,cub200-convnext_tiny-regression-mds-N17-search-s2,finished,search,cub200,mds,regression,17,2,convnext_tiny,25.0,0.0019631171599030495,0.022447258234024048,0.03780590742826462,0.07324894517660141,0.13232067227363586,0.016379548236727715,0.010118723846971989,0.0814940556883812,0.14346349239349365,0.24193547666072845,0.4023769199848175,0.06302833557128906,363.279853515625,363.79802154541017,9.63960113097138e-05
66f7047d972dcb83,cub200-convnext_tiny-regression-mds-N17-search-s2,finished,search,cub200,mds,regression,17,2,convnext_tiny,30.0,0.001986714079976082,0.021940927952528,0.03848101198673248,0.07172995805740356,0.13046413660049438,0.01656172424554825,0.010323013179004192,0.0814940556883812,0.1485568732023239,0.24448217451572418,0.40492358803749084,0.0645219087600708,359.150046081543,359.6592102050781,1e-06
3d2673a29c5efba5,cub200-convnext_tiny-regression-mds-N2-final-s0,finished,final,cub200,mds,regression,2,0,convnext_tiny,5.0,0.0024964860640466213,0.025654008612036705,0.05232067406177521,0.09215189516544342,0.1566244661808014,0.01923612877726555,0.017161596566438675,0.09539748728275299,0.19330543279647827,0.3313807547092438,0.5029288530349731,0.0863671526312828,0.0,0.17695718005299568,0.001
3d2673a29c5efba5,cub200-convnext_tiny-regression-mds-N2-final-s0,finished,final,cub200,mds,regression,2,0,convnext_tiny,10.0,0.005316716618835926,0.04658227786421776,0.07999999821186066,0.1336708813905716,0.22210970520973206,0.0321003682911396,0.028940560296177864,0.14644351601600647,0.26610878109931946,0.4158995747566223,0.618410050868988,0.11705120652914047,0.0,0.17576999485492706,0.000995347630045147
3d2673a29c5efba5,cub200-convnext_tiny-regression-mds-N2-final-s0,finished,final,cub200,mds,regression,2,0,convnext_tiny,15.0,0.013849332928657532,0.0825316458940506,0.13097046315670013,0.21400843560695648,0.3341772258281708,0.053257692605257034,0.06262341886758804,0.26694560050964355,0.40920501947402954,0.5665271878242493,0.7313807606697083,0.1760638952255249,0.0,0.1836569431424141,0.0009814771850302259
3d2673a29c5efba5,cub200-convnext_tiny-regression-mds-N2-final-s0,finished,final,cub200,mds,regression,2,0,convnext_tiny,20.0,0.01872899942100048,0.100253164768219,0.16388185322284698,0.2465822845697403,0.37350210547447205,0.06403930485248566,0.08761537075042725,0.31213387846946716,0.47280335426330566,0.63514643907547,0.7966527342796326,0.21395789086818695,0.0,0.1865617299079895,0.0009586470451019739
3d2673a29c5efba5,cub200-convnext_tiny-regression-mds-N2-final-s0,finished,final,cub200,mds,regression,2,0,convnext_tiny,25.0,0.02293977700173855,0.11780590564012527,0.18362869322299957,0.27122363448143005,0.39949366450309753,0.07142836600542068,0.11044155806303024,0.3690376579761505,0.5372384786605835,0.692887008190155,0.8234309554100037,0.24287158250808716,0.0,0.19124255448579788,0.0009272824925709711
3d2673a29c5efba5,cub200-convnext_tiny-regression-mds-N2-final-s0,finished,final,cub200,mds,regression,2,0,convnext_tiny,30.0,0.02588333748281002,0.12675105035305023,0.18835443258285522,0.27966246008872986,0.4129957854747772,0.07672417163848877,0.11672551929950714,0.40753138065338135,0.5665271878242493,0.7104602456092834,0.8368200659751892,0.24881714582443237,0.0,0.19280546709895133,0.0008879677897068578
3d2673a29c5efba5,cub200-convnext_tiny-regression-mds-N2-final-s0,finished,final,cub200,mds,regression,2,0,convnext_tiny,35.0,0.027445323765277863,0.13080169260501862,0.19308017194271088,0.28978902101516724,0.4156962037086487,0.07836547493934631,0.12285958230495453,0.40669456124305725,0.5615062713623047,0.7121338844299316,0.8460251092910767,0.25594618916511536,0.0,0.19472395673394202,0.0008414352950377178
3d2673a29c5efba5,cub200-convnext_tiny-regression-mds-N2-final-s0,finished,final,cub200,mds,regression,2,0,convnext_tiny,40.0,0.029309308156371117,0.13805906474590302,0.20827004313468933,0.30025315284729004,0.4190717339515686,0.08076364547014236,0.12061757594347,0.4200836718082428,0.581589937210083,0.7221757173538208,0.8451882600784302,0.2532758116722107,0.0,0.19537532433867455,0.0007885518208963762
3d2673a29c5efba5,cub200-convnext_tiny-regression-mds-N2-final-s0,finished,final,cub200,mds,regression,2,0,convnext_tiny,45.0,0.029174016788601875,0.14025317132472992,0.21029536426067352,0.3051476776599884,0.4275105595588684,0.07943221181631088,0.12528763711452484,0.43430963158607483,0.5941422581672668,0.7288702726364136,0.8468618988990784,0.25819557905197144,0.0,0.19381381437182427,0.0007303024863467105
3d2673a29c5efba5,cub200-convnext_tiny-regression-mds-N2-final-s0,finished,final,cub200,mds,regression,2,0,convnext_tiny,50.0,0.028327157720923424,0.1461603343486786,0.21603375673294067,0.3093670904636383,0.4295358657836914,0.0777956023812294,0.12722644209861755,0.4234309494495392,0.5841004252433777,0.7288702726364136,0.8359832763671875,0.25940388441085815,0.0,0.1915655668079853,0.0006677723662794075
3d2673a29c5efba5,cub200-convnext_tiny-regression-mds-N2-final-s0,finished,final,cub200,mds,regression,2,0,convnext_tiny,55.0,0.027762779965996742,0.14160338044166565,0.21248945593833923,0.30345991253852844,0.42582279443740845,0.07592406868934631,0.12127207964658737,0.40418410301208496,0.5907949805259705,0.7372384667396545,0.8359832763671875,0.2535456120967865,0.0,0.1878735002875328,0.0006021262785197906
3d2673a29c5efba5,cub200-convnext_tiny-regression-mds-N2-final-s0,finished,final,cub200,mds,regression,2,0,convnext_tiny,60.0,0.02773888409137726,0.13687764108181,0.2081012725830078,0.29535865783691406,0.4167088568210602,0.07566830515861511,0.11806746572256088,0.4234309494495392,0.5723849534988403,0.7205020785331726,0.8317991495132446,0.24810579419136047,0.0,0.18066741913557052,0.0005345870854756532
3d2673a29c5efba5,cub200-convnext_tiny-regression-mds-N2-final-s0,finished,final,cub200,mds,regression,2,0,convnext_tiny,65.0,0.028047366067767143,0.14244726300239563,0.21704640984535217,0.30025315284729004,0.4065822660923004,0.07451823353767395,0.11870257556438446,0.38828450441360474,0.5497907996177673,0.6970711350440979,0.8368200659751892,0.24761058390140533,0.0,0.17378376930952072,0.0004664129145243469
3d2673a29c5efba5,cub200-convnext_tiny-regression-mds-N2-final-s0,finished,final,cub200,mds,regression,2,0,convnext_tiny,70.0,0.026988578960299492,0.14126582443714142,0.20506329834461212,0.297890305519104,0.4075949490070343,0.07302381098270416,0.11987362056970596,0.40920501947402954,0.5698744654655457,0.7121338844299316,0.835146427154541,0.24953368306159973,0.0,0.16576532945036887,0.0003988737214802095
3d2673a29c5efba5,cub200-convnext_tiny-regression-mds-N2-final-s0,finished,final,cub200,mds,regression,2,0,convnext_tiny,75.0,0.027545668184757233,0.1296202540397644,0.1944303810596466,0.28590717911720276,0.39864978194236755,0.07439173012971878,0.12137538939714432,0.3933054506778717,0.5514644384384155,0.7163180112838745,0.8292887210845947,0.2516399025917053,0.0,0.15011328212916852,0.0003332276337205924
3d2673a29c5efba5,cub200-convnext_tiny-regression-mds-N2-final-s0,finished,final,cub200,mds,regression,2,0,convnext_tiny,80.0,0.02739582769572735,0.1296202540397644,0.1974683552980423,0.2832067608833313,0.40286919474601746,0.0731734186410904,0.11201158910989761,0.3891213536262512,0.5447698831558228,0.6870293021202087,0.8200836777687073,0.23795801401138306,0.0,0.1373095575720072,0.00027069751365328947
3d2673a29c5efba5,cub200-convnext_tiny-regression-mds-N2-final-s0,finished,final,cub200,mds,regression,2,0,convnext_tiny,85.0,0.025839900597929955,0.12455695867538452,0.18751055002212524,0.2842194139957428,0.39240506291389465,0.07055489718914032,0.1130848377943039,0.3698744773864746,0.5497907996177673,0.701255202293396,0.8158996105194092,0.2407093197107315,0.0,0.12772159546613693,0.0002124481791036239
3d2673a29c5efba5,cub200-convnext_tiny-regression-mds-N2-final-s0,finished,final,cub200,mds,regression,2,0,convnext_tiny,90.0,0.027018073946237564,0.12320674955844879,0.18531645834445953,0.2800000011920929,0.39021095633506775,0.07169675827026367,0.11119689792394638,0.36066946387290955,0.5288702845573425,0.6702929139137268,0.804184079170227,0.23852954804897308,0.0,0.12078531935811043,0.00015956470496228238
3d2673a29c5efba5,cub200-convnext_tiny-regression-mds-N2-final-s0,finished,final,cub200,mds,regression,2,0,convnext_tiny,95.0,0.02622372657060623,0.12067510187625885,0.18632911145687103,0.27004218101501465,0.38295358419418335,0.07129500061273575,0.11143062263727188,0.35899582505226135,0.5322175621986389,0.6920502185821533,0.812552273273468,0.23858913779258728,0.0,0.11927860397845506,0.00011303221029314226
3d2673a29c5efba5,cub200-convnext_tiny-regression-mds-N2-final-s0,finished,final,cub200,mds,regression,2,0,convnext_tiny,100.0,0.025851082056760788,0.12320674955844879,0.1859915554523468,0.2725738286972046,0.3868354558944702,0.07037309557199478,0.1095338836312294,0.3656903803348541,0.5263598561286926,0.6845188140869141,0.8108786344528198,0.23640622198581696,0.0,0.10903339181095362,7.371750742902897e-05
3d2673a29c5efba5,cub200-convnext_tiny-regression-mds-N2-final-s0,finished,final,cub200,mds,regression,2,0,convnext_tiny,105.0,0.02603762038052082,0.12219409644603729,0.18345992267131805,0.27240505814552307,0.3853164613246918,0.07077529281377792,0.10957640409469604,0.3723849356174469,0.5271966457366943,0.6794978976249695,0.8083682060241699,0.23564739525318146,0.0,0.10604302309453488,4.235295489802631e-05
3d2673a29c5efba5,cub200-convnext_tiny-regression-mds-N2-final-s0,finished,final,cub200,mds,regression,2,0,convnext_tiny,110.0,0.025843588635325432,0.12371308356523514,0.1819409281015396,0.2693670988082886,0.3805907070636749,0.07039253413677216,0.11084433645009995,0.373221755027771,0.521338939666748,0.680334746837616,0.8100418448448181,0.23727260529994965,0.0,0.10641188833862543,1.9522814969774334e-05
3d2673a29c5efba5,cub200-convnext_tiny-regression-mds-N2-final-s0,finished,final,cub200,mds,regression,2,0,convnext_tiny,115.0,0.02576265297830105,0.12303797155618668,0.18109704554080963,0.26919829845428467,0.3816033899784088,0.07024163752794266,0.10971629619598389,0.36485356092453003,0.5230125784873962,0.6794978976249695,0.8133891224861145,0.23626834154129028,0.0,0.1038352568820119,5.652369954852788e-06
3d2673a29c5efba5,cub200-convnext_tiny-regression-mds-N2-final-s0,finished,final,cub200,mds,regression,2,0,convnext_tiny,120.0,0.025815194472670555,0.12320674955844879,0.1817721575498581,0.2683544158935547,0.38177216053009033,0.07029902935028076,0.10943230986595154,0.36485356092453003,0.521338939666748,0.680334746837616,0.8108786344528198,0.2359403371810913,0.0,0.105385080575943,1e-06
8793b31e1c2d9a02,cars196-convnext_tiny-regression-profile-N2-search-s0,finished,search,cars196,profile,regression,2,0,convnext_tiny,5.0,0.00241990783251822,0.035419996827840805,0.05804944038391113,0.10047964751720428,0.1691058874130249,0.0191208329051733,0.013076113536953926,0.10077519714832306,0.1705426424741745,0.28443649411201477,0.4633273780345917,0.07638710737228394,0.0,0.19374657571315765,0.001
8793b31e1c2d9a02,cars196-convnext_tiny-regression-profile-N2-search-s0,finished,search,cars196,profile,regression,2,0,convnext_tiny,10.0,0.003999106120318174,0.0466117337346077,0.075267493724823,0.1264297068119049,0.19813060760498047,0.02431599237024784,0.016341349110007286,0.13357184827327728,0.22003577649593353,0.3571854531764984,0.5158020257949829,0.08302958309650421,0.0,0.1858077237010002,0.0009046039886902862
8793b31e1c2d9a02,cars196-convnext_tiny-regression-profile-N2-search-s0,finished,search,cars196,profile,regression,2,0,convnext_tiny,15.0,0.0046242414973676205,0.0533759668469429,0.08891895413398743,0.14069610834121704,0.2190382480621338,0.027221037074923515,0.019243886694312096,0.1538461595773697,0.22838401794433594,0.3643410801887512,0.5432319641113281,0.08916658908128738,0.0,0.18490059673786163,0.0006548539886902863
8793b31e1c2d9a02,cars196-convnext_tiny-regression-profile-N2-search-s0,finished,search,cars196,profile,regression,2,0,convnext_tiny,20.0,0.005957053042948246,0.06223096698522568,0.1028163805603981,0.1612347811460495,0.25421226024627686,0.03205273672938347,0.023383716121315956,0.1693500280380249,0.25700655579566956,0.39534884691238403,0.5670840740203857,0.09716123342514038,0.0,0.18355985671281816,0.0003461460113097138
8793b31e1c2d9a02,cars196-convnext_tiny-regression-profile-N2-search-s0,finished,search,cars196,profile,regression,2,0,convnext_tiny,25.0,0.006566738709807396,0.07317673414945602,0.11634485423564911,0.17341040074825287,0.2645431160926819,0.034551531076431274,0.025836996734142303,0.1705426424741745,0.26296958327293396,0.40906381607055664,0.5652951598167419,0.10187993943691254,0.0,0.1850167840719223,9.63960113097138e-05
8793b31e1c2d9a02,cars196-convnext_tiny-regression-profile-N2-search-s0,finished,search,cars196,profile,regression,2,0,convnext_tiny,30.0,0.0066672153770923615,0.07293076068162918,0.11302422732114792,0.1785758137702942,0.2720452547073364,0.035206668078899384,0.02771778404712677,0.1848539113998413,0.27370303869247437,0.40906381607055664,0.5718545317649841,0.10469046980142593,0.0,0.18538420259952545,1e-06
94a1f4a6eca89cb5,cars196-convnext_tiny-regression-profile-N2-search-s1,finished,search,cars196,profile,regression,2,1,convnext_tiny,5.0,0.002278971252962947,0.032222360372543335,0.053744927048683167,0.09285450726747513,0.15742221474647522,0.019147852435708046,0.0076805539429187775,0.08394160866737366,0.14841848611831665,0.24026763439178467,0.40997567772865295,0.057855114340782166,0.0,0.18877738192677498,0.001
94a1f4a6eca89cb5,cars196-convnext_tiny-regression-profile-N2-search-s1,finished,search,cars196,profile,regression,2,1,convnext_tiny,10.0,0.003866095095872879,0.04698069021105766,0.07908006757497787,0.1264297068119049,0.19899150729179382,0.024083638563752174,0.010683702304959297,0.10401459783315659,0.18309003114700317,0.2998783588409424,0.47141119837760925,0.06573674082756042,0.0,0.17900994241237642,0.0009046039886902862
94a1f4a6eca89cb5,cars196-convnext_tiny-regression-profile-N2-search-s1,finished,search,cars196,profile,regression,2,1,convnext_tiny,15.0,0.004307400435209274,0.051039233803749084,0.08276964724063873,0.13221006095409393,0.2084614485502243,0.025276558473706245,0.011144519783556461,0.10158150643110275,0.18065693974494934,0.29197078943252563,0.4604623019695282,0.06686902791261673,0.0,0.17683832228183746,0.0006548539886902863
94a1f4a6eca89cb5,cars196-convnext_tiny-regression-profile-N2-search-s1,finished,search,cars196,profile,regression,2,1,convnext_tiny,20.0,0.0052766744047403336,0.059402287006378174,0.09482228755950928,0.14905916154384613,0.23022998869419098,0.028126051649451256,0.012349859811365604,0.10583941638469696,0.19221411645412445,0.30656933784484863,0.4616788327693939,0.06978127360343933,0.0,0.17602959528565407,0.0003461460113097138
94a1f4a6eca89cb5,cars196-convnext_tiny-regression-profile-N2-search-s1,finished,search,cars196,profile,regression,2,1,convnext_tiny,25.0,0.005834147334098816,0.05743451043963432,0.09654408693313599,0.15656131505966187,0.2360103279352188,0.030453922227025032,0.013067265972495079,0.12043795734643936,0.1928223818540573,0.30656933784484863,0.4823600947856903,0.07117527723312378,0.0,0.17668480142951012,9.63960113097138e-05
94a1f4a6eca89cb5,cars196-convnext_tiny-regression-profile-N2-search-s1,finished,search,cars196,profile,regression,2,1,convnext_tiny,30.0,0.005829770117998123,0.06186201050877571,0.09703603386878967,0.1550854742527008,0.24019186198711395,0.03058076836168766,0.013361901976168156,0.11861313879489899,0.18978102505207062,0.3102189898490906,0.4793187379837036,0.07238651067018509,0.0,0.17646642863750459,1e-06
4ca23ed218dc67e6,cars196-convnext_tiny-regression-profile-N2-search-s2,finished,search,cars196,profile,regression,2,2,convnext_tiny,5.0,0.002405931008979678,0.036034926772117615,0.06186201050877571,0.10293936729431152,0.16492436826229095,0.0190698504447937,0.010394156910479069,0.08580060303211212,0.15709969401359558,0.2586102783679962,0.4308156967163086,0.06589072197675705,0.0,0.18891932398080827,0.001
4ca23ed218dc67e6,cars196-convnext_tiny-regression-profile-N2-search-s2,finished,search,cars196,profile,regression,2,2,convnext_tiny,10.0,0.003193759359419346,0.043291106820106506,0.07354568690061569,0.11831262707710266,0.19358012080192566,0.022520925849676132,0.013717335648834705,0.11117824912071228,0.18247734010219574,0.2888217568397522,0.46465256810188293,0.07433682680130005,0.0,0.18312526360154152,0.0009046039886902862
4ca23ed218dc67e6,cars196-convnext_tiny-regression-profile-N2-search-s2,finished,search,cars196,profile,regression,2,2,convnext_tiny,15.0,0.004742537625133991,0.054851800203323364,0.08301562070846558,0.13294798135757446,0.2084614485502243,0.025745943188667297,0.016029512509703636,0.11299093812704086,0.19577039778232574,0.30936557054519653,0.47613292932510376,0.07760181277990341,0.0,0.179541969448328,0.0006548539886902863
4ca23ed218dc67e6,cars196-convnext_tiny-regression-profile-N2-search-s2,finished,search,cars196,profile,regression,2,2,convnext_tiny,20.0,0.005381100811064243,0.05804944038391113,0.09420735388994217,0.14918214082717896,0.2286311686038971,0.028044838458299637,0.016836397349834442,0.12749244272708893,0.20966766774654388,0.33776435256004333,0.48217523097991943,0.07957091182470322,0.0,0.17904038429260255,0.0003461460113097138
4ca23ed218dc67e6,cars196-convnext_tiny-regression-profile-N2-search-s2,finished,search,cars196,profile,regression,2,2,convnext_tiny,25.0,0.005679229740053415,0.06173902377486229,0.09900381416082382,0.15028901398181915,0.23342762887477875,0.029445333406329155,0.017575060948729515,0.1293051391839981,0.21812689304351807,0.3462235629558563,0.5172205567359924,0.08165160566568375,0.0,0.17839305922389032,9.63960113097138e-05
4ca23ed218dc67e6,cars196-convnext_tiny-regression-profile-N2-search-s2,finished,search,cars196,profile,regression,2,2,convnext_tiny,30.0,0.005758621264249086,0.06038617715239525,0.09457631409168243,0.15127290785312653,0.23687122762203217,0.029824115335941315,0.01796986348927021,0.13716012239456177,0.2229607254266739,0.35105741024017334,0.5160120725631714,0.08249527961015701,0.0,0.17698428705334662,1e-06
d0046ece89f2a59f,cars196-convnext_tiny-regression-profile-N4-search-s0,finished,search,cars196,profile,regression,4,0,convnext_tiny,5.0,0.0016914464067667723,0.02484319359064102,0.0426761768758297,0.07391464710235596,0.12950436770915985,0.015798889100551605,0.008966941386461258,0.08586762100458145,0.1568276733160019,0.25342872738838196,0.41562312841415405,0.06303268671035767,297.784786529541,298.3106820678711,0.001
d0046ece89f2a59f,cars196-convnext_tiny-regression-profile-N4-search-s0,finished,search,cars196,profile,regression,4,0,convnext_tiny,10.0,0.0015009563649073243,0.019308818504214287,0.03849465027451515,0.06825728714466095,0.1275365948677063,0.015328753739595413,0.008636316284537315,0.07453786581754684,0.1627907007932663,0.26177698373794556,0.41502684354782104,0.06214042380452156,288.1500959777832,288.65492553710936,0.0009046039886902862
d0046ece89f2a59f,cars196-convnext_tiny-regression-profile-N4-search-s0,finished,search,cars196,profile,regression,4,0,convnext_tiny,15.0,0.0014197920681908727,0.022383470088243484,0.039970483630895615,0.07047103345394135,0.12778255343437195,0.01446983776986599,0.007804968394339085,0.07573047280311584,0.13595706224441528,0.24209898710250854,0.41204532980918884,0.05951691046357155,280.7316040039062,281.2229510498047,0.0006548539886902863
d0046ece89f2a59f,cars196-convnext_tiny-regression-profile-N4-search-s0,finished,search,cars196,profile,regression,4,0,convnext_tiny,20.0,0.001383924507535994,0.020046735182404518,0.03689583018422127,0.06862624734640121,0.12618374824523926,0.014434670098125935,0.007543415296822786,0.07096004486083984,0.14311270415782928,0.24508050084114075,0.38998210430145264,0.05878634378314018,282.9472331237793,283.43249450683595,0.0003461460113097138
d0046ece89f2a59f,cars196-convnext_tiny-regression-profile-N4-search-s0,finished,search,cars196,profile,regression,4,0,convnext_tiny,25.0,0.0013315359828993678,0.020661665126681328,0.036157913506031036,0.06419874727725983,0.12003443390130997,0.014362758956849575,0.00749497814103961,0.06261180341243744,0.12820513546466827,0.24150268733501434,0.39415621757507324,0.059074517339468,284.3847186279297,284.8644566345215,9.63960113097138e-05
d0046ece89f2a59f,cars196-convnext_tiny-regression-profile-N4-search-s0,finished,search,cars196,profile,regression,4,0,convnext_tiny,30.0,0.0013783747563138604,0.02078465186059475,0.036157913506031036,0.0662895068526268,0.12151026725769043,0.014628918841481209,0.007862973026931286,0.06559332460165024,0.13357184827327728,0.25462135672569275,0.40011927485466003,0.06003229692578316,286.1478602600098,286.61789443969724,1e-06
cefef23722b26816,cars196-convnext_tiny-regression-profile-N4-search-s1,finished,search,cars196,profile,regression,4,1,convnext_tiny,5.0,0.0016301422147080302,0.022998401895165443,0.040093470364809036,0.07157791405916214,0.13011929392814636,0.015120093710720539,0.0066323112696409225,0.06447688490152359,0.12165450304746628,0.21836982667446136,0.38077858090400696,0.05483173578977585,292.9131999206543,293.43905670166015,0.001
cefef23722b26816,cars196-convnext_tiny-regression-profile-N4-search-s1,finished,search,cars196,profile,regression,4,1,convnext_tiny,10.0,0.001510147238150239,0.024966178461909294,0.039970483630895615,0.07170090079307556,0.12433894723653793,0.01476669404655695,0.0063615827821195126,0.06265206634998322,0.11922141164541245,0.21897810697555542,0.3771289587020874,0.0537448488175869,284.1671209716797,284.67418060302737,0.0009046039886902862
cefef23722b26816,cars196-convnext_tiny-regression-profile-N4-search-s1,finished,search,cars196,profile,regression,4,1,convnext_tiny,15.0,0.0014862207463011146,0.021645553410053253,0.04144631698727608,0.0724388137459755,0.12519985437393188,0.014910572208464146,0.0063839503563940525,0.06265206634998322,0.1125304102897644,0.2062043845653534,0.35766422748565674,0.05449538677930832,286.949207611084,287.4493368530273,0.0006548539886902863
cefef23722b26816,cars196-convnext_tiny-regression-profile-N4-search-s1,finished,search,cars196,profile,regression,4,1,convnext_tiny,20.0,0.0015239269705489278,0.022629443556070328,0.04243020713329315,0.07403763383626938,0.1275365948677063,0.014691133052110672,0.006367961410433054,0.05231143534183502,0.10948905348777771,0.22019465267658234,0.3917275071144104,0.05359138175845146,279.5927799987793,280.0829020690918,0.0003461460113097138
cefef23722b26816,cars196-convnext_tiny-regression-profile-N4-search-s1,finished,search,cars196,profile,regression,4,1,convnext_tiny,25.0,0.0016096492763608694,0.025581108406186104,0.045135900378227234,0.07502152025699615,0.1303652673959732,0.015283732675015926,0.0064516509883105755,0.06508515775203705,0.11861313879489899,0.210462287068367,0.3740876019001007,0.05386000871658325,276.2017738342285,276.6796826171875,9.63960113097138e-05
cefef23722b26816,cars196-convnext_tiny-regression-profile-N4-search-s1,finished,search,cars196,profile,regression,4,1,convnext_tiny,30.0,0.0016127058770507574,0.02533513680100441,0.044520970433950424,0.07514450699090958,0.12999631464481354,0.015170411206781864,0.006217113696038723,0.05535279959440231,0.10462287068367004,0.20681264996528625,0.37226277589797974,0.053359027951955795,277.85667022705076,278.3306004333496,1e-06
4cb4a4263bd6b54e,cars196-convnext_tiny-regression-profile-N4-search-s2,finished,search,cars196,profile,regression,4,2,convnext_tiny,5.0,0.0017634672112762928,0.024966178461909294,0.041815273463726044,0.07539048045873642,0.12667568027973175,0.01593388244509697,0.007955306209623814,0.0743202418088913,0.12326283752918243,0.22054380178451538,0.3716011941432953,0.058466386049985886,303.0302267456055,303.5511016845703,0.001
4cb4a4263bd6b54e,cars196-convnext_tiny-regression-profile-N4-search-s2,finished,search,cars196,profile,regression,4,2,convnext_tiny,10.0,0.001573437126353383,0.023244373500347137,0.040093470364809036,0.07403763383626938,0.13098019361495972,0.015251672826707363,0.007737977430224419,0.06102719157934189,0.12386707216501236,0.21933534741401672,0.36616313457489014,0.05874564126133919,286.06023162841797,286.5696806335449,0.0009046039886902862
4cb4a4263bd6b54e,cars196-convnext_tiny-regression-profile-N4-search-s2,finished,search,cars196,profile,regression,4,2,convnext_tiny,15.0,0.0016781884478405118,0.02484319359064102,0.04366006702184677,0.07379166036844254,0.13110318779945374,0.015624167397618294,0.007689585443586111,0.06646525859832764,0.1250755339860916,0.22900302708148956,0.38791540265083313,0.05821967497467995,281.84853134155276,282.3448191833496,0.0006548539886902863
4cb4a4263bd6b54e,cars196-convnext_tiny-regression-profile-N4-search-s2,finished,search,cars196,profile,regression,4,2,convnext_tiny,20.0,0.0016613173065707088,0.022875415161252022,0.0415693037211895,0.07489853352308273,0.12888944149017334,0.015636494383215904,0.008180131204426289,0.07190332561731339,0.1311178207397461,0.2277945578098297,0.3806646466255188,0.05895652621984482,277.2962069702148,277.78031555175784,0.0003461460113097138
4cb4a4263bd6b54e,cars196-convnext_tiny-regression-profile-N4-search-s2,finished,search,cars196,profile,regression,4,2,convnext_tiny,25.0,0.0015929602086544037,0.023613331839442253,0.04230722039937973,0.07477554678916931,0.13073422014713287,0.015223645605146885,0.0078207328915596,0.07129909098148346,0.12809666991233826,0.2229607254266739,0.3722054362297058,0.05805979669094086,276.5222564697266,276.99843963623044,9.63960113097138e-05
4cb4a4263bd6b54e,cars196-convnext_tiny-regression-profile-N4-search-s2,finished,search,cars196,profile,regression,4,2,convnext_tiny,30.0,0.001566861174069345,0.023859303444623947,0.0415693037211895,0.07280777394771576,0.1281515210866928,0.015059000812470913,0.007965726777911186,0.0676737129688263,0.12567976117134094,0.23323263227939606,0.3746223449707031,0.05807381868362427,279.37961196899414,279.8523728942871,1e-06
864737583ed30f73,cars196-convnext_tiny-regression-profile-N8-search-s0,finished,search,cars196,profile,regression,8,0,convnext_tiny,5.0,0.0019144664984196424,0.024351248517632484,0.04476694017648697,0.07908006757497787,0.14008116722106934,0.016392335295677185,0.0097409188747406,0.09004174172878265,0.1580202728509903,0.26654741168022156,0.41085270047187805,0.06542099267244339,656.0949499511719,656.6661016845703,0.001
864737583ed30f73,cars196-convnext_tiny-regression-profile-N8-search-s0,finished,search,cars196,profile,regression,8,0,convnext_tiny,10.0,0.0022059122566133738,0.026319025084376335,0.046488747000694275,0.08682818710803986,0.14229491353034973,0.017897196114063263,0.010379772633314133,0.08825283497571945,0.1586165726184845,0.27072152495384216,0.43649372458457947,0.0673362985253334,643.1811352539063,643.7566796875,0.0009046039886902862
864737583ed30f73,cars196-convnext_tiny-regression-profile-N8-search-s0,finished,search,cars196,profile,regression,8,0,convnext_tiny,15.0,0.00219877646304667,0.024966178461909294,0.047718606889247894,0.08387652039527893,0.14672242105007172,0.01801636815071106,0.01060483604669571,0.08825283497571945,0.1580202728509903,0.2856290936470032,0.43112701177597046,0.0681615099310875,622.4080755615234,622.9813369750976,0.0006548539886902863
864737583ed30f73,cars196-convnext_tiny-regression-profile-N8-search-s0,finished,search,cars196,profile,regression,8,0,convnext_tiny,20.0,0.0021554825361818075,0.026196040213108063,0.045873817056417465,0.0848604142665863,0.1409420669078827,0.017853310331702232,0.01015734113752842,0.09004174172878265,0.1610017865896225,0.28026238083839417,0.44841980934143066,0.06717602908611298,625.9402069091797,626.5141827392578,0.0003461460113097138
864737583ed30f73,cars196-convnext_tiny-regression-profile-N8-search-s0,finished,search,cars196,profile,regression,8,0,convnext_tiny,25.0,0.0022342440206557512,0.02656499855220318,0.04747263714671135,0.08682818710803986,0.1437707543373108,0.01821114681661129,0.010388640686869621,0.08944544196128845,0.1663685142993927,0.27489563822746277,0.44484198093414307,0.06785379350185394,622.8342785644531,623.4145477294921,9.63960113097138e-05
864737583ed30f73,cars196-convnext_tiny-regression-profile-N8-search-s0,finished,search,cars196,profile,regression,8,0,convnext_tiny,30.0,0.002219290006905794,0.02607305347919464,0.04685770347714424,0.0853523537516594,0.14696839451789856,0.018217548727989197,0.010549170896410942,0.09183064848184586,0.1681574285030365,0.2838401794433594,0.44782349467277527,0.06796596944332123,621.6158435058594,622.1963275146485,1e-06
822c31fa4b385931,cars196-convnext_tiny-regression-profile-N8-search-s1,finished,search,cars196,profile,regression,8,1,convnext_tiny,5.0,0.0018038389971479774,0.022998401895165443,0.04144631698727608,0.07440659403800964,0.13343992829322815,0.01610102318227291,0.00682334927842021,0.06447688490152359,0.12104623019695282,0.2281021922826767,0.3862530291080475,0.054949674755334854,641.0393029785156,641.6106683349609,0.001
822c31fa4b385931,cars196-convnext_tiny-regression-profile-N8-search-s1,finished,search,cars196,profile,regression,8,1,convnext_tiny,10.0,0.0019502444192767143,0.024228261783719063,0.04402902349829674,0.0769893005490303,0.1347927749156952,0.017012789845466614,0.006863538175821304,0.06995134055614471,0.12104623019695282,0.22262774407863617,0.39111921191215515,0.05565037578344345,628.4999649047852,629.0739114379883,0.0009046039886902862
822c31fa4b385931,cars196-convnext_tiny-regression-profile-N8-search-s1,finished,search,cars196,profile,regression,8,1,convnext_tiny,15.0,0.0020212773233652115,0.02336736023426056,0.04279916360974312,0.0758824273943901,0.13417783379554749,0.017406396567821503,0.006934118922799826,0.06812652200460434,0.12226277589797974,0.2238442748785019,0.38929441571235657,0.056192655116319656,625.4359594726562,626.009167175293,0.0006548539886902863
822c31fa4b385931,cars196-convnext_tiny-regression-profile-N8-search-s1,finished,search,cars196,profile,regression,8,1,convnext_tiny,20.0,0.0021238480694592,0.025581108406186104,0.04636576026678085,0.08080186694860458,0.14229491353034973,0.01790318824350834,0.007224820088595152,0.06812652200460434,0.11739659309387207,0.22566910088062286,0.3947688639163971,0.05639665573835373,625.021463317871,625.5953018188477,0.0003461460113097138
822c31fa4b385931,cars196-convnext_tiny-regression-profile-N8-search-s1,finished,search,cars196,profile,regression,8,1,convnext_tiny,25.0,0.0023180253338068724,0.025581108406186104,0.04698069021105766,0.08387652039527893,0.14278686046600342,0.018563544377684593,0.007516851183027029,0.07360097020864487,0.13381995260715485,0.2354014664888382,0.39416059851646423,0.056995030492544174,612.3234710693359,612.9031088256836,9.63960113097138e-05
822c31fa4b385931,cars196-convnext_tiny-regression-profile-N8-search-s1,finished,search,cars196,profile,regression,8,1,convnext_tiny,30.0,0.002331194933503866,0.02656499855220318,0.04796458035707474,0.08621326088905334,0.1465994268655777,0.01849878393113613,0.007551353890448809,0.07177615910768509,0.1344282180070877,0.24026763439178467,0.40571776032447815,0.057222649455070496,611.3121566772461,611.8968701171875,1e-06
26beea4213a40209,cars196-convnext_tiny-regression-profile-N8-search-s2,finished,search,cars196,profile,regression,8,2,convnext_tiny,5.0,0.0019083040533587337,0.0247202068567276,0.04415201023221016,0.07600541412830353,0.13380888104438782,0.01648423820734024,0.00795438326895237,0.06163141876459122,0.11480362713336945,0.21570996940135956,0.38006043434143066,0.059020936489105225,633.7699127197266,634.3323956298829,0.001
26beea4213a40209,cars196-convnext_tiny-regression-profile-N8-search-s2,finished,search,cars196,profile,regression,8,2,convnext_tiny,10.0,0.0021480931900441647,0.026442011818289757,0.047103676944971085,0.07871110737323761,0.13688352704048157,0.01775262877345085,0.00924620684236288,0.06163141876459122,0.11722054332494736,0.23564954102039337,0.39697885513305664,0.06265173107385635,626.8937310791016,627.4650210571289,0.0009046039886902862
26beea4213a40209,cars196-convnext_tiny-regression-profile-N8-search-s2,finished,search,cars196,profile,regression,8,2,convnext_tiny,15.0,0.0022112196311354637,0.02730291523039341,0.046488747000694275,0.08104784041643143,0.1421719342470169,0.018126051872968674,0.00972103700041771,0.06586102396249771,0.13957704603672028,0.2471299022436142,0.40543806552886963,0.06390203535556793,617.9575061035156,618.5350439453125,0.0006548539886902863
26beea4213a40209,cars196-convnext_tiny-regression-profile-N8-search-s2,finished,search,cars196,profile,regression,8,2,convnext_tiny,20.0,0.0023208619095385075,0.03185340017080307,0.04956340044736862,0.08682818710803986,0.1465994268655777,0.01859123259782791,0.010132011957466602,0.07613293081521988,0.13716012239456177,0.25317221879959106,0.40604230761528015,0.06489863246679306,618.6612487792969,619.2460287475586,0.0003461460113097138
26beea4213a40209,cars196-convnext_tiny-regression-profile-N8-search-s2,finished,search,cars196,profile,regression,8,2,convnext_tiny,25.0,0.002394684124737978,0.030869511887431145,0.051039233803749084,0.0881810337305069,0.14524658024311066,0.01894010230898857,0.010239934548735619,0.08217522501945496,0.15347431600093842,0.24894259870052338,0.4181268811225891,0.0645793229341507,618.7488766479493,619.3396768188477,9.63960113097138e-05
26beea4213a40209,cars196-convnext_tiny-regression-profile-N8-search-s2,finished,search,cars196,profile,regression,8,2,convnext_tiny,30.0,0.0023589245975017548,0.02988562360405922,0.05140819028019905,0.0870741605758667,0.14389373362064362,0.018827537074685097,0.01021705660969019,0.07613293081521988,0.15166163444519043,0.25196373462677,0.4223564863204956,0.0648602843284607,617.0245999145508,617.6176733398438,1e-06
720bf84125126b6e,cars196-convnext_tiny-regression-profile-N16-search-s0,finished,search,cars196,profile,regression,16,0,convnext_tiny,5.0,0.002220427617430687,0.027671873569488525,0.0494404137134552,0.08670520037412643,0.1404501348733902,0.018000300973653793,0.010284686461091042,0.09719737619161606,0.1759093552827835,0.2868216931819916,0.45438283681869507,0.0676591619849205,1229.0940112304688,1229.7086767578126,0.001
720bf84125126b6e,cars196-convnext_tiny-regression-profile-N16-search-s0,finished,search,cars196,profile,regression,16,0,convnext_tiny,10.0,0.002667242893949151,0.029639650136232376,0.053621940314769745,0.0921165943145752,0.15606936812400818,0.01963786967098713,0.011920567601919174,0.10375671088695526,0.1788908839225769,0.301729291677475,0.4615384638309479,0.07300476729869843,1160.8799194335938,1161.5241442871093,0.0009046039886902862
720bf84125126b6e,cars196-convnext_tiny-regression-profile-N16-search-s0,finished,search,cars196,profile,regression,16,0,convnext_tiny,15.0,0.0035576929803937674,0.03640388697385788,0.06296888738870621,0.10367728769779205,0.1708277016878128,0.02152436040341854,0.01319782342761755,0.11568276584148407,0.19499105215072632,0.31186643242836,0.4698866903781891,0.07431761920452118,1144.714403076172,1145.3912188720703,0.0006548539886902863
720bf84125126b6e,cars196-convnext_tiny-regression-profile-N16-search-s0,finished,search,cars196,profile,regression,16,0,convnext_tiny,20.0,0.0037677856162190437,0.03849465027451515,0.0662895068526268,0.10933464765548706,0.17882178723812103,0.02231244370341301,0.013981418684124947,0.11150864511728287,0.1830649971961975,0.3082886040210724,0.4597495496273041,0.07681703567504883,1103.2481854248047,1103.9527545166015,0.0003461460113097138
720bf84125126b6e,cars196-convnext_tiny-regression-profile-N16-search-s0,finished,search,cars196,profile,regression,16,0,convnext_tiny,25.0,0.003685025731101632,0.03960152342915535,0.06788832694292068,0.1106874942779541,0.17734596133232117,0.0219989363104105,0.014187066815793514,0.10733452439308167,0.1824686974287033,0.3029218912124634,0.4675014913082123,0.07749030739068985,1106.8796337890626,1107.5940991210937,9.63960113097138e-05
720bf84125126b6e,cars196-convnext_tiny-regression-profile-N16-search-s0,finished,search,cars196,profile,regression,16,0,convnext_tiny,30.0,0.003732076147571206,0.037387773394584656,0.06850326061248779,0.11019554734230042,0.17906776070594788,0.02211056463420391,0.014256265014410019,0.10912343114614487,0.1812760829925537,0.3047108054161072,0.4698866903781891,0.07755594700574875,1104.249807739258,1104.9678240966796,1e-06
60c56bf3176403c4,cars196-convnext_tiny-regression-profile-N16-search-s1,finished,search,cars196,profile,regression,16,1,convnext_tiny,5.0,0.002023276872932911,0.024474235251545906,0.045258887112140656,0.07871110737323761,0.13442380726337433,0.01725936308503151,0.006764690391719341,0.06447688490152359,0.11861313879489899,0.20377129316329956,0.3698296844959259,0.055635251104831696,1212.1172961425782,1212.7292907714843,0.001
60c56bf3176403c4,cars196-convnext_tiny-regression-profile-N16-search-s1,finished,search,cars196,profile,regression,16,1,convnext_tiny,10.0,0.002428337698802352,0.030131595209240913,0.05153117701411247,0.08793506026268005,0.14684540033340454,0.019031593576073647,0.007276390679180622,0.0656934306025505,0.12652067840099335,0.2311435490846634,0.4002433121204376,0.05659538879990578,1155.3177172851563,1155.9460083007812,0.0009046039886902862
60c56bf3176403c4,cars196-convnext_tiny-regression-profile-N16-search-s1,finished,search,cars196,profile,regression,16,1,convnext_tiny,15.0,0.002841753186658025,0.03050055354833603,0.05325298383831978,0.09113270044326782,0.15766818821430206,0.020152553915977478,0.007976947352290154,0.07725060731172562,0.1386861354112625,0.2366180121898651,0.40693432092666626,0.05794626474380493,1120.0695989990234,1120.7347216796875,0.0006548539886902863
60c56bf3176403c4,cars196-convnext_tiny-regression-profile-N16-search-s1,finished,search,cars196,profile,regression,16,1,convnext_tiny,20.0,0.0032237402629107237,0.03382117673754692,0.058787357062101364,0.09826589375734329,0.16541631519794464,0.020900363102555275,0.007940080948174,0.07238442450761795,0.13503649830818176,0.23600973188877106,0.406326025724411,0.05861712247133255,1097.4445288085938,1098.1366693115235,0.0003461460113097138
60c56bf3176403c4,cars196-convnext_tiny-regression-profile-N16-search-s1,finished,search,cars196,profile,regression,16,1,convnext_tiny,25.0,0.0032202419824898243,0.03566597029566765,0.05964826047420502,0.0999877005815506,0.16553929448127747,0.02109675109386444,0.008139191195368767,0.07420924305915833,0.1405109465122223,0.24087591469287872,0.4008515775203705,0.05886610969901085,1075.1288525390626,1075.838900756836,9.63960113097138e-05
60c56bf3176403c4,cars196-convnext_tiny-regression-profile-N16-search-s1,finished,search,cars196,profile,regression,16,1,convnext_tiny,30.0,0.0031632529571652412,0.03529701009392738,0.06112409383058548,0.10121756047010422,0.16418644785881042,0.020928755402565002,0.008146078325808048,0.07725060731172562,0.1386861354112625,0.23296837508678436,0.40997567772865295,0.059386130422353745,1072.2471258544922,1072.961176147461,1e-06
714c74b21613f4e2,cars196-convnext_tiny-regression-profile-N16-search-s2,finished,search,cars196,profile,regression,16,2,convnext_tiny,5.0,0.0021440342534333467,0.027056941762566566,0.04636576026678085,0.07895708084106445,0.13737547397613525,0.017783742398023605,0.00895774457603693,0.08277945965528488,0.13716012239456177,0.2362537831068039,0.369184285402298,0.0609346404671669,1194.2051086425781,1194.8182666015625,0.001
714c74b21613f4e2,cars196-convnext_tiny-regression-profile-N16-search-s2,finished,search,cars196,profile,regression,16,2,convnext_tiny,10.0,0.0023859068751335144,0.02853277511894703,0.04882548376917839,0.08399950712919235,0.1516418606042862,0.019144553691148758,0.009989944286644459,0.08157099783420563,0.1377643495798111,0.23383685946464539,0.3981873095035553,0.06383287161588669,1157.9611450195312,1158.5855798339844,0.0009046039886902862
714c74b21613f4e2,cars196-convnext_tiny-regression-profile-N16-search-s2,finished,search,cars196,profile,regression,16,2,convnext_tiny,15.0,0.0029189197812229395,0.03209937363862991,0.05472881719470024,0.09666707366704941,0.15988193452358246,0.020630063489079475,0.009835152886807919,0.07975830882787704,0.13474319875240326,0.23806646466255188,0.40543806552886963,0.06372980028390884,1115.338172607422,1115.9889459228516,0.0006548539886902863
714c74b21613f4e2,cars196-convnext_tiny-regression-profile-N16-search-s2,finished,search,cars196,profile,regression,16,2,convnext_tiny,20.0,0.0031679021194577217,0.03578895702958107,0.060017216950654984,0.10146353393793106,0.16590824723243713,0.020747043192386627,0.010609447956085205,0.08821751922369003,0.15589123964309692,0.2670694887638092,0.41933533549308777,0.06624973565340042,1098.7818542480468,1099.4773516845703,0.0003461460113097138
714c74b21613f4e2,cars196-convnext_tiny-regression-profile-N16-search-s2,finished,search,cars196,profile,regression,16,2,convnext_tiny,25.0,0.003089331090450287,0.0376337468624115,0.06321485340595245,0.10515312105417252,0.17058172821998596,0.02079653926193714,0.011130359955132008,0.10151057690382004,0.16737160086631775,0.26102718710899353,0.4271903336048126,0.06763964146375656,1086.1738543701172,1086.890068359375,9.63960113097138e-05
714c74b21613f4e2,cars196-convnext_tiny-regression-profile-N16-search-s2,finished,search,cars196,profile,regression,16,2,convnext_tiny,30.0,0.0031019386369735003,0.036157913506031036,0.06333784013986588,0.10466117411851883,0.1697208285331726,0.020956283435225487,0.011151549406349659,0.10090634226799011,0.15830816328525543,0.2652567923069,0.42537763714790344,0.0677991434931755,1088.1062957763672,1088.8266381835938,1e-06
ef12ec0afd71e342,cars196-convnext_tiny-regression-profile-N17-search-s0,finished,search,cars196,profile,regression,17,0,convnext_tiny,5.0,0.002059723949059844,0.024228261783719063,0.045873817056417465,0.08387652039527893,0.144877627491951,0.017454268410801888,0.01033331174403429,0.10316040366888046,0.1717352420091629,0.292784720659256,0.44901609420776367,0.06629537045955658,1294.3558178710937,1294.9683020019531,0.001
ef12ec0afd71e342,cars196-convnext_tiny-regression-profile-N17-search-s0,finished,search,cars196,profile,regression,17,0,convnext_tiny,10.0,0.0025330395437777042,0.02988562360405922,0.053621940314769745,0.09457631409168243,0.15410158038139343,0.019275132566690445,0.01172807440161705,0.10912343114614487,0.1794871836900711,0.2999403774738312,0.45080500841140747,0.07058185338973999,1225.32787109375,1225.9832727050782,0.0009046039886902862
ef12ec0afd71e342,cars196-convnext_tiny-regression-profile-N17-search-s0,finished,search,cars196,profile,regression,17,0,convnext_tiny,15.0,0.003235482843592763,0.03517402708530426,0.062107980251312256,0.10712089389562607,0.16935186088085175,0.021439051255583763,0.012612391263246536,0.11985688656568527,0.20095407962799072,0.321407288312912,0.4758497178554535,0.07351183146238327,1197.8666259765625,1198.550938720703,0.0006548539886902863
ef12ec0afd71e342,cars196-convnext_tiny-regression-profile-N17-search-s0,finished,search,cars196,profile,regression,17,0,convnext_tiny,20.0,0.0032256031408905983,0.03701881691813469,0.06456770747900009,0.11204034090042114,0.17562414705753326,0.021476108580827713,0.013226738199591637,0.11389385908842087,0.1860465109348297,0.3136553466320038,0.4698866903781891,0.07605983316898346,1172.4131213378905,1173.1200262451173,0.0003461460113097138
ef12ec0afd71e342,cars196-convnext_tiny-regression-profile-N17-search-s0,finished,search,cars196,profile,regression,17,0,convnext_tiny,25.0,0.0033415157813578844,0.04021645709872246,0.06641249358654022,0.1095806136727333,0.17906776070594788,0.021742049604654312,0.013428596779704094,0.11687537282705307,0.19677996635437012,0.322003573179245,0.4812164604663849,0.07674859464168549,1168.559981689453,1169.2849475097655,9.63960113097138e-05
ef12ec0afd71e342,cars196-convnext_tiny-regression-profile-N17-search-s0,finished,search,cars196,profile,regression,17,0,convnext_tiny,30.0,0.0033476934768259525,0.039355553686618805,0.06850326061248779,0.11240930110216141,0.18189644813537598,0.021781621500849724,0.01337804738432169,0.11747167259454727,0.19200953841209412,0.3190220594406128,0.4853905737400055,0.07652361690998077,1161.1308862304688,1161.860802001953,1e-06
6feae0c928b5bd69,cars196-convnext_tiny-regression-profile-N17-search-s1,finished,search,cars196,profile,regression,17,1,convnext_tiny,5.0,0.002113866852596402,0.026933956891298294,0.04624277353286743,0.07772721350193024,0.13835936784744263,0.017460698261857033,0.00705312006175518,0.07481751590967178,0.12956205010414124,0.2281021922826767,0.39963504672050476,0.056051287800073624,1278.1759033203125,1278.7831372070314,0.001
6feae0c928b5bd69,cars196-convnext_tiny-regression-profile-N17-search-s1,finished,search,cars196,profile,regression,17,1,convnext_tiny,10.0,0.002369601745158434,0.026810970157384872,0.05190013349056244,0.09076374024152756,0.15262575447559357,0.01898977905511856,0.007717688102275133,0.07299269735813141,0.14416058361530304,0.24148418009281158,0.40571776032447815,0.058672986924648285,1226.7694274902344,1227.4016857910156,0.0009046039886902862
6feae0c928b5bd69,cars196-convnext_tiny-regression-profile-N17-search-s1,finished,search,cars196,profile,regression,17,1,convnext_tiny,15.0,0.0028272666968405247,0.03320624679327011,0.058910343796014786,0.09863485395908356,0.1651703417301178,0.020417945459485054,0.00809947308152914,0.07420924305915833,0.12956205010414124,0.22749391198158264,0.3990267515182495,0.059255920350551605,1172.56326171875,1173.2364990234375,0.0006548539886902863
6feae0c928b5bd69,cars196-convnext_tiny-regression-profile-N17-search-s1,finished,search,cars196,profile,regression,17,1,convnext_tiny,20.0,0.002934164134785533,0.03431312367320061,0.059402287006378174,0.1010945737361908,0.1679990142583847,0.020689737051725388,0.007766221184283495,0.06812652200460434,0.12834550440311432,0.23600973188877106,0.4148418605327606,0.058617521077394485,1152.6949658203125,1153.4104833984375,0.0003461460113097138
6feae0c928b5bd69,cars196-convnext_tiny-regression-profile-N17-search-s1,finished,search,cars196,profile,regression,17,1,convnext_tiny,25.0,0.0029830539133399725,0.03234534338116646,0.059402287006378174,0.10355430096387863,0.17058172821998596,0.02084018848836422,0.007949084043502808,0.07725060731172562,0.1332116723060608,0.25182482600212097,0.4136252999305725,0.05871018022298813,1129.8423498535155,1130.5705657958983,9.63960113097138e-05
6feae0c928b5bd69,cars196-convnext_tiny-regression-profile-N17-search-s1,finished,search,cars196,profile,regression,17,1,convnext_tiny,30.0,0.003006595652550459,0.03382117673754692,0.058172427117824554,0.10355430096387863,0.17427130043506622,0.020958364009857178,0.007947007194161415,0.07664233446121216,0.12895376980304718,0.24513381719589233,0.4124087691307068,0.05892666429281235,1129.544945678711,1130.2765075683594,1e-06
9255edccdeeab35e,cars196-convnext_tiny-regression-profile-N17-search-s2,finished,search,cars196,profile,regression,17,2,convnext_tiny,5.0,0.0020068183075636625,0.024474235251545906,0.04402902349829674,0.07735826075077057,0.13639159500598907,0.017085295170545578,0.008640973828732967,0.06948640197515488,0.1250755339860916,0.21752266585826874,0.36193352937698364,0.0605519562959671,1277.638016357422,1278.2489624023438,0.001
9255edccdeeab35e,cars196-convnext_tiny-regression-profile-N17-search-s2,finished,search,cars196,profile,regression,17,2,convnext_tiny,10.0,0.0025401124730706215,0.03062354028224945,0.05214610695838928,0.08977985382080078,0.15188783407211304,0.01931707188487053,0.009982244111597538,0.07734139263629913,0.1359516680240631,0.2362537831068039,0.3921450078487396,0.06360518932342529,1226.2514721679688,1226.886876220703,0.0009046039886902862
9255edccdeeab35e,cars196-convnext_tiny-regression-profile-N17-search-s2,finished,search,cars196,profile,regression,17,2,convnext_tiny,15.0,0.002544293412938714,0.031484443694353104,0.05128520354628563,0.088795967400074,0.1584060937166214,0.01903069019317627,0.009101767092943192,0.06888217478990555,0.13897280395030975,0.24350453913211823,0.40422961115837097,0.0621497668325901,1182.7370043945311,1183.4042504882811,0.0006548539886902863
9255edccdeeab35e,cars196-convnext_tiny-regression-profile-N17-search-s2,finished,search,cars196,profile,regression,17,2,convnext_tiny,20.0,0.0027762772515416145,0.0325913168489933,0.05608166381716728,0.0971590206027031,0.1612347811460495,0.019701428711414337,0.009531230665743351,0.07794561982154846,0.1552870124578476,0.2561933398246765,0.4072507619857788,0.06258886307477951,1157.237022705078,1157.9285034179688,0.0003461460113097138
9255edccdeeab35e,cars196-convnext_tiny-regression-profile-N17-search-s2,finished,search,cars196,profile,regression,17,2,convnext_tiny,25.0,0.002881511114537716,0.03554298356175423,0.059525273740291595,0.10097158700227737,0.1640634536743164,0.019989049062132835,0.009579451754689217,0.08157099783420563,0.15226586163043976,0.2604229748249054,0.4138972759246826,0.06305234879255295,1154.3358532714844,1155.0467272949218,9.63960113097138e-05
9255edccdeeab35e,cars196-convnext_tiny-regression-profile-N17-search-s2,finished,search,cars196,profile,regression,17,2,convnext_tiny,30.0,0.0029011296574026346,0.03455909341573715,0.06223096698522568,0.10183249413967133,0.16676916182041168,0.020037703216075897,0.009681889787316322,0.08157099783420563,0.1552870124578476,0.2694863975048065,0.409063458442688,0.06314495950937271,1133.4278271484375,1134.1367279052733,1e-06
ad2dba02a5d0a308,cars196-convnext_tiny-regression-profile-N2-final-s0,finished,final,cars196,profile,regression,2,0,convnext_tiny,5.0,0.0022303350269794464,0.030869511887431145,0.054851800203323364,0.09506825357675552,0.16000491380691528,0.01824331097304821,0.012182393111288548,0.09719737619161606,0.1604054868221283,0.28026238083839417,0.45259392261505127,0.07444029301404953,0.0,0.19419002652168274,0.001
ad2dba02a5d0a308,cars196-convnext_tiny-regression-profile-N2-final-s0,finished,final,cars196,profile,regression,2,0,convnext_tiny,10.0,0.0044192299246788025,0.04759562015533447,0.08141680061817169,0.12741360068321228,0.20649366080760956,0.025447914376854897,0.017617449164390564,0.13595706224441528,0.22719141840934753,0.3691115081310272,0.5283243656158447,0.08570161461830139,0.0,0.18588702917098998,0.000995347630045147
ad2dba02a5d0a308,cars196-convnext_tiny-regression-profile-N2-final-s0,finished,final,cars196,profile,regression,2,0,convnext_tiny,15.0,0.004356996156275272,0.048456523567438126,0.08264666050672531,0.13835936784744263,0.21559463441371918,0.026698464527726173,0.018842149525880814,0.1466905176639557,0.23792485892772675,0.3685151934623718,0.5271317958831787,0.08750232309103012,0.0,0.18280292093753814,0.0009814771850302259
ad2dba02a5d0a308,cars196-convnext_tiny-regression-profile-N2-final-s0,finished,final,cars196,profile,regression,2,0,convnext_tiny,20.0,0.006732516456395388,0.06997909396886826,0.1089656874537468,0.16640019416809082,0.2516295611858368,0.03400222212076187,0.022285783663392067,0.1604054868221283,0.25998806953430176,0.38103756308555603,0.5307096242904663,0.09397266805171967,0.0,0.18246940284967422,0.0009586470451019739
ad2dba02a5d0a308,cars196-convnext_tiny-regression-profile-N2-final-s0,finished,final,cars196,profile,regression,2,0,convnext_tiny,25.0,0.007565214764326811,0.07858812063932419,0.1275365948677063,0.19800762832164764,0.299963116645813,0.03929726779460907,0.03134969621896744,0.21347644925117493,0.3094812035560608,0.45259392261505127,0.6100178956985474,0.11257166415452957,0.0,0.1815841469168663,0.0009272824925709711
ad2dba02a5d0a308,cars196-convnext_tiny-regression-profile-N2-final-s0,finished,final,cars196,profile,regression,2,0,convnext_tiny,30.0,0.009131095372140408,0.09396138042211533,0.14979706704616547,0.2235887348651886,0.3326773941516876,0.04475931450724602,0.04027177765965462,0.22957661747932434,0.3434704840183258,0.4961240291595459,0.6589147448539734,0.12827645242214203,0.0,0.18107110619544983,0.0008879677897068578
ad2dba02a5d0a308,cars196-convnext_tiny-regression-profile-N2-final-s0,finished,final,cars196,profile,regression,2,0,convnext_tiny,35.0,0.01228640042245388,0.11105644702911377,0.17402534186840057,0.2640511691570282,0.37547656893730164,0.05419722944498062,0.05447767674922943,0.25641027092933655,0.3864043056964874,0.5175909399986267,0.6744186282157898,0.15126055479049683,0.0,0.1846562869846821,0.0008414352950377178
ad2dba02a5d0a308,cars196-convnext_tiny-regression-profile-N2-final-s0,finished,final,cars196,profile,regression,2,0,convnext_tiny,40.0,0.01583634503185749,0.13749846816062927,0.20907637476921082,0.3054974675178528,0.42959046363830566,0.062299903482198715,0.0716724693775177,0.3249850869178772,0.4609421491622925,0.5986881256103516,0.7292784452438354,0.17485323548316956,0.0,0.18733268186450006,0.0007885518208963762
ad2dba02a5d0a308,cars196-convnext_tiny-regression-profile-N2-final-s0,finished,final,cars196,profile,regression,2,0,convnext_tiny,45.0,0.01921418309211731,0.16307957470417023,0.24425040185451508,0.3482966423034668,0.47718608379364014,0.07014668732881546,0.09121096879243851,0.3583780527114868,0.4937388300895691,0.6326773762702942,0.7650566697120667,0.1979435682296753,0.0,0.1911702810227871,0.0007303024863467105
ad2dba02a5d0a308,cars196-convnext_tiny-regression-profile-N2-final-s0,finished,final,cars196,profile,regression,2,0,convnext_tiny,50.0,0.02407149225473404,0.1853400617837906,0.27216824889183044,0.3835936486721039,0.5063337683677673,0.08057300746440887,0.1118122860789299,0.39594513177871704,0.5348837375640869,0.663088858127594,0.7751938104629517,0.22348962724208832,0.0,0.19384520515799522,0.0006677723662794075
ad2dba02a5d0a308,cars196-convnext_tiny-regression-profile-N2-final-s0,finished,final,cars196,profile,regression,2,0,convnext_tiny,55.0,0.027411747723817825,0.21202804148197174,0.30414462089538574,0.41778379678726196,0.5440905094146729,0.08774209767580032,0.1219257190823555,0.44305306673049927,0.5700656175613403,0.692903995513916,0.8145498037338257,0.23328794538974762,0.0,0.19335202530026435,0.0006021262785197906
ad2dba02a5d0a308,cars196-convnext_tiny-regression-profile-N2-final-s0,finished,final,cars196,profile,regression,2,0,convnext_tiny,60.0,0.03015580028295517,0.22961504757404327,0.32824990153312683,0.4433648884296417,0.5752059817314148,0.09242305159568787,0.14434558153152466,0.4645199775695801,0.6016696691513062,0.7161598205566406,0.8223017454147339,0.2570037245750427,0.0,0.19406877622008323,0.0005345870854756532
ad2dba02a5d0a308,cars196-convnext_tiny-regression-profile-N2-final-s0,finished,final,cars196,profile,regression,2,0,convnext_tiny,65.0,0.03322342410683632,0.24400442838668823,0.34460705518722534,0.4635346233844757,0.5884885191917419,0.09799759835004807,0.15182776749134064,0.4961240291595459,0.6159809231758118,0.7251043319702148,0.8228980302810669,0.2640150487422943,0.0,0.1947762344777584,0.0004664129145243469
ad2dba02a5d0a308,cars196-convnext_tiny-regression-profile-N2-final-s0,finished,final,cars196,profile,regression,2,0,convnext_tiny,70.0,0.034503448754549026,0.2512606084346771,0.3506333827972412,0.473004549741745,0.5925470590591431,0.09973187744617462,0.15784086287021637,0.4895646870136261,0.6267143487930298,0.7292784452438354,0.8324388861656189,0.2712952196598053,0.0,0.1923408843576908,0.0003988737214802095
ad2dba02a5d0a308,cars196-convnext_tiny-regression-profile-N2-final-s0,finished,final,cars196,profile,regression,2,0,convnext_tiny,75.0,0.035638172179460526,0.25322839617729187,0.35813552141189575,0.4746033549308777,0.6004181504249573,0.10115848481655121,0.16573584079742432,0.5068574547767639,0.643410861492157,0.7477638721466064,0.8413833975791931,0.27963191270828247,0.0,0.19202812254428864,0.0003332276337205924
ad2dba02a5d0a308,cars196-convnext_tiny-regression-profile-N2-final-s0,finished,final,cars196,profile,regression,2,0,convnext_tiny,80.0,0.0369686633348465,0.2628212869167328,0.3668675422668457,0.484319269657135,0.6130857467651367,0.10264372080564499,0.16703447699546814,0.5104352831840515,0.6308884620666504,0.7429934144020081,0.8372092843055725,0.28064802289009094,0.0,0.19060552805662156,0.00027069751365328947
ad2dba02a5d0a308,cars196-convnext_tiny-regression-profile-N2-final-s0,finished,final,cars196,profile,regression,2,0,convnext_tiny,85.0,0.03666836768388748,0.258516788482666,0.365145742893219,0.4796457886695862,0.6022629737854004,0.10201738029718399,0.16845890879631042,0.5247465968132019,0.6481812596321106,0.7489564418792725,0.8348240852355957,0.28004395961761475,0.0,0.18754836842417716,0.0002124481791036239
ad2dba02a5d0a308,cars196-convnext_tiny-regression-profile-N2-final-s0,finished,final,cars196,profile,regression,2,0,convnext_tiny,90.0,0.037350043654441833,0.2652810215950012,0.3680973947048187,0.4871479570865631,0.6048456430435181,0.10226808488368988,0.17228692770004272,0.5265354514122009,0.642814576625824,0.7537268996238708,0.8378056287765503,0.2862675189971924,0.0,0.1882757391035557,0.00015956470496228238
ad2dba02a5d0a308,cars196-convnext_tiny-regression-profile-N2-final-s0,finished,final,cars196,profile,regression,2,0,convnext_tiny,95.0,0.037194617092609406,0.2673717737197876,0.3668675422668457,0.4849342107772827,0.6020169854164124,0.1021895632147789,0.17741362750530243,0.5289207100868225,0.6511628031730652,0.7501490712165833,0.8360167145729065,0.29121771454811096,0.0,0.18424062848091124,0.00011303221029314226
ad2dba02a5d0a308,cars196-convnext_tiny-regression-profile-N2-final-s0,finished,final,cars196,profile,regression,2,0,convnext_tiny,100.0,0.037868257611989975,0.27278319001197815,0.3714180290699005,0.48788586258888245,0.6025089025497437,0.1035478413105011,0.1741369068622589,0.5336911082267761,0.644603431224823,0.7483601570129395,0.8395945429801941,0.28655341267585754,0.0,0.18168431669473648,7.371750742902897e-05
ad2dba02a5d0a308,cars196-convnext_tiny-regression-profile-N2-final-s0,finished,final,cars196,profile,regression,2,0,convnext_tiny,105.0,0.03727779537439346,0.2689706087112427,0.37154102325439453,0.48677900433540344,0.5978354215621948,0.10241544991731644,0.17791035771369934,0.5289207100868225,0.6487776041030884,0.7483601570129395,0.8360167145729065,0.2902183532714844,0.0,0.1829100300371647,4.235295489802631e-05
ad2dba02a5d0a308,cars196-convnext_tiny-regression-profile-N2-final-s0,finished,final,cars196,profile,regression,2,0,convnext_tiny,110.0,0.03790883719921112,0.2702004611492157,0.3690812885761261,0.4870249629020691,0.6033698320388794,0.10355536639690399,0.17866040766239166,0.5360763072967529,0.6511628031730652,0.7543231844902039,0.8389981985092163,0.2914653718471527,0.0,0.18138860628008843,1.9522814969774334e-05
ad2dba02a5d0a308,cars196-convnext_tiny-regression-profile-N2-final-s0,finished,final,cars196,profile,regression,2,0,convnext_tiny,115.0,0.03774775192141533,0.2695855498313904,0.3680973947048187,0.4865330159664154,0.603246808052063,0.10327361524105072,0.17866651713848114,0.5324985384941101,0.6505664587020874,0.7537268996238708,0.8366129994392395,0.2911132872104645,0.0,0.1813197575509548,5.652369954852788e-06
ad2dba02a5d0a308,cars196-convnext_tiny-regression-profile-N2-final-s0,finished,final,cars196,profile,regression,2,0,convnext_tiny,120.0,0.037699416279792786,0.2663879096508026,0.36871233582496643,0.48444226384162903,0.6031238436698914,0.10329210758209229,0.17879435420036316,0.5301132798194885,0.6511628031730652,0.7579010128974915,0.8419797420501709,0.29142341017723083,0.0,0.17807183012366296,1e-06
aed3a864b3f3ea90,cars196-convnext_tiny-regression-mds-N2-search-s0,finished,search,cars196,mds,regression,2,0,convnext_tiny,5.0,0.002479485236108303,0.031484443694353104,0.05792645364999771,0.09703603386878967,0.16025088727474213,0.01915114000439644,0.012318054214119911,0.09063804149627686,0.1663685142993927,0.29099583625793457,0.4669051766395569,0.07469022274017334,0.0,0.19494642853736877,0.001
aed3a864b3f3ea90,cars196-convnext_tiny-regression-mds-N2-search-s0,finished,search,cars196,mds,regression,2,0,convnext_tiny,10.0,0.004318959545344114,0.04734965041279793,0.0792030468583107,0.13208706676959991,0.21055220067501068,0.025374233722686768,0.017195500433444977,0.11985688656568527,0.21347644925117493,0.3392963707447052,0.5122241973876953,0.08498618006706238,0.0,0.18595067769289017,0.0009046039886902862
aed3a864b3f3ea90,cars196-convnext_tiny-regression-mds-N2-search-s0,finished,search,cars196,mds,regression,2,0,convnext_tiny,15.0,0.005206394009292126,0.056204650551080704,0.09248554706573486,0.14955109357833862,0.23379658162593842,0.028588732704520226,0.018836626783013344,0.13536076247692108,0.23911747336387634,0.3726893365383148,0.5253428816795349,0.08787770569324493,0.0,0.18201111420989036,0.0006548539886902863
aed3a864b3f3ea90,cars196-convnext_tiny-regression-mds-N2-search-s0,finished,search,cars196,mds,regression,2,0,convnext_tiny,20.0,0.006041621323674917,0.06358381360769272,0.1050301343202591,0.16553929448127747,0.25544214248657227,0.031801749020814896,0.02292042039334774,0.1639833003282547,0.25760287046432495,0.38700059056282043,0.5539653897285461,0.09539516270160675,0.0,0.1821870033442974,0.0003461460113097138
aed3a864b3f3ea90,cars196-convnext_tiny-regression-mds-N2-search-s0,finished,search,cars196,mds,regression,2,0,convnext_tiny,25.0,0.00680310744792223,0.06862624734640121,0.10994957387447357,0.1736563742160797,0.2610994875431061,0.03486372530460358,0.027127498760819435,0.18902802467346191,0.2933810353279114,0.41621944308280945,0.5712581872940063,0.10251534730195999,0.0,0.1833653911948204,9.63960113097138e-05
aed3a864b3f3ea90,cars196-convnext_tiny-regression-mds-N2-search-s0,finished,search,cars196,mds,regression,2,0,convnext_tiny,30.0,0.00719370786100626,0.07059402018785477,0.1146230474114418,0.1780838817358017,0.26663386821746826,0.03611849620938301,0.02925523929297924,0.20155039429664612,0.2939773499965668,0.41443052887916565,0.5819916725158691,0.10536809265613556,0.0,0.18358265563845635,1e-06
799ba65417cee497,cars196-convnext_tiny-regression-mds-N2-search-s1,finished,search,cars196,mds,regression,2,1,convnext_tiny,5.0,0.002386864274740219,0.0325913168489933,0.05927930027246475,0.09765096753835678,0.15693026781082153,0.01913340389728546,0.007857276126742363,0.07664233446121216,0.14963503181934357,0.2700729966163635,0.4270072877407074,0.058475080877542496,0.0,0.18884070083498955,0.001
799ba65417cee497,cars196-convnext_tiny-regression-mds-N2-search-s1,finished,search,cars196,mds,regression,2,1,convnext_tiny,10.0,0.0037144434172660112,0.04624277353286743,0.07723527401685715,0.1247079074382782,0.1971467286348343,0.02388100139796734,0.010129117406904697,0.09610705822706223,0.16423358023166656,0.2791970670223236,0.44525548815727234,0.0646822601556778,0.0,0.18008906796574592,0.0009046039886902862
799ba65417cee497,cars196-convnext_tiny-regression-mds-N2-search-s1,finished,search,cars196,mds,regression,2,1,convnext_tiny,15.0,0.004812290892004967,0.05386791378259659,0.08732013404369354,0.1325790137052536,0.20526380836963654,0.026107922196388245,0.011323712766170502,0.10340632498264313,0.17944039404392242,0.29440388083457947,0.4635036587715149,0.06743954867124557,0.0,0.1773442181944847,0.0006548539886902863
799ba65417cee497,cars196-convnext_tiny-regression-mds-N2-search-s1,finished,search,cars196,mds,regression,2,1,convnext_tiny,20.0,0.0051503172144293785,0.05399090051651001,0.0899028405547142,0.14081908762454987,0.22149796783924103,0.027960922569036484,0.012411112897098064,0.10888078063726425,0.18734793365001678,0.3083941638469696,0.4781021773815155,0.06943695992231369,0.0,0.17718087047338485,0.0003461460113097138
799ba65417cee497,cars196-convnext_tiny-regression-mds-N2-search-s1,finished,search,cars196,mds,regression,2,1,convnext_tiny,25.0,0.005865869112312794,0.06284590065479279,0.0999877005815506,0.1566842943429947,0.24142171442508698,0.029941920191049576,0.013375776819884777,0.11131387203931808,0.19038929045200348,0.31082725524902344,0.4835766553878784,0.07173684984445572,0.0,0.17822050005197526,9.63960113097138e-05
799ba65417cee497,cars196-convnext_tiny-regression-mds-N2-search-s1,finished,search,cars196,mds,regression,2,1,convnext_tiny,30.0,0.006004699505865574,0.0640757605433464,0.10453818738460541,0.1584060937166214,0.24142171442508698,0.030458122491836548,0.013539910316467285,0.11678832024335861,0.19343066215515137,0.31326034665107727,0.4750608205795288,0.0723666325211525,0.0,0.17607844188809396,1e-06
131bcc967c35c1e5,cars196-convnext_tiny-regression-mds-N2-search-s2,finished,search,cars196,mds,regression,2,2,convnext_tiny,5.0,0.002476002089679241,0.034805066883563995,0.058787357062101364,0.1028163805603981,0.1730414479970932,0.01960521563887596,0.010927817784249783,0.09123867005109787,0.15226586163043976,0.2664652466773987,0.4265860915184021,0.066709004342556,0.0,0.18729412317276,0.001
131bcc967c35c1e5,cars196-convnext_tiny-regression-mds-N2-search-s2,finished,search,cars196,mds,regression,2,2,convnext_tiny,10.0,0.0032149753533303738,0.04611978679895401,0.07969499379396439,0.1264297068119049,0.19788463413715363,0.02240169048309326,0.013694954104721546,0.10755287110805511,0.17885196208953857,0.28942596912384033,0.4567975699901581,0.07568345963954926,0.0,0.18194496586918832,0.0009046039886902862
131bcc967c35c1e5,cars196-convnext_tiny-regression-mds-N2-search-s2,finished,search,cars196,mds,regression,2,2,convnext_tiny,15.0,0.004781445953994989,0.05460583046078682,0.09014881402254105,0.14229491353034973,0.21215102076530457,0.026204904541373253,0.015472974628210068,0.11480362713336945,0.18972809612751007,0.3057401776313782,0.4900301992893219,0.07760433107614517,0.0,0.17775024637579917,0.0006548539886902863
131bcc967c35c1e5,cars196-convnext_tiny-regression-mds-N2-search-s2,finished,search,cars196,mds,regression,2,2,convnext_tiny,20.0,0.006001265253871679,0.061370063573122025,0.09765096753835678,0.1522568017244339,0.2320747822523117,0.029433537274599075,0.01757824793457985,0.1250755339860916,0.20483383536338806,0.32447129487991333,0.47552868723869324,0.08122346550226212,0.0,0.17684383153915406,0.0003461460113097138
131bcc967c35c1e5,cars196-convnext_tiny-regression-mds-N2-search-s2,finished,search,cars196,mds,regression,2,2,convnext_tiny,25.0,0.006283895578235388,0.06481367349624634,0.10244742035865784,0.15582339465618134,0.23847004771232605,0.031179945915937424,0.018612686544656754,0.1250755339860916,0.2187311202287674,0.34199395775794983,0.5075528621673584,0.08441849797964096,0.0,0.17820138916373252,9.63960113097138e-05
131bcc967c35c1e5,cars196-convnext_tiny-regression-mds-N2-search-s2,finished,search,cars196,mds,regression,2,2,convnext_tiny,30.0,0.00636937003582716,0.06616652011871338,0.0999877005815506,0.15643832087516785,0.2376091480255127,0.031364671885967255,0.018670346587896347,0.13293051719665527,0.21570996940135956,0.3462235629558563,0.5202416777610779,0.08425506949424744,0.0,0.1774885104596615,1e-06
1dce77ecbcd5d0ec,cars196-convnext_tiny-regression-mds-N4-search-s0,finished,search,cars196,mds,regression,4,0,convnext_tiny,5.0,0.0019265871960669756,0.02656499855220318,0.04611978679895401,0.07785020023584366,0.1387283205986023,0.016320375725626945,0.009203632362186909,0.08765652775764465,0.1520572453737259,0.25044721364974976,0.41800835728645325,0.0634259432554245,174.59060203552247,175.12963172912598,0.001
1dce77ecbcd5d0ec,cars196-convnext_tiny-regression-mds-N4-search-s0,finished,search,cars196,mds,regression,4,0,convnext_tiny,10.0,0.0017269318923354149,0.024228261783719063,0.04316812381148338,0.07662034034729004,0.13466978073120117,0.0161023810505867,0.00869685411453247,0.07632677257061005,0.1443053036928177,0.27489563822746277,0.42814549803733826,0.0617009736597538,171.38888191223145,171.904091796875,0.0009046039886902862
1dce77ecbcd5d0ec,cars196-convnext_tiny-regression-mds-N4-search-s0,finished,search,cars196,mds,regression,4,0,convnext_tiny,15.0,0.0014488704036921263,0.023613331839442253,0.039970483630895615,0.06973312050104141,0.12064936757087708,0.014730991795659065,0.008121658116579056,0.07513416558504105,0.12939773499965668,0.24031007289886475,0.40787118673324585,0.06004919856786728,163.30592376708984,163.8140322113037,0.0006548539886902863
1dce77ecbcd5d0ec,cars196-convnext_tiny-regression-mds-N4-search-s0,finished,search,cars196,mds,regression,4,0,convnext_tiny,20.0,0.0013749758945778012,0.018570901826024055,0.03787972033023834,0.06825728714466095,0.12261714786291122,0.014536836184561253,0.008082207292318344,0.07036374509334564,0.14072749018669128,0.24806201457977295,0.42039355635643005,0.06001579388976097,165.2715914916992,165.75831985473633,0.0003461460113097138
1dce77ecbcd5d0ec,cars196-convnext_tiny-regression-mds-N4-search-s0,finished,search,cars196,mds,regression,4,0,convnext_tiny,25.0,0.001315278117544949,0.017709998413920403,0.036649856716394424,0.06432173401117325,0.11585290729999542,0.014222568832337856,0.007518424652516842,0.060226596891880035,0.12880143523216248,0.24448420107364655,0.39654144644737244,0.05803427845239639,163.34603507995607,163.8261875152588,9.63960113097138e-05
1dce77ecbcd5d0ec,cars196-convnext_tiny-regression-mds-N4-search-s0,finished,search,cars196,mds,regression,4,0,convnext_tiny,30.0,0.0012865259777754545,0.017218055203557014,0.03394416347146034,0.06259992718696594,0.1129012405872345,0.014046121388673782,0.007220229599624872,0.06320811063051224,0.12045319378376007,0.22659510374069214,0.38878950476646423,0.05708520486950874,165.87464935302734,166.34552894592287,1e-06
02a8959454e5e8ec,cars196-convnext_tiny-regression-mds-N4-search-s1,finished,search,cars196,mds,regression,4,1,convnext_tiny,5.0,0.0015457598492503166,0.02152256853878498,0.04107735678553581,0.07219284027814865,0.1281515210866928,0.01501202117651701,0.006543222814798355,0.07055961340665817,0.1271289587020874,0.2250608205795288,0.38381993770599365,0.053961511701345444,171.6899605560303,172.21902557373048,0.001
02a8959454e5e8ec,cars196-convnext_tiny-regression-mds-N4-search-s1,finished,search,cars196,mds,regression,4,1,convnext_tiny,10.0,0.0016608405858278275,0.024351248517632484,0.04218423366546631,0.07280777394771576,0.12741360068321228,0.015470732003450394,0.00656956247985363,0.0614355243742466,0.12104623019695282,0.22019465267658234,0.3801703155040741,0.05463176965713501,163.75225273132324,164.26759803771972,0.0009046039886902862
02a8959454e5e8ec,cars196-convnext_tiny-regression-mds-N4-search-s1,finished,search,cars196,mds,regression,4,1,convnext_tiny,15.0,0.0013741625007241964,0.019923748448491096,0.03529701009392738,0.06973312050104141,0.12138728052377701,0.014506720937788486,0.0063238125294446945,0.059002432972192764,0.10462287068367004,0.1989051103591919,0.36192214488983154,0.05364908277988434,165.6019515991211,166.10513580322265,0.0006548539886902863
02a8959454e5e8ec,cars196-convnext_tiny-regression-mds-N4-search-s1,finished,search,cars196,mds,regression,4,1,convnext_tiny,20.0,0.0012629642151296139,0.018324928358197212,0.03554298356175423,0.06641249358654022,0.11757471412420273,0.01389006432145834,0.0062751080840826035,0.06326033920049667,0.11861313879489899,0.21472018957138062,0.35888078808784485,0.05390718951821327,164.41579895019532,164.91135620117188,0.0003461460113097138
02a8959454e5e8ec,cars196-convnext_tiny-regression-mds-N4-search-s1,finished,search,cars196,mds,regression,4,1,convnext_tiny,25.0,0.001258309930562973,0.019677776843309402,0.03689583018422127,0.06592055410146713,0.11548394709825516,0.013873322866857052,0.006183375604450703,0.0687347948551178,0.11313868314027786,0.2092457413673401,0.3534063398838043,0.05358986184000969,160.7403572845459,161.23540115356445,9.63960113097138e-05
02a8959454e5e8ec,cars196-convnext_tiny-regression-mds-N4-search-s1,finished,search,cars196,mds,regression,4,1,convnext_tiny,30.0,0.001256223302334547,0.01881687343120575,0.03566597029566765,0.0673963874578476,0.11782068759202957,0.013886410742998123,0.006120588164776564,0.06630170345306396,0.12347932159900665,0.21472018957138062,0.3570559620857239,0.0524292029440403,162.45164176940918,162.93658744812012,1e-06
a76497f1cee4eacd,cars196-convnext_tiny-regression-mds-N4-search-s2,finished,search,cars196,mds,regression,4,2,convnext_tiny,5.0,0.001814776798710227,0.02459722012281418,0.04292215034365654,0.07452958077192307,0.13159513473510742,0.016457989811897278,0.008273075334727764,0.06163141876459122,0.12809666991233826,0.21752266585826874,0.3770392835140228,0.05952389910817146,179.6061540222168,180.14379051208496,0.001
a76497f1cee4eacd,cars196-convnext_tiny-regression-mds-N4-search-s2,finished,search,cars196,mds,regression,4,2,convnext_tiny,10.0,0.0015253724996000528,0.022998401895165443,0.03824867680668831,0.07194686681032181,0.1247079074382782,0.015174436382949352,0.007299522403627634,0.07190332561731339,0.12145014852285385,0.2102719098329544,0.38006043434143066,0.05652352422475815,166.5488210296631,167.07138801574706,0.0009046039886902862
a76497f1cee4eacd,cars196-convnext_tiny-regression-mds-N4-search-s2,finished,search,cars196,mds,regression,4,2,convnext_tiny,15.0,0.0015304969856515527,0.02410527691245079,0.04378305375576019,0.0758824273943901,0.12962734699249268,0.014754005707800388,0.007574957329779863,0.06706948578357697,0.12084592133760452,0.23141993582248688,0.3915407955646515,0.05704406648874283,165.69124046325683,166.19543685913087,0.0006548539886902863
a76497f1cee4eacd,cars196-convnext_tiny-regression-mds-N4-search-s2,finished,search,cars196,mds,regression,4,2,convnext_tiny,20.0,0.0015716287307441235,0.025212151929736137,0.04402902349829674,0.07354568690061569,0.12446193397045135,0.015052753500640392,0.007693039253354073,0.06948640197515488,0.14138972759246826,0.23564954102039337,0.37945619225502014,0.05775197595357895,161.3883512878418,161.88541442871093,0.0003461460113097138
a76497f1cee4eacd,cars196-convnext_tiny-regression-mds-N4-search-s2,finished,search,cars196,mds,regression,4,2,convnext_tiny,25.0,0.001507322653196752,0.024966178461909294,0.04218423366546631,0.07182388752698898,0.11941950768232346,0.014468981884419918,0.00733861792832613,0.06586102396249771,0.11480362713336945,0.22477340698242188,0.37099698185920715,0.0567508302628994,163.02768241882325,163.51003494262696,9.63960113097138e-05
a76497f1cee4eacd,cars196-convnext_tiny-regression-mds-N4-search-s2,finished,search,cars196,mds,regression,4,2,convnext_tiny,30.0,0.001496026641689241,0.02410527691245079,0.039970483630895615,0.06899520009756088,0.11818964779376984,0.014591393992304802,0.007340339943766594,0.059818729758262634,0.11238670349121094,0.21933534741401672,0.37522658705711365,0.057160329073667526,163.87283088684083,164.35255004882814,1e-06
469c42c4faa4a70f,cars196-convnext_tiny-regression-mds-N8-search-s0,finished,search,cars196,mds,regression,8,0,convnext_tiny,5.0,0.0018195334123447537,0.025704095140099525,0.04501291364431381,0.08043291419744492,0.13799040019512177,0.01619044505059719,0.00942603312432766,0.09719737619161606,0.1532498449087143,0.27489563822746277,0.44364938139915466,0.06446909159421921,287.34945220947264,287.9074310302734,0.001
469c42c4faa4a70f,cars196-convnext_tiny-regression-mds-N8-search-s0,finished,search,cars196,mds,regression,8,0,convnext_tiny,10.0,0.001485385000705719,0.024351248517632484,0.040708400309085846,0.07182388752698898,0.13024228811264038,0.014758691191673279,0.007645299192517996,0.07871198654174805,0.14072749018669128,0.24031007289886475,0.40011927485466003,0.05901188775897026,276.9678002929688,277.52113220214846,0.0009046039886902862
469c42c4faa4a70f,cars196-convnext_tiny-regression-mds-N8-search-s0,finished,search,cars196,mds,regression,8,0,convnext_tiny,15.0,0.0015564508503302932,0.02533513680100441,0.04021645709872246,0.07428360730409622,0.13171811401844025,0.015247154049575329,0.008471747860312462,0.09063804149627686,0.1508646458387375,0.25342872738838196,0.42277878522872925,0.0604831799864769,271.26819915771483,271.8097068786621,0.0006548539886902863
469c42c4faa4a70f,cars196-convnext_tiny-regression-mds-N8-search-s0,finished,search,cars196,mds,regression,8,0,convnext_tiny,20.0,0.001433083089068532,0.023736318573355675,0.04144631698727608,0.07662034034729004,0.1319640874862671,0.014749862253665924,0.008478990755975246,0.08527132123708725,0.1538461595773697,0.26177698373794556,0.41860464215278625,0.06078674644231796,271.1268478393555,271.677357635498,0.0003461460113097138
469c42c4faa4a70f,cars196-convnext_tiny-regression-mds-N8-search-s0,finished,search,cars196,mds,regression,8,0,convnext_tiny,25.0,0.0015284228138625622,0.023244373500347137,0.04341409355401993,0.0763743668794632,0.13565367460250854,0.015151126310229301,0.008369243703782558,0.09183064848184586,0.1645796000957489,0.27429935336112976,0.42695289850234985,0.06061572954058647,270.4707971191406,271.01288146972655,9.63960113097138e-05
469c42c4faa4a70f,cars196-convnext_tiny-regression-mds-N8-search-s0,finished,search,cars196,mds,regression,8,0,convnext_tiny,30.0,0.0015230524586513638,0.021768540143966675,0.04230722039937973,0.07735826075077057,0.13749846816062927,0.015169354155659676,0.008295862004160881,0.08646392077207565,0.1574239730834961,0.25581395626068115,0.42695289850234985,0.06095132231712341,269.18980560302737,269.7223989868164,1e-06
171630b06a026ede,cars196-convnext_tiny-regression-mds-N8-search-s1,finished,search,cars196,mds,regression,8,1,convnext_tiny,5.0,0.0016723491717129946,0.023736318573355675,0.03960152342915535,0.07096298038959503,0.1270446479320526,0.015742039307951927,0.006790054030716419,0.06690997630357742,0.12652067840099335,0.2366180121898651,0.38381993770599365,0.05473550036549568,277.20380599975584,277.75882553100587,0.001
171630b06a026ede,cars196-convnext_tiny-regression-mds-N8-search-s1,finished,search,cars196,mds,regression,8,1,convnext_tiny,10.0,0.0015344020212069154,0.02201451174914837,0.038740623742341995,0.07120895385742188,0.12716762721538544,0.015216590836644173,0.006136872805655003,0.06082725152373314,0.11861313879489899,0.22992700338363647,0.36739659309387207,0.052978284657001495,275.5024320983887,276.05970932006835,0.0009046039886902862
171630b06a026ede,cars196-convnext_tiny-regression-mds-N8-search-s1,finished,search,cars196,mds,regression,8,1,convnext_tiny,15.0,0.0013734103413298726,0.01955479010939598,0.03960152342915535,0.07194686681032181,0.12458492070436478,0.014423180371522903,0.005830997601151466,0.05535279959440231,0.10462287068367004,0.18673965334892273,0.3448905050754547,0.05255984142422676,266.72315307617185,267.2706413269043,0.0006548539886902863
171630b06a026ede,cars196-convnext_tiny-regression-mds-N8-search-s1,finished,search,cars196,mds,regression,8,1,convnext_tiny,20.0,0.0013831411488354206,0.021153610199689865,0.03923256695270538,0.06887222081422806,0.12384700775146484,0.014388556592166424,0.006181241944432259,0.0656934306025505,0.12104623019695282,0.2092457413673401,0.3613138794898987,0.05290241166949272,270.3881607055664,270.92826293945313,0.0003461460113097138
171630b06a026ede,cars196-convnext_tiny-regression-mds-N8-search-s1,finished,search,cars196,mds,regression,8,1,convnext_tiny,25.0,0.0013249574694782495,0.020538678392767906,0.036649856716394424,0.06665846705436707,0.12126429378986359,0.01426314190030098,0.006008477881550789,0.05778588727116585,0.11313868314027786,0.210462287068367,0.36192214488983154,0.05259216949343681,266.28955535888673,266.8276631164551,9.63960113097138e-05
171630b06a026ede,cars196-convnext_tiny-regression-mds-N8-search-s1,finished,search,cars196,mds,regression,8,1,convnext_tiny,30.0,0.0013230189215391874,0.019185831770300865,0.03554298356175423,0.06395277380943298,0.11732874065637589,0.014256700873374939,0.006023926194757223,0.06021897867321968,0.1155717745423317,0.20681264996528625,0.3625304102897644,0.05257410556077957,268.10042846679687,268.63471618652346,1e-06
c769538474297305,cars196-convnext_tiny-regression-mds-N8-search-s2,finished,search,cars196,mds,regression,8,2,convnext_tiny,5.0,0.001854666043072939,0.02545812353491783,0.04734965041279793,0.07834214717149734,0.13380888104438782,0.01625203527510166,0.008445200510323048,0.07250755280256271,0.12990936636924744,0.23141993582248688,0.3764350414276123,0.06075569614768028,271.86279861450197,272.4217176818848,0.001
c769538474297305,cars196-convnext_tiny-regression-mds-N8-search-s2,finished,search,cars196,mds,regression,8,2,convnext_tiny,10.0,0.001629557809792459,0.024474235251545906,0.04304513707756996,0.07649735361337662,0.12729062139987946,0.015557724982500076,0.008290080353617668,0.07854984700679779,0.13655589520931244,0.23262840509414673,0.3854984939098358,0.0599202960729599,270.94002532958984,271.49606796264646,0.0009046039886902862
c769538474297305,cars196-convnext_tiny-regression-mds-N8-search-s2,finished,search,cars196,mds,regression,8,2,convnext_tiny,15.0,0.0014500231482088566,0.023859303444623947,0.03837166354060173,0.06567458063364029,0.12126429378986359,0.014739287085831165,0.007581239566206932,0.07492446899414062,0.1311178207397461,0.21933534741401672,0.3921450078487396,0.05821985751390457,266.77027008056643,267.3298858642578,0.0006548539886902863
c769538474297305,cars196-convnext_tiny-regression-mds-N8-search-s2,finished,search,cars196,mds,regression,8,2,convnext_tiny,20.0,0.0013133675092831254,0.020538678392767906,0.036649856716394424,0.0640757605433464,0.12028040736913681,0.014178776182234287,0.007355127949267626,0.0743202418088913,0.13655589520931244,0.22719033062458038,0.38429003953933716,0.057015687227249146,268.8144854736328,269.367673034668,0.0003461460113097138
c769538474297305,cars196-convnext_tiny-regression-mds-N8-search-s2,finished,search,cars196,mds,regression,8,2,convnext_tiny,25.0,0.001350518548861146,0.021030623465776443,0.03701881691813469,0.06616652011871338,0.12200221419334412,0.014385402202606201,0.007390579674392939,0.0700906366109848,0.13172204792499542,0.2386706918478012,0.38429003953933716,0.05658063665032387,263.83954864501953,264.3730253601074,9.63960113097138e-05
c769538474297305,cars196-convnext_tiny-regression-mds-N8-search-s2,finished,search,cars196,mds,regression,8,2,convnext_tiny,30.0,0.0013841070467606187,0.020415693521499634,0.03726479038596153,0.06764235347509384,0.12003443390130997,0.014411832205951214,0.0074715628288686275,0.062235649675130844,0.13293051719665527,0.23504531383514404,0.39697885513305664,0.05697645992040634,266.38206130981445,266.91729736328125,1e-06
d32ff071e245e379,cars196-convnext_tiny-regression-mds-N16-search-s0,finished,search,cars196,mds,regression,16,0,convnext_tiny,5.0,0.0017083510756492615,0.022875415161252022,0.04021645709872246,0.07600541412830353,0.1343008279800415,0.015618950128555298,0.008380207233130932,0.08288610726594925,0.1514609456062317,0.25342872738838196,0.41920095682144165,0.06089159473776817,396.4813229370117,397.064384765625,0.001
d32ff071e245e379,cars196-convnext_tiny-regression-mds-N16-search-s0,finished,search,cars196,mds,regression,16,0,convnext_tiny,10.0,0.0015466614859178662,0.024228261783719063,0.04304513707756996,0.07465256750583649,0.13233304023742676,0.014990673400461674,0.008522938936948776,0.07930828630924225,0.1419200897216797,0.25462135672569275,0.42277878522872925,0.06155026704072952,377.3915509033203,377.95796478271484,0.0009046039886902862
d32ff071e245e379,cars196-convnext_tiny-regression-mds-N16-search-s0,finished,search,cars196,mds,regression,16,0,convnext_tiny,15.0,0.0014731811825186014,0.02139958180487156,0.04107735678553581,0.07329971343278885,0.1286434680223465,0.015034237876534462,0.008438155986368656,0.09421586245298386,0.1544424593448639,0.26416218280792236,0.43887895345687866,0.06064467132091522,378.1901159667969,378.74565948486327,0.0006548539886902863
d32ff071e245e379,cars196-convnext_tiny-regression-mds-N16-search-s0,finished,search,cars196,mds,regression,16,0,convnext_tiny,20.0,0.0014086761511862278,0.02213749848306179,0.03898659348487854,0.07219284027814865,0.12519985437393188,0.014818976633250713,0.008354343473911285,0.07692307978868484,0.14549791812896729,0.26177698373794556,0.4561717212200165,0.06123252958059311,373.3210003662109,373.8685461425781,0.0003461460113097138
d32ff071e245e379,cars196-convnext_tiny-regression-mds-N16-search-s0,finished,search,cars196,mds,regression,16,0,convnext_tiny,25.0,0.0014125403249636292,0.02201451174914837,0.040708400309085846,0.07231582701206207,0.12396999448537827,0.014831749722361565,0.008307322859764099,0.08288610726594925,0.1580202728509903,0.26416218280792236,0.43410852551460266,0.06073172390460968,372.723212890625,373.25492584228516,9.63960113097138e-05
d32ff071e245e379,cars196-convnext_tiny-regression-mds-N16-search-s0,finished,search,cars196,mds,regression,16,0,convnext_tiny,30.0,0.0013909636763855815,0.021645553410053253,0.040585413575172424,0.07059402018785477,0.1218792274594307,0.014776560477912426,0.008403993211686611,0.08467501401901245,0.1544424593448639,0.25939178466796875,0.43887895345687866,0.06108304485678673,374.98682067871096,375.5090301513672,1e-06
96cd2e6a6af98fcf,cars196-convnext_tiny-regression-mds-N16-search-s1,finished,search,cars196,mds,regression,16,1,convnext_tiny,5.0,0.0016720584826543927,0.02484319359064102,0.04501291364431381,0.07662034034729004,0.12999631464481354,0.01521526463329792,0.006559102796018124,0.07238442450761795,0.12226277589797974,0.20863747596740723,0.37043794989585876,0.05503636226058006,387.4665002441406,388.02558990478514,0.001
96cd2e6a6af98fcf,cars196-convnext_tiny-regression-mds-N16-search-s1,finished,search,cars196,mds,regression,16,1,convnext_tiny,10.0,0.0014904608251526952,0.02016972005367279,0.040462426841259,0.07145492732524872,0.1269216537475586,0.015107141807675362,0.006483991630375385,0.06751824915409088,0.12165450304746628,0.2250608205795288,0.3886861205101013,0.05431273579597473,379.8397848510742,380.41517364501954,0.0009046039886902862
96cd2e6a6af98fcf,cars196-convnext_tiny-regression-mds-N16-search-s1,finished,search,cars196,mds,regression,16,1,convnext_tiny,15.0,0.0014422842068597674,0.022383470088243484,0.04021645709872246,0.07280777394771576,0.12839749455451965,0.01454999577254057,0.006550392135977745,0.06630170345306396,0.11861313879489899,0.2165450155735016,0.3783454895019531,0.054708778858184814,380.0164971923828,380.5876791381836,0.0006548539886902863
96cd2e6a6af98fcf,cars196-convnext_tiny-regression-mds-N16-search-s1,finished,search,cars196,mds,regression,16,1,convnext_tiny,20.0,0.0012885953765362501,0.021030623465776443,0.034682080149650574,0.06481367349624634,0.12003443390130997,0.013742993585765362,0.006350448355078697,0.058394160121679306,0.10888078063726425,0.21532846987247467,0.3637469708919525,0.05425041913986206,377.5097933959961,378.0346499633789,0.0003461460113097138
96cd2e6a6af98fcf,cars196-convnext_tiny-regression-mds-N16-search-s1,finished,search,cars196,mds,regression,16,1,convnext_tiny,25.0,0.0014317685272544622,0.02336736023426056,0.04378305375576019,0.07219284027814865,0.1258147805929184,0.014422145672142506,0.00655406853184104,0.06751824915409088,0.1271289587020874,0.21532846987247467,0.3862530291080475,0.05455581098794937,373.4843759155273,374.0237796020508,9.63960113097138e-05
96cd2e6a6af98fcf,cars196-convnext_tiny-regression-mds-N16-search-s1,finished,search,cars196,mds,regression,16,1,convnext_tiny,30.0,0.0014098120154812932,0.021768540143966675,0.04144631698727608,0.07366867363452911,0.12741360068321228,0.014455804601311684,0.006651229690760374,0.06995134055614471,0.12956205010414124,0.21897810697555542,0.38686132431030273,0.054149772971868515,374.3904788208008,374.92107177734374,1e-06
e9d920b90078e205,cars196-convnext_tiny-regression-mds-N16-search-s2,finished,search,cars196,mds,regression,16,2,convnext_tiny,5.0,0.0017325314693152905,0.02607305347919464,0.04427499696612358,0.08018694072961807,0.13442380726337433,0.015714215114712715,0.0075159212574362755,0.06283988058567047,0.12145014852285385,0.21691842377185822,0.35951662063598633,0.05749890208244324,379.26544860839846,379.8278707885742,0.001
e9d920b90078e205,cars196-convnext_tiny-regression-mds-N16-search-s2,finished,search,cars196,mds,regression,16,2,convnext_tiny,10.0,0.0017136100213974714,0.026196040213108063,0.04341409355401993,0.07883409410715103,0.13073422014713287,0.015762556344270706,0.007440054789185524,0.06404833495616913,0.12084592133760452,0.21812689304351807,0.3939577043056488,0.0581161193549633,379.8139907836914,380.37012603759763,0.0009046039886902862
e9d920b90078e205,cars196-convnext_tiny-regression-mds-N16-search-s2,finished,search,cars196,mds,regression,16,2,convnext_tiny,15.0,0.0014405723195523024,0.020538678392767906,0.0365268737077713,0.06899520009756088,0.11892756074666977,0.015008918009698391,0.007225493434816599,0.07129909098148346,0.12447129935026169,0.22839878499507904,0.3897280991077423,0.056352753192186356,374.1124984741211,374.6640505981445,0.0006548539886902863
e9d920b90078e205,cars196-convnext_tiny-regression-mds-N16-search-s2,finished,search,cars196,mds,regression,16,2,convnext_tiny,20.0,0.001346382312476635,0.019800761714577675,0.03628090023994446,0.06751936674118042,0.12089534103870392,0.014441617764532566,0.0069820513017475605,0.0634441077709198,0.1226586103439331,0.20483383536338806,0.3848942518234253,0.05556259676814079,365.15876831054686,365.71225830078123,0.0003461460113097138
e9d920b90078e205,cars196-convnext_tiny-regression-mds-N16-search-s2,finished,search,cars196,mds,regression,16,2,convnext_tiny,25.0,0.0014518346870318055,0.021030623465776443,0.03689583018422127,0.07010208070278168,0.12274012714624405,0.015081783756613731,0.007672372739762068,0.07190332561731339,0.13172204792499542,0.22598187625408173,0.38791540265083313,0.05855000764131546,368.3635522460938,368.8935012817383,9.63960113097138e-05
e9d920b90078e205,cars196-convnext_tiny-regression-mds-N16-search-s2,finished,search,cars196,mds,regression,16,2,convnext_tiny,30.0,0.0014244829071685672,0.020046735182404518,0.036772843450307846,0.06924117356538773,0.12372402101755142,0.014895834028720856,0.0075020515359938145,0.07190332561731339,0.13051359355449677,0.2253776490688324,0.3788519501686096,0.05736759305000305,370.91124053955076,371.43565826416017,1e-06
6196cee609add428,cars196-convnext_tiny-regression-mds-N17-search-s0,finished,search,cars196,mds,regression,17,0,convnext_tiny,5.0,0.0018708615098148584,0.024228261783719063,0.045873817056417465,0.08104784041643143,0.1387283205986023,0.01597382128238678,0.008595525287091732,0.08050089329481125,0.14132378995418549,0.24508050084114075,0.40966010093688965,0.06126084923744202,408.74298217773435,409.31355529785156,0.001
6196cee609add428,cars196-convnext_tiny-regression-mds-N17-search-s0,finished,search,cars196,mds,regression,17,0,convnext_tiny,10.0,0.001552441157400608,0.022875415161252022,0.040462426841259,0.07391464710235596,0.13011929392814636,0.01519538089632988,0.008718724362552166,0.08884913474321365,0.1568276733160019,0.26237329840660095,0.43053069710731506,0.061770662665367126,398.9907891845703,399.5414611816406,0.0009046039886902862
6196cee609add428,cars196-convnext_tiny-regression-mds-N17-search-s0,finished,search,cars196,mds,regression,17,0,convnext_tiny,15.0,0.0015253662131726742,0.02201451174914837,0.040585413575172424,0.07317673414945602,0.12716762721538544,0.015136654488742352,0.008297944441437721,0.08586762100458145,0.1556350588798523,0.25760287046432495,0.41979727149009705,0.0602404810488224,387.773430480957,388.3406399536133,0.0006548539886902863
6196cee609add428,cars196-convnext_tiny-regression-mds-N17-search-s0,finished,search,cars196,mds,regression,17,0,convnext_tiny,20.0,0.0013606467982754111,0.02213749848306179,0.037387773394584656,0.06850326061248779,0.12421596050262451,0.014401919208467007,0.00786803849041462,0.07811567932367325,0.1472868174314499,0.26177698373794556,0.41502684354782104,0.05925149843096733,388.2528649902344,388.7888070678711,0.0003461460113097138
6196cee609add428,cars196-convnext_tiny-regression-mds-N17-search-s0,finished,search,cars196,mds,regression,17,0,convnext_tiny,25.0,0.0014160010032355785,0.02201451174914837,0.03972451016306877,0.07317673414945602,0.12544582784175873,0.014683299697935581,0.007998249493539333,0.08825283497571945,0.1502683311700821,0.25342872738838196,0.41800835728645325,0.05950000137090683,391.39911285400393,391.9259222412109,9.63960113097138e-05
6196cee609add428,cars196-convnext_tiny-regression-mds-N17-search-s0,finished,search,cars196,mds,regression,17,0,convnext_tiny,30.0,0.0013980509247630835,0.0227524284273386,0.039355553686618805,0.07182388752698898,0.12569180130958557,0.014514732174575329,0.007841537706553936,0.08765652775764465,0.1478831171989441,0.25104352831840515,0.40787118673324585,0.05892307311296463,383.3559094238281,383.8807302856445,1e-06
030733c5c6f3cb64,cars196-convnext_tiny-regression-mds-N17-search-s1,finished,search,cars196,mds,regression,17,1,convnext_tiny,5.0,0.0016167713329195976,0.021891526877880096,0.040093470364809036,0.07477554678916931,0.13380888104438782,0.015556604601442814,0.006619581021368504,0.06508515775203705,0.11861313879489899,0.2135036438703537,0.38077858090400696,0.055334556847810745,397.7436395263672,398.2960891723633,0.001
030733c5c6f3cb64,cars196-convnext_tiny-regression-mds-N17-search-s1,finished,search,cars196,mds,regression,17,1,convnext_tiny,10.0,0.0015941762831062078,0.025704095140099525,0.04230722039937973,0.07354568690061569,0.129258394241333,0.015480275265872478,0.0064581530168652534,0.05961070582270622,0.11800486594438553,0.21228709816932678,0.37226277589797974,0.05479204282164574,398.920341796875,399.47547637939454,0.0009046039886902862
030733c5c6f3cb64,cars196-convnext_tiny-regression-mds-N17-search-s1,finished,search,cars196,mds,regression,17,1,convnext_tiny,15.0,0.0014526350423693657,0.021891526877880096,0.041200343519449234,0.07379166036844254,0.13073422014713287,0.014812064357101917,0.006181964185088873,0.05656934157013893,0.10583941638469696,0.2092457413673401,0.36070558428764343,0.0532817617058754,388.34490570068357,388.9115072631836,0.0006548539886902863
030733c5c6f3cb64,cars196-convnext_tiny-regression-mds-N17-search-s1,finished,search,cars196,mds,regression,17,1,convnext_tiny,20.0,0.0013566998532041907,0.022875415161252022,0.040462426841259,0.0702250674366951,0.12064936757087708,0.014399338513612747,0.005970804486423731,0.05535279959440231,0.10036496073007584,0.19343066215515137,0.34306567907333374,0.05307382345199585,388.5666741943359,389.115481262207,0.0003461460113097138
030733c5c6f3cb64,cars196-convnext_tiny-regression-mds-N17-search-s1,finished,search,cars196,mds,regression,17,1,convnext_tiny,25.0,0.0013594233896583319,0.023736318573355675,0.04095437377691269,0.0713319405913353,0.12274012714624405,0.01432232465595007,0.006019157357513905,0.05535279959440231,0.10644768923521042,0.18978102505207062,0.3424574136734009,0.05310029909014702,387.8882290649414,388.4260144042969,9.63960113097138e-05
030733c5c6f3cb64,cars196-convnext_tiny-regression-mds-N17-search-s1,finished,search,cars196,mds,regression,17,1,convnext_tiny,30.0,0.0013632711488753557,0.022506456822156906,0.041815273463726044,0.0741606205701828,0.1269216537475586,0.01440243050456047,0.005995009560137987,0.0541362538933754,0.10279805213212967,0.18795619904994965,0.343673974275589,0.052979301661252975,386.26795776367186,386.79944732666013,1e-06
b23565d2d5a6a724,cars196-convnext_tiny-regression-mds-N17-search-s2,finished,search,cars196,mds,regression,17,2,convnext_tiny,5.0,0.001765054534189403,0.024351248517632484,0.04304513707756996,0.07477554678916931,0.13024228811264038,0.015883391723036766,0.008110420778393745,0.07069486379623413,0.12628398835659027,0.22658610343933105,0.37341389060020447,0.05964277684688568,400.80196502685544,401.35941619873046,0.001
b23565d2d5a6a724,cars196-convnext_tiny-regression-mds-N17-search-s2,finished,search,cars196,mds,regression,17,2,convnext_tiny,10.0,0.0015505177434533834,0.023121386766433716,0.041938260197639465,0.07256180047988892,0.1286434680223465,0.015104248188436031,0.007312159985303879,0.06163141876459122,0.11117824912071228,0.21389728784561157,0.38368579745292664,0.05836543068289757,384.60120849609376,385.15658599853515,0.0009046039886902862
b23565d2d5a6a724,cars196-convnext_tiny-regression-mds-N17-search-s2,finished,search,cars196,mds,regression,17,2,convnext_tiny,15.0,0.0013141040690243244,0.021030623465776443,0.03787972033023834,0.06764235347509384,0.11892756074666977,0.014025405049324036,0.007110818289220333,0.06283988058567047,0.11359516531229019,0.21148036420345306,0.3782477378845215,0.05654720589518547,383.61864685058595,384.16481353759764,0.0006548539886902863
b23565d2d5a6a724,cars196-convnext_tiny-regression-mds-N17-search-s2,finished,search,cars196,mds,regression,17,2,convnext_tiny,20.0,0.001343612326309085,0.020907636731863022,0.03837166354060173,0.07206985354423523,0.12126429378986359,0.014095068909227848,0.006999393925070763,0.059818729758262634,0.11057401448488235,0.22235649824142456,0.3788519501686096,0.05638933926820755,382.24927795410156,382.77895904541015,0.0003461460113097138
b23565d2d5a6a724,cars196-convnext_tiny-regression-mds-N17-search-s2,finished,search,cars196,mds,regression,17,2,convnext_tiny,25.0,0.001345093478448689,0.021153610199689865,0.040708400309085846,0.07071700692176819,0.123601034283638,0.013981630094349384,0.0072934809140861034,0.06465256959199905,0.12567976117134094,0.21752266585826874,0.3806646466255188,0.056497104465961456,381.2720477294922,381.8023095703125,9.63960113097138e-05
b23565d2d5a6a724,cars196-convnext_tiny-regression-mds-N17-search-s2,finished,search,cars196,mds,regression,17,2,convnext_tiny,30.0,0.001350149977952242,0.022260485216975212,0.038740623742341995,0.06973312050104141,0.12175624072551727,0.01406033243983984,0.007465139962732792,0.06706948578357697,0.12084592133760452,0.23141993582248688,0.37280967831611633,0.056790050119161606,380.3832571411133,380.90406341552733,1e-06
38e2ed4ae63b65fb,cars196-convnext_tiny-regression-mds-N2-final-s0,finished,final,cars196,mds,regression,2,0,convnext_tiny,5.0,0.0024616550654172897,0.032222360372543335,0.05571270361542702,0.09924978762865067,0.16111178696155548,0.019047118723392487,0.012302448973059654,0.09779367595911026,0.1705426424741745,0.296958863735199,0.4698866903781891,0.07445107400417328,0.0,0.19482268288731575,0.001
38e2ed4ae63b65fb,cars196-convnext_tiny-regression-mds-N2-final-s0,finished,final,cars196,mds,regression,2,0,convnext_tiny,10.0,0.004292950965464115,0.04882548376917839,0.08301562070846558,0.13528470695018768,0.20833845436573029,0.025308893993496895,0.017703188583254814,0.13059033453464508,0.22898031771183014,0.360763281583786,0.5193798542022705,0.08634217083454132,0.0,0.18543733268976212,0.000995347630045147
38e2ed4ae63b65fb,cars196-convnext_tiny-regression-mds-N2-final-s0,finished,final,cars196,mds,regression,2,0,convnext_tiny,15.0,0.004770918283611536,0.05399090051651001,0.08977985382080078,0.14131103456020355,0.21879227459430695,0.02725500427186489,0.019312983378767967,0.14132378995418549,0.24269528687000275,0.3643410801887512,0.5402504205703735,0.08844351023435593,0.0,0.18428811848163604,0.0009814771850302259
38e2ed4ae63b65fb,cars196-convnext_tiny-regression-mds-N2-final-s0,finished,final,cars196,mds,regression,2,0,convnext_tiny,20.0,0.006615889724344015,0.0702250674366951,0.115729920566082,0.17562414705753326,0.2678637206554413,0.03489651530981064,0.024018343538045883,0.1729278415441513,0.28264757990837097,0.41144901514053345,0.5837805867195129,0.10037602484226227,0.0,0.18453797727823257,0.0009586470451019739
38e2ed4ae63b65fb,cars196-convnext_tiny-regression-mds-N2-final-s0,finished,final,cars196,mds,regression,2,0,convnext_tiny,25.0,0.008127172477543354,0.08645922690629959,0.13356290757656097,0.21276596188545227,0.3243143558502197,0.04102662205696106,0.033228110522031784,0.20393559336662292,0.3154442310333252,0.4645199775695801,0.6213476657867432,0.1172388345003128,0.0,0.18274578228592872,0.0009272824925709711
38e2ed4ae63b65fb,cars196-convnext_tiny-regression-mds-N2-final-s0,finished,final,cars196,mds,regression,2,0,convnext_tiny,30.0,0.01026918739080429,0.09765096753835678,0.15102693438529968,0.23391956090927124,0.3476817011833191,0.047320470213890076,0.042595669627189636,0.22480620443820953,0.3500298261642456,0.4997018575668335,0.6565295457839966,0.13426873087882996,0.0,0.18353663444519042,0.0008879677897068578
38e2ed4ae63b65fb,cars196-convnext_tiny-regression-mds-N2-final-s0,finished,final,cars196,mds,regression,2,0,convnext_tiny,35.0,0.012310432270169258,0.11154839396476746,0.1713196337223053,0.2663879096508026,0.3807649612426758,0.05376145616173744,0.05155359208583832,0.25462135672569275,0.380441278219223,0.5408467650413513,0.6994633078575134,0.14961066842079163,0.0,0.18653822869062422,0.0008414352950377178
38e2ed4ae63b65fb,cars196-convnext_tiny-regression-mds-N2-final-s0,finished,final,cars196,mds,regression,2,0,convnext_tiny,40.0,0.01570958085358143,0.1286434680223465,0.20243512094020844,0.3034067153930664,0.43118926882743835,0.0630100667476654,0.0745459720492363,0.2957662343978882,0.42695289850234985,0.5807990431785583,0.731663703918457,0.17922498285770416,0.0,0.18874309897422792,0.0007885518208963762
38e2ed4ae63b65fb,cars196-convnext_tiny-regression-mds-N2-final-s0,finished,final,cars196,mds,regression,2,0,convnext_tiny,45.0,0.018551096320152283,0.14561554789543152,0.22715532779693604,0.32726600766181946,0.45812323689460754,0.07018832117319107,0.08754502981901169,0.3398926556110382,0.4734645187854767,0.6088252663612366,0.7465712428092957,0.1956925094127655,0.0,0.1912359316647053,0.0007303024863467105
38e2ed4ae63b65fb,cars196-convnext_tiny-regression-mds-N2-final-s0,finished,final,cars196,mds,regression,2,0,convnext_tiny,50.0,0.02250734157860279,0.18152748048305511,0.27056941390037537,0.3903578817844391,0.5198622345924377,0.0799761563539505,0.11279543489217758,0.40846750140190125,0.5259391665458679,0.6571258306503296,0.7924866080284119,0.2243257611989975,0.0,0.1932114477455616,0.0006677723662794075
38e2ed4ae63b65fb,cars196-convnext_tiny-regression-mds-N2-final-s0,finished,final,cars196,mds,regression,2,0,convnext_tiny,55.0,0.02581769786775112,0.2061247080564499,0.30193087458610535,0.4156930148601532,0.5463042855262756,0.0859866663813591,0.12921136617660522,0.42158615589141846,0.5629099607467651,0.692307710647583,0.7996422052383423,0.241009920835495,0.0,0.1938427884876728,0.0006021262785197906
38e2ed4ae63b65fb,cars196-convnext_tiny-regression-mds-N2-final-s0,finished,final,cars196,mds,regression,2,0,convnext_tiny,60.0,0.029760854318737984,0.22371171414852142,0.3268970549106598,0.44410282373428345,0.5664739608764648,0.09385029971599579,0.14816656708717346,0.4639236629009247,0.604054868221283,0.7197376489639282,0.8228980302810669,0.2610286474227905,0.0,0.19581595614552497,0.0005345870854756532
38e2ed4ae63b65fb,cars196-convnext_tiny-regression-mds-N2-final-s0,finished,final,cars196,mds,regression,2,0,convnext_tiny,65.0,0.03276462480425835,0.2393309623003006,0.3383347690105438,0.45529454946517944,0.5841839909553528,0.09837368130683899,0.16401544213294983,0.4907573163509369,0.6159809231758118,0.741800844669342,0.8443649411201477,0.2777900993824005,0.0,0.19370217949151994,0.0004664129145243469
38e2ed4ae63b65fb,cars196-convnext_tiny-regression-mds-N2-final-s0,finished,final,cars196,mds,regression,2,0,convnext_tiny,70.0,0.033155906945466995,0.24142171442508698,0.34079450368881226,0.4663633108139038,0.5882425308227539,0.09901373833417892,0.15827365219593048,0.5044722557067871,0.613595724105835,0.7262969613075256,0.8276684284210205,0.27159619331359863,0.0,0.19354464814066888,0.0003988737214802095
38e2ed4ae63b65fb,cars196-convnext_tiny-regression-mds-N2-final-s0,finished,final,cars196,mds,regression,2,0,convnext_tiny,75.0,0.035350777208805084,0.2521215081214905,0.3577665686607361,0.47657114267349243,0.5974664688110352,0.10218778997659683,0.17133864760398865,0.5050686001777649,0.6350626349449158,0.7531306147575378,0.8384019136428833,0.2855406701564789,0.0,0.1919458857178688,0.0003332276337205924
38e2ed4ae63b65fb,cars196-convnext_tiny-regression-mds-N2-final-s0,finished,final,cars196,mds,regression,2,0,convnext_tiny,80.0,0.034970153123140335,0.25704094767570496,0.3573976159095764,0.474234402179718,0.6002951860427856,0.10049867630004883,0.1690112054347992,0.5181872248649597,0.6362552046775818,0.7471675872802734,0.8401908278465271,0.2829073667526245,0.0,0.18923194259405135,0.00027069751365328947
38e2ed4ae63b65fb,cars196-convnext_tiny-regression-mds-N2-final-s0,finished,final,cars196,mds,regression,2,0,convnext_tiny,85.0,0.03629937767982483,0.2630672752857208,0.36822038888931274,0.4853031635284424,0.6053376197814941,0.10283195972442627,0.17229734361171722,0.5104352831840515,0.633273720741272,0.7471675872802734,0.8437686562538147,0.28428101539611816,0.0,0.18750057846307755,0.0002124481791036239
38e2ed4ae63b65fb,cars196-convnext_tiny-regression-mds-N2-final-s0,finished,final,cars196,mds,regression,2,0,convnext_tiny,90.0,0.035633206367492676,0.2527364492416382,0.3591194152832031,0.47903087735176086,0.6002951860427856,0.10161309689283371,0.1805541068315506,0.5211687684059143,0.6612999439239502,0.7596899271011353,0.8521168828010559,0.29325011372566223,0.0,0.1852460689842701,0.00015956470496228238
38e2ed4ae63b65fb,cars196-convnext_tiny-regression-mds-N2-final-s0,finished,final,cars196,mds,regression,2,0,convnext_tiny,95.0,0.036592524498701096,0.2599926292896271,0.36145615577697754,0.4791538417339325,0.601279079914093,0.10289519280195236,0.17533761262893677,0.5241502523422241,0.64400714635849,0.7650566697120667,0.8533094525337219,0.2878052592277527,0.0,0.1834447030723095,0.00011303221029314226
38e2ed4ae63b65fb,cars196-convnext_tiny-regression-mds-N2-final-s0,finished,final,cars196,mds,regression,2,0,convnext_tiny,100.0,0.03657159209251404,0.25802484154701233,0.3594883680343628,0.4854261577129364,0.6022629737854004,0.10263732075691223,0.17627403140068054,0.5259391665458679,0.6493738889694214,0.7644603252410889,0.8616577386856079,0.288332998752594,0.0,0.17970484107732773,7.371750742902897e-05
38e2ed4ae63b65fb,cars196-convnext_tiny-regression-mds-N2-final-s0,finished,final,cars196,mds,regression,2,0,convnext_tiny,105.0,0.03683856874704361,0.2560570538043976,0.36256304383277893,0.48001477122306824,0.6006641387939453,0.10321561992168427,0.1781473606824875,0.5235539674758911,0.6487776041030884,0.7596899271011353,0.8515205979347229,0.2901364266872406,0.0,0.17661546126008035,4.235295489802631e-05
38e2ed4ae63b65fb,cars196-convnext_tiny-regression-mds-N2-final-s0,finished,final,cars196,mds,regression,2,0,convnext_tiny,110.0,0.03704852983355522,0.2595006823539734,0.3599803149700165,0.48345836997032166,0.5994342565536499,0.10363206267356873,0.17947377264499664,0.5187835693359375,0.6547406315803528,0.7662492394447327,0.8491353392601013,0.29274535179138184,0.0,0.1764708712697029,1.9522814969774334e-05
38e2ed4ae63b65fb,cars196-convnext_tiny-regression-mds-N2-final-s0,finished,final,cars196,mds,regression,2,0,convnext_tiny,115.0,0.03717401623725891,0.25986963510513306,0.36096420884132385,0.48222851753234863,0.5994342565536499,0.10379009693861008,0.17934730648994446,0.5259391665458679,0.6505664587020874,0.761478841304779,0.8491353392601013,0.29274246096611023,0.0,0.1741761712729931,5.652369954852788e-06
38e2ed4ae63b65fb,cars196-convnext_tiny-regression-mds-N2-final-s0,finished,final,cars196,mds,regression,2,0,convnext_tiny,120.0,0.03705177456140518,0.25814783573150635,0.3619481027126312,0.4809986352920532,0.6007871031761169,0.10362948477268219,0.17901982367038727,0.5289207100868225,0.6457960605621338,0.7626714110374451,0.8509242534637451,0.29222801327705383,0.0,0.1765061980485916,1e-06
